priority	code_hex	native_character	page	x0	y0	x1	y1	status	original_status	safety_tier	arm9_aligned_le_hits	arm7_aligned_le_hits	warning
0	96A3	魅	5	15	15	29	29	reusable_full_cn	legacy_reusable	A_zero_text_and_code_refs	0	0	Valid only for the current full-Chinese translation snapshot.
1	96C2	鳴	5	210	15	224	29	reusable_full_cn	legacy_reusable	A_zero_text_and_code_refs	0	0	Valid only for the current full-Chinese translation snapshot.
2	E888	闊	5	210	120	224	134	reusable_full_cn	legacy_reusable	A_zero_text_and_code_refs	0	0	Valid only for the current full-Chinese translation snapshot.
3	9AD0	墟	5	0	120	14	134	reusable_full_cn	legacy_reusable	B_zero_text_refs_binary_hits	1	0	Valid only for the current full-Chinese translation snapshot.
4	8145	・	0	159	75	173	89	reusable_full_cn	used_original_script	A_zero_text_and_code_refs	0	0	Valid only for the current full-Chinese translation snapshot.
5	814B	゜	0	234	75	248	89	reusable_full_cn	reserved	A_zero_text_and_code_refs	0	0	Valid only for the current full-Chinese translation snapshot.
6	814C	´	0	0	90	14	104	reusable_full_cn	reserved	A_zero_text_and_code_refs	0	0	Valid only for the current full-Chinese translation snapshot.
7	814D	｀	0	15	90	29	104	reusable_full_cn	reserved	A_zero_text_and_code_refs	0	0	Valid only for the current full-Chinese translation snapshot.
8	814F	＾	0	30	90	44	104	reusable_full_cn	reserved	A_zero_text_and_code_refs	0	0	Valid only for the current full-Chinese translation snapshot.
9	8151	＿	0	60	90	74	104	reusable_full_cn	reserved	A_zero_text_and_code_refs	0	0	Valid only for the current full-Chinese translation snapshot.
10	8152	ヽ	0	75	90	89	104	reusable_full_cn	reserved	A_zero_text_and_code_refs	0	0	Valid only for the current full-Chinese translation snapshot.
11	815B	ー	0	120	90	134	104	reusable_full_cn	used_original_script	A_zero_text_and_code_refs	0	0	Valid only for the current full-Chinese translation snapshot.
12	8161	‖	0	195	90	209	104	reusable_full_cn	reserved	A_zero_text_and_code_refs	0	0	Valid only for the current full-Chinese translation snapshot.
13	8162	｜	0	210	90	224	104	reusable_full_cn	reserved	A_zero_text_and_code_refs	0	0	Valid only for the current full-Chinese translation snapshot.
14	8165	‘	0	240	90	254	104	reusable_full_cn	reserved	A_zero_text_and_code_refs	0	0	Valid only for the current full-Chinese translation snapshot.
15	8166	’	0	0	105	14	119	reusable_full_cn	reserved	A_zero_text_and_code_refs	0	0	Valid only for the current full-Chinese translation snapshot.
16	816F	｛	0	60	105	74	119	reusable_full_cn	reserved	A_zero_text_and_code_refs	0	0	Valid only for the current full-Chinese translation snapshot.
17	8170	｝	0	75	105	89	119	reusable_full_cn	reserved	A_zero_text_and_code_refs	0	0	Valid only for the current full-Chinese translation snapshot.
18	8173	《	0	90	105	104	119	reusable_full_cn	reserved	A_zero_text_and_code_refs	0	0	Valid only for the current full-Chinese translation snapshot.
19	8174	》	0	105	105	119	119	reusable_full_cn	reserved	A_zero_text_and_code_refs	0	0	Valid only for the current full-Chinese translation snapshot.
20	8175	「	0	120	105	134	119	reusable_full_cn	used_original_script	A_zero_text_and_code_refs	0	0	Valid only for the current full-Chinese translation snapshot.
21	8176	」	0	135	105	149	119	reusable_full_cn	used_original_script	A_zero_text_and_code_refs	0	0	Valid only for the current full-Chinese translation snapshot.
22	8177	『	0	150	105	164	119	reusable_full_cn	used_original_script	A_zero_text_and_code_refs	0	0	Valid only for the current full-Chinese translation snapshot.
23	8179	【	0	180	105	194	119	reusable_full_cn	reserved	A_zero_text_and_code_refs	0	0	Valid only for the current full-Chinese translation snapshot.
24	817A	】	0	195	105	209	119	reusable_full_cn	reserved	A_zero_text_and_code_refs	0	0	Valid only for the current full-Chinese translation snapshot.
25	8182	≠	0	30	120	44	134	reusable_full_cn	reserved	A_zero_text_and_code_refs	0	0	Valid only for the current full-Chinese translation snapshot.
26	8187	∞	0	90	120	104	134	reusable_full_cn	reserved	A_zero_text_and_code_refs	0	0	Valid only for the current full-Chinese translation snapshot.
27	8190	＄	0	120	120	134	134	reusable_full_cn	reserved	A_zero_text_and_code_refs	0	0	Valid only for the current full-Chinese translation snapshot.
28	8192	£	0	135	120	149	134	reusable_full_cn	reserved	A_zero_text_and_code_refs	0	0	Valid only for the current full-Chinese translation snapshot.
29	8193	％	0	150	120	164	134	reusable_full_cn	used_original_script	A_zero_text_and_code_refs	0	0	Valid only for the current full-Chinese translation snapshot.
30	8197	＠	0	210	120	224	134	reusable_full_cn	reserved	A_zero_text_and_code_refs	0	0	Valid only for the current full-Chinese translation snapshot.
31	8199	☆	0	225	120	239	134	reusable_full_cn	reserved	A_zero_text_and_code_refs	0	0	Valid only for the current full-Chinese translation snapshot.
32	819A	★	0	240	120	254	134	reusable_full_cn	reserved	A_zero_text_and_code_refs	0	0	Valid only for the current full-Chinese translation snapshot.
33	819B	○	0	0	135	14	149	reusable_full_cn	reserved	A_zero_text_and_code_refs	0	0	Valid only for the current full-Chinese translation snapshot.
34	819E	◇	0	30	135	44	149	reusable_full_cn	reserved	A_zero_text_and_code_refs	0	0	Valid only for the current full-Chinese translation snapshot.
35	819F	◆	0	45	135	59	149	reusable_full_cn	reserved	A_zero_text_and_code_refs	0	0	Valid only for the current full-Chinese translation snapshot.
36	81A6	※	0	75	135	89	149	reusable_full_cn	reserved	A_zero_text_and_code_refs	0	0	Valid only for the current full-Chinese translation snapshot.
37	81A9	←	0	105	135	119	149	reusable_full_cn	reserved	A_zero_text_and_code_refs	0	0	Valid only for the current full-Chinese translation snapshot.
38	81AB	↓	0	135	135	149	149	reusable_full_cn	reserved	A_zero_text_and_code_refs	0	0	Valid only for the current full-Chinese translation snapshot.
39	81B9	∋	0	150	135	164	149	reusable_full_cn	reserved	A_zero_text_and_code_refs	0	0	Valid only for the current full-Chinese translation snapshot.
40	81C9	∨	0	195	135	209	149	reusable_full_cn	reserved	A_zero_text_and_code_refs	0	0	Valid only for the current full-Chinese translation snapshot.
41	81CD	∀	0	210	135	224	149	reusable_full_cn	reserved	A_zero_text_and_code_refs	0	0	Valid only for the current full-Chinese translation snapshot.
42	81DA	∠	0	225	135	239	149	reusable_full_cn	reserved	A_zero_text_and_code_refs	0	0	Valid only for the current full-Chinese translation snapshot.
43	81DF	≡	0	0	150	14	164	reusable_full_cn	reserved	A_zero_text_and_code_refs	0	0	Valid only for the current full-Chinese translation snapshot.
44	81E0	≒	0	15	150	29	164	reusable_full_cn	reserved	A_zero_text_and_code_refs	0	0	Valid only for the current full-Chinese translation snapshot.
45	81E2	≫	0	30	150	44	164	reusable_full_cn	reserved	A_zero_text_and_code_refs	0	0	Valid only for the current full-Chinese translation snapshot.
46	81E3	√	0	45	150	59	164	reusable_full_cn	reserved	A_zero_text_and_code_refs	0	0	Valid only for the current full-Chinese translation snapshot.
47	824F	０	0	75	150	89	164	reusable_full_cn	used_original_script	A_zero_text_and_code_refs	0	0	Valid only for the current full-Chinese translation snapshot.
48	8253	４	0	135	150	149	164	reusable_full_cn	reserved	A_zero_text_and_code_refs	0	0	Valid only for the current full-Chinese translation snapshot.
49	8254	５	0	150	150	164	164	reusable_full_cn	used_original_script	A_zero_text_and_code_refs	0	0	Valid only for the current full-Chinese translation snapshot.
50	8255	６	0	165	150	179	164	reusable_full_cn	used_original_script	A_zero_text_and_code_refs	0	0	Valid only for the current full-Chinese translation snapshot.
51	8257	８	0	195	150	209	164	reusable_full_cn	used_original_script	A_zero_text_and_code_refs	0	0	Valid only for the current full-Chinese translation snapshot.
52	8265	Ｆ	0	45	165	59	179	reusable_full_cn	reserved	A_zero_text_and_code_refs	0	0	Valid only for the current full-Chinese translation snapshot.
53	8267	Ｈ	0	75	165	89	179	reusable_full_cn	reserved	A_zero_text_and_code_refs	0	0	Valid only for the current full-Chinese translation snapshot.
54	826B	Ｌ	0	135	165	149	179	reusable_full_cn	used_original_script	A_zero_text_and_code_refs	0	0	Valid only for the current full-Chinese translation snapshot.
55	826D	Ｎ	0	165	165	179	179	reusable_full_cn	reserved	A_zero_text_and_code_refs	0	0	Valid only for the current full-Chinese translation snapshot.
56	826E	Ｏ	0	180	165	194	179	reusable_full_cn	reserved	A_zero_text_and_code_refs	0	0	Valid only for the current full-Chinese translation snapshot.
57	8270	Ｑ	0	210	165	224	179	reusable_full_cn	reserved	A_zero_text_and_code_refs	0	0	Valid only for the current full-Chinese translation snapshot.
58	8271	Ｒ	0	225	165	239	179	reusable_full_cn	used_original_script	A_zero_text_and_code_refs	0	0	Valid only for the current full-Chinese translation snapshot.
59	8273	Ｔ	0	0	180	14	194	reusable_full_cn	used_original_script	A_zero_text_and_code_refs	0	0	Valid only for the current full-Chinese translation snapshot.
60	8274	Ｕ	0	15	180	29	194	reusable_full_cn	reserved	A_zero_text_and_code_refs	0	0	Valid only for the current full-Chinese translation snapshot.
61	8275	Ｖ	0	30	180	44	194	reusable_full_cn	used_original_script	A_zero_text_and_code_refs	0	0	Valid only for the current full-Chinese translation snapshot.
62	8277	Ｘ	0	60	180	74	194	reusable_full_cn	used_original_script	A_zero_text_and_code_refs	0	0	Valid only for the current full-Chinese translation snapshot.
63	8283	ｃ	0	135	180	149	194	reusable_full_cn	reserved	A_zero_text_and_code_refs	0	0	Valid only for the current full-Chinese translation snapshot.
64	8287	ｇ	0	195	180	209	194	reusable_full_cn	reserved	A_zero_text_and_code_refs	0	0	Valid only for the current full-Chinese translation snapshot.
65	8289	ｉ	0	225	180	239	194	reusable_full_cn	reserved	A_zero_text_and_code_refs	0	0	Valid only for the current full-Chinese translation snapshot.
66	828B	ｋ	0	0	195	14	209	reusable_full_cn	reserved	A_zero_text_and_code_refs	0	0	Valid only for the current full-Chinese translation snapshot.
67	828C	ｌ	0	15	195	29	209	reusable_full_cn	reserved	A_zero_text_and_code_refs	0	0	Valid only for the current full-Chinese translation snapshot.
68	828E	ｎ	0	45	195	59	209	reusable_full_cn	reserved	A_zero_text_and_code_refs	0	0	Valid only for the current full-Chinese translation snapshot.
69	828F	ｏ	0	60	195	74	209	reusable_full_cn	reserved	A_zero_text_and_code_refs	0	0	Valid only for the current full-Chinese translation snapshot.
70	8291	ｑ	0	90	195	104	209	reusable_full_cn	reserved	A_zero_text_and_code_refs	0	0	Valid only for the current full-Chinese translation snapshot.
71	8295	ｕ	0	150	195	164	209	reusable_full_cn	reserved	A_zero_text_and_code_refs	0	0	Valid only for the current full-Chinese translation snapshot.
72	8296	ｖ	0	165	195	179	209	reusable_full_cn	reserved	A_zero_text_and_code_refs	0	0	Valid only for the current full-Chinese translation snapshot.
73	8297	ｗ	0	180	195	194	209	reusable_full_cn	reserved	A_zero_text_and_code_refs	0	0	Valid only for the current full-Chinese translation snapshot.
74	8299	ｙ	0	210	195	224	209	reusable_full_cn	reserved	A_zero_text_and_code_refs	0	0	Valid only for the current full-Chinese translation snapshot.
75	829F	ぁ	0	240	195	254	209	reusable_full_cn	used_original_script	A_zero_text_and_code_refs	0	0	Valid only for the current full-Chinese translation snapshot.
76	82A1	ぃ	0	15	210	29	224	reusable_full_cn	used_original_script	A_zero_text_and_code_refs	0	0	Valid only for the current full-Chinese translation snapshot.
77	82A3	ぅ	0	45	210	59	224	reusable_full_cn	used_original_script	A_zero_text_and_code_refs	0	0	Valid only for the current full-Chinese translation snapshot.
78	82A4	う	0	60	210	74	224	reusable_full_cn	used_original_script	A_zero_text_and_code_refs	0	0	Valid only for the current full-Chinese translation snapshot.
79	82A5	ぇ	0	75	210	89	224	reusable_full_cn	used_original_script	A_zero_text_and_code_refs	0	0	Valid only for the current full-Chinese translation snapshot.
80	82A6	え	0	90	210	104	224	reusable_full_cn	used_original_script	A_zero_text_and_code_refs	0	0	Valid only for the current full-Chinese translation snapshot.
81	82A7	ぉ	0	105	210	119	224	reusable_full_cn	used_original_script	A_zero_text_and_code_refs	0	0	Valid only for the current full-Chinese translation snapshot.
82	82A9	か	0	135	210	149	224	reusable_full_cn	used_original_script	A_zero_text_and_code_refs	0	0	Valid only for the current full-Chinese translation snapshot.
83	82AA	が	0	150	210	164	224	reusable_full_cn	used_original_script	A_zero_text_and_code_refs	0	0	Valid only for the current full-Chinese translation snapshot.
84	82AB	き	0	165	210	179	224	reusable_full_cn	used_original_script	A_zero_text_and_code_refs	0	0	Valid only for the current full-Chinese translation snapshot.
85	82AD	く	0	195	210	209	224	reusable_full_cn	used_original_script	A_zero_text_and_code_refs	0	0	Valid only for the current full-Chinese translation snapshot.
86	82AE	ぐ	0	210	210	224	224	reusable_full_cn	used_original_script	A_zero_text_and_code_refs	0	0	Valid only for the current full-Chinese translation snapshot.
87	82AF	け	0	225	210	239	224	reusable_full_cn	used_original_script	A_zero_text_and_code_refs	0	0	Valid only for the current full-Chinese translation snapshot.
88	82B0	げ	0	240	210	254	224	reusable_full_cn	used_original_script	A_zero_text_and_code_refs	0	0	Valid only for the current full-Chinese translation snapshot.
89	82B3	さ	0	30	225	44	239	reusable_full_cn	used_original_script	A_zero_text_and_code_refs	0	0	Valid only for the current full-Chinese translation snapshot.
90	82B5	し	0	60	225	74	239	reusable_full_cn	used_original_script	A_zero_text_and_code_refs	0	0	Valid only for the current full-Chinese translation snapshot.
91	82B6	じ	0	75	225	89	239	reusable_full_cn	used_original_script	A_zero_text_and_code_refs	0	0	Valid only for the current full-Chinese translation snapshot.
92	82B7	す	0	90	225	104	239	reusable_full_cn	used_original_script	A_zero_text_and_code_refs	0	0	Valid only for the current full-Chinese translation snapshot.
93	82B9	せ	0	120	225	134	239	reusable_full_cn	used_original_script	A_zero_text_and_code_refs	0	0	Valid only for the current full-Chinese translation snapshot.
94	82BA	ぜ	0	135	225	149	239	reusable_full_cn	used_original_script	A_zero_text_and_code_refs	0	0	Valid only for the current full-Chinese translation snapshot.
95	82BB	そ	0	150	225	164	239	reusable_full_cn	used_original_script	A_zero_text_and_code_refs	0	0	Valid only for the current full-Chinese translation snapshot.
96	82C1	っ	0	240	225	254	239	reusable_full_cn	used_original_script	A_zero_text_and_code_refs	0	0	Valid only for the current full-Chinese translation snapshot.
97	82C2	つ	0	0	240	14	254	reusable_full_cn	used_original_script	A_zero_text_and_code_refs	0	0	Valid only for the current full-Chinese translation snapshot.
98	82C4	て	0	30	240	44	254	reusable_full_cn	used_original_script	A_zero_text_and_code_refs	0	0	Valid only for the current full-Chinese translation snapshot.
99	82C5	で	0	45	240	59	254	reusable_full_cn	used_original_script	A_zero_text_and_code_refs	0	0	Valid only for the current full-Chinese translation snapshot.
100	82C6	と	0	60	240	74	254	reusable_full_cn	used_original_script	A_zero_text_and_code_refs	0	0	Valid only for the current full-Chinese translation snapshot.
101	82C9	に	0	105	240	119	254	reusable_full_cn	used_original_script	A_zero_text_and_code_refs	0	0	Valid only for the current full-Chinese translation snapshot.
102	82CA	ぬ	0	120	240	134	254	reusable_full_cn	used_original_script	A_zero_text_and_code_refs	0	0	Valid only for the current full-Chinese translation snapshot.
103	82CB	ね	0	135	240	149	254	reusable_full_cn	used_original_script	A_zero_text_and_code_refs	0	0	Valid only for the current full-Chinese translation snapshot.
104	82CC	の	0	150	240	164	254	reusable_full_cn	used_original_script	A_zero_text_and_code_refs	0	0	Valid only for the current full-Chinese translation snapshot.
105	82CD	は	0	165	240	179	254	reusable_full_cn	used_original_script	A_zero_text_and_code_refs	0	0	Valid only for the current full-Chinese translation snapshot.
106	82CE	ば	0	180	240	194	254	reusable_full_cn	used_original_script	A_zero_text_and_code_refs	0	0	Valid only for the current full-Chinese translation snapshot.
107	82CF	ぱ	0	195	240	209	254	reusable_full_cn	used_original_script	A_zero_text_and_code_refs	0	0	Valid only for the current full-Chinese translation snapshot.
108	82D1	び	0	225	240	239	254	reusable_full_cn	used_original_script	A_zero_text_and_code_refs	0	0	Valid only for the current full-Chinese translation snapshot.
109	82D2	ぴ	0	240	240	254	254	reusable_full_cn	used_original_script	A_zero_text_and_code_refs	0	0	Valid only for the current full-Chinese translation snapshot.
110	82D3	ふ	1	0	0	14	14	reusable_full_cn	used_original_script	A_zero_text_and_code_refs	0	0	Valid only for the current full-Chinese translation snapshot.
111	82D4	ぶ	1	15	0	29	14	reusable_full_cn	used_original_script	A_zero_text_and_code_refs	0	0	Valid only for the current full-Chinese translation snapshot.
112	82D6	へ	1	45	0	59	14	reusable_full_cn	used_original_script	A_zero_text_and_code_refs	0	0	Valid only for the current full-Chinese translation snapshot.
113	82D8	ぺ	1	75	0	89	14	reusable_full_cn	used_original_script	A_zero_text_and_code_refs	0	0	Valid only for the current full-Chinese translation snapshot.
114	82D9	ほ	1	90	0	104	14	reusable_full_cn	used_original_script	A_zero_text_and_code_refs	0	0	Valid only for the current full-Chinese translation snapshot.
115	82DA	ぼ	1	105	0	119	14	reusable_full_cn	used_original_script	A_zero_text_and_code_refs	0	0	Valid only for the current full-Chinese translation snapshot.
116	82DB	ぽ	1	120	0	134	14	reusable_full_cn	used_original_script	A_zero_text_and_code_refs	0	0	Valid only for the current full-Chinese translation snapshot.
117	82DE	む	1	165	0	179	14	reusable_full_cn	used_original_script	A_zero_text_and_code_refs	0	0	Valid only for the current full-Chinese translation snapshot.
118	82E0	も	1	195	0	209	14	reusable_full_cn	used_original_script	A_zero_text_and_code_refs	0	0	Valid only for the current full-Chinese translation snapshot.
119	82E2	や	1	225	0	239	14	reusable_full_cn	used_original_script	A_zero_text_and_code_refs	0	0	Valid only for the current full-Chinese translation snapshot.
120	82E3	ゅ	1	240	0	254	14	reusable_full_cn	used_original_script	A_zero_text_and_code_refs	0	0	Valid only for the current full-Chinese translation snapshot.
121	82E5	ょ	1	15	15	29	29	reusable_full_cn	used_original_script	A_zero_text_and_code_refs	0	0	Valid only for the current full-Chinese translation snapshot.
122	82E6	よ	1	30	15	44	29	reusable_full_cn	used_original_script	A_zero_text_and_code_refs	0	0	Valid only for the current full-Chinese translation snapshot.
123	82E7	ら	1	45	15	59	29	reusable_full_cn	used_original_script	A_zero_text_and_code_refs	0	0	Valid only for the current full-Chinese translation snapshot.
124	82E8	り	1	60	15	74	29	reusable_full_cn	used_original_script	A_zero_text_and_code_refs	0	0	Valid only for the current full-Chinese translation snapshot.
125	82E9	る	1	75	15	89	29	reusable_full_cn	used_original_script	A_zero_text_and_code_refs	0	0	Valid only for the current full-Chinese translation snapshot.
126	82EB	ろ	1	105	15	119	29	reusable_full_cn	used_original_script	A_zero_text_and_code_refs	0	0	Valid only for the current full-Chinese translation snapshot.
127	82ED	わ	1	120	15	134	29	reusable_full_cn	used_original_script	A_zero_text_and_code_refs	0	0	Valid only for the current full-Chinese translation snapshot.
128	8341	ア	1	180	15	194	29	reusable_full_cn	used_original_script	A_zero_text_and_code_refs	0	0	Valid only for the current full-Chinese translation snapshot.
129	8342	ィ	1	195	15	209	29	reusable_full_cn	used_original_script	A_zero_text_and_code_refs	0	0	Valid only for the current full-Chinese translation snapshot.
130	8344	ゥ	1	225	15	239	29	reusable_full_cn	used_original_script	A_zero_text_and_code_refs	0	0	Valid only for the current full-Chinese translation snapshot.
131	8346	ェ	1	0	30	14	44	reusable_full_cn	used_original_script	A_zero_text_and_code_refs	0	0	Valid only for the current full-Chinese translation snapshot.
132	8347	エ	1	15	30	29	44	reusable_full_cn	used_original_script	A_zero_text_and_code_refs	0	0	Valid only for the current full-Chinese translation snapshot.
133	8349	オ	1	45	30	59	44	reusable_full_cn	used_original_script	A_zero_text_and_code_refs	0	0	Valid only for the current full-Chinese translation snapshot.
134	834A	カ	1	60	30	74	44	reusable_full_cn	used_original_script	A_zero_text_and_code_refs	0	0	Valid only for the current full-Chinese translation snapshot.
135	834B	ガ	1	75	30	89	44	reusable_full_cn	used_original_script	A_zero_text_and_code_refs	0	0	Valid only for the current full-Chinese translation snapshot.
136	834D	ギ	1	105	30	119	44	reusable_full_cn	used_original_script	A_zero_text_and_code_refs	0	0	Valid only for the current full-Chinese translation snapshot.
137	834E	ク	1	120	30	134	44	reusable_full_cn	used_original_script	A_zero_text_and_code_refs	0	0	Valid only for the current full-Chinese translation snapshot.
138	834F	グ	1	135	30	149	44	reusable_full_cn	used_original_script	A_zero_text_and_code_refs	0	0	Valid only for the current full-Chinese translation snapshot.
139	8351	ゲ	1	165	30	179	44	reusable_full_cn	used_original_script	A_zero_text_and_code_refs	0	0	Valid only for the current full-Chinese translation snapshot.
140	8352	コ	1	180	30	194	44	reusable_full_cn	used_original_script	A_zero_text_and_code_refs	0	0	Valid only for the current full-Chinese translation snapshot.
141	8353	ゴ	1	195	30	209	44	reusable_full_cn	used_original_script	A_zero_text_and_code_refs	0	0	Valid only for the current full-Chinese translation snapshot.
142	8355	ザ	1	225	30	239	44	reusable_full_cn	used_original_script	A_zero_text_and_code_refs	0	0	Valid only for the current full-Chinese translation snapshot.
143	8356	シ	1	240	30	254	44	reusable_full_cn	used_original_script	A_zero_text_and_code_refs	0	0	Valid only for the current full-Chinese translation snapshot.
144	8357	ジ	1	0	45	14	59	reusable_full_cn	used_original_script	A_zero_text_and_code_refs	0	0	Valid only for the current full-Chinese translation snapshot.
145	8358	ス	1	15	45	29	59	reusable_full_cn	used_original_script	A_zero_text_and_code_refs	0	0	Valid only for the current full-Chinese translation snapshot.
146	8359	ズ	1	30	45	44	59	reusable_full_cn	used_original_script	A_zero_text_and_code_refs	0	0	Valid only for the current full-Chinese translation snapshot.
147	835A	セ	1	45	45	59	59	reusable_full_cn	used_original_script	A_zero_text_and_code_refs	0	0	Valid only for the current full-Chinese translation snapshot.
148	835B	ゼ	1	60	45	74	59	reusable_full_cn	used_original_script	A_zero_text_and_code_refs	0	0	Valid only for the current full-Chinese translation snapshot.
149	835D	ゾ	1	90	45	104	59	reusable_full_cn	reserved	A_zero_text_and_code_refs	0	0	Valid only for the current full-Chinese translation snapshot.
150	835E	タ	1	105	45	119	59	reusable_full_cn	used_original_script	A_zero_text_and_code_refs	0	0	Valid only for the current full-Chinese translation snapshot.
151	835F	ダ	1	120	45	134	59	reusable_full_cn	used_original_script	A_zero_text_and_code_refs	0	0	Valid only for the current full-Chinese translation snapshot.
152	8360	チ	1	135	45	149	59	reusable_full_cn	used_original_script	A_zero_text_and_code_refs	0	0	Valid only for the current full-Chinese translation snapshot.
153	8361	ヂ	1	150	45	164	59	reusable_full_cn	reserved	A_zero_text_and_code_refs	0	0	Valid only for the current full-Chinese translation snapshot.
154	8363	ツ	1	180	45	194	59	reusable_full_cn	used_original_script	A_zero_text_and_code_refs	0	0	Valid only for the current full-Chinese translation snapshot.
155	8364	ヅ	1	195	45	209	59	reusable_full_cn	reserved	A_zero_text_and_code_refs	0	0	Valid only for the current full-Chinese translation snapshot.
156	8365	テ	1	210	45	224	59	reusable_full_cn	used_original_script	A_zero_text_and_code_refs	0	0	Valid only for the current full-Chinese translation snapshot.
157	8367	ト	1	240	45	254	59	reusable_full_cn	used_original_script	A_zero_text_and_code_refs	0	0	Valid only for the current full-Chinese translation snapshot.
158	8369	ナ	1	15	60	29	74	reusable_full_cn	used_original_script	A_zero_text_and_code_refs	0	0	Valid only for the current full-Chinese translation snapshot.
159	836A	ニ	1	30	60	44	74	reusable_full_cn	used_original_script	A_zero_text_and_code_refs	0	0	Valid only for the current full-Chinese translation snapshot.
160	836C	ネ	1	60	60	74	74	reusable_full_cn	used_original_script	A_zero_text_and_code_refs	0	0	Valid only for the current full-Chinese translation snapshot.
161	836D	ノ	1	75	60	89	74	reusable_full_cn	used_original_script	A_zero_text_and_code_refs	0	0	Valid only for the current full-Chinese translation snapshot.
162	836E	ハ	1	90	60	104	74	reusable_full_cn	used_original_script	A_zero_text_and_code_refs	0	0	Valid only for the current full-Chinese translation snapshot.
163	836F	バ	1	105	60	119	74	reusable_full_cn	used_original_script	A_zero_text_and_code_refs	0	0	Valid only for the current full-Chinese translation snapshot.
164	8371	ヒ	1	135	60	149	74	reusable_full_cn	used_original_script	A_zero_text_and_code_refs	0	0	Valid only for the current full-Chinese translation snapshot.
165	8372	ビ	1	150	60	164	74	reusable_full_cn	used_original_script	A_zero_text_and_code_refs	0	0	Valid only for the current full-Chinese translation snapshot.
166	8373	ピ	1	165	60	179	74	reusable_full_cn	used_original_script	A_zero_text_and_code_refs	0	0	Valid only for the current full-Chinese translation snapshot.
167	8375	ブ	1	195	60	209	74	reusable_full_cn	used_original_script	A_zero_text_and_code_refs	0	0	Valid only for the current full-Chinese translation snapshot.
168	8376	プ	1	210	60	224	74	reusable_full_cn	used_original_script	A_zero_text_and_code_refs	0	0	Valid only for the current full-Chinese translation snapshot.
169	8377	ヘ	1	225	60	239	74	reusable_full_cn	used_original_script	A_zero_text_and_code_refs	0	0	Valid only for the current full-Chinese translation snapshot.
170	837A	ホ	1	15	75	29	89	reusable_full_cn	used_original_script	A_zero_text_and_code_refs	0	0	Valid only for the current full-Chinese translation snapshot.
171	837B	ボ	1	30	75	44	89	reusable_full_cn	used_original_script	A_zero_text_and_code_refs	0	0	Valid only for the current full-Chinese translation snapshot.
172	837C	ポ	1	45	75	59	89	reusable_full_cn	used_original_script	A_zero_text_and_code_refs	0	0	Valid only for the current full-Chinese translation snapshot.
173	837D	マ	1	60	75	74	89	reusable_full_cn	used_original_script	A_zero_text_and_code_refs	0	0	Valid only for the current full-Chinese translation snapshot.
174	837E	ミ	1	75	75	89	89	reusable_full_cn	used_original_script	A_zero_text_and_code_refs	0	0	Valid only for the current full-Chinese translation snapshot.
175	8381	メ	1	105	75	119	89	reusable_full_cn	used_original_script	A_zero_text_and_code_refs	0	0	Valid only for the current full-Chinese translation snapshot.
176	8382	モ	1	120	75	134	89	reusable_full_cn	used_original_script	A_zero_text_and_code_refs	0	0	Valid only for the current full-Chinese translation snapshot.
177	8383	ャ	1	135	75	149	89	reusable_full_cn	used_original_script	A_zero_text_and_code_refs	0	0	Valid only for the current full-Chinese translation snapshot.
178	8386	ユ	1	180	75	194	89	reusable_full_cn	reserved	A_zero_text_and_code_refs	0	0	Valid only for the current full-Chinese translation snapshot.
179	8387	ョ	1	195	75	209	89	reusable_full_cn	used_original_script	A_zero_text_and_code_refs	0	0	Valid only for the current full-Chinese translation snapshot.
180	8389	ラ	1	225	75	239	89	reusable_full_cn	used_original_script	A_zero_text_and_code_refs	0	0	Valid only for the current full-Chinese translation snapshot.
181	838A	リ	1	240	75	254	89	reusable_full_cn	used_original_script	A_zero_text_and_code_refs	0	0	Valid only for the current full-Chinese translation snapshot.
182	838B	ル	1	0	90	14	104	reusable_full_cn	used_original_script	A_zero_text_and_code_refs	0	0	Valid only for the current full-Chinese translation snapshot.
183	838D	ロ	1	30	90	44	104	reusable_full_cn	used_original_script	A_zero_text_and_code_refs	0	0	Valid only for the current full-Chinese translation snapshot.
184	8393	ン	1	75	90	89	104	reusable_full_cn	used_original_script	A_zero_text_and_code_refs	0	0	Valid only for the current full-Chinese translation snapshot.
185	83BF	α	1	135	90	149	104	reusable_full_cn	reserved	A_zero_text_and_code_refs	0	0	Valid only for the current full-Chinese translation snapshot.
186	83C4	ζ	1	180	90	194	104	reusable_full_cn	reserved	A_zero_text_and_code_refs	0	0	Valid only for the current full-Chinese translation snapshot.
187	83C7	ι	1	195	90	209	104	reusable_full_cn	reserved	A_zero_text_and_code_refs	0	0	Valid only for the current full-Chinese translation snapshot.
188	83CC	ξ	1	210	90	224	104	reusable_full_cn	reserved	A_zero_text_and_code_refs	0	0	Valid only for the current full-Chinese translation snapshot.
189	83D6	ω	1	225	90	239	104	reusable_full_cn	reserved	A_zero_text_and_code_refs	0	0	Valid only for the current full-Chinese translation snapshot.
190	845E	Э	1	15	105	29	119	reusable_full_cn	reserved	A_zero_text_and_code_refs	0	0	Valid only for the current full-Chinese translation snapshot.
191	8474	д	1	30	105	44	119	reusable_full_cn	reserved	A_zero_text_and_code_refs	0	0	Valid only for the current full-Chinese translation snapshot.
192	8478	з	1	45	105	59	119	reusable_full_cn	reserved	A_zero_text_and_code_refs	0	0	Valid only for the current full-Chinese translation snapshot.
193	848F	э	1	60	105	74	119	reusable_full_cn	reserved	A_zero_text_and_code_refs	0	0	Valid only for the current full-Chinese translation snapshot.
194	849F	─	1	75	105	89	119	reusable_full_cn	reserved	A_zero_text_and_code_refs	0	0	Valid only for the current full-Chinese translation snapshot.
195	84AA	━	1	90	105	104	119	reusable_full_cn	reserved	A_zero_text_and_code_refs	0	0	Valid only for the current full-Chinese translation snapshot.
196	84AE	┛	1	105	105	119	119	reusable_full_cn	reserved	A_zero_text_and_code_refs	0	0	Valid only for the current full-Chinese translation snapshot.
197	875B		1	135	105	149	119	reusable_full_cn	reserved	A_zero_text_and_code_refs	0	0	Valid only for the current full-Chinese translation snapshot.
198	88AB	悪	1	180	105	194	119	reusable_full_cn	used_original_script	A_zero_text_and_code_refs	0	0	Valid only for the current full-Chinese translation snapshot.
199	88B3	圧	1	195	105	209	119	reusable_full_cn	used_original_script	A_zero_text_and_code_refs	0	0	Valid only for the current full-Chinese translation snapshot.
200	88B5	扱	1	210	105	224	119	reusable_full_cn	reserved	A_zero_text_and_code_refs	0	0	Valid only for the current full-Chinese translation snapshot.
201	88CD	囲	1	60	120	74	134	reusable_full_cn	used_original_script	A_zero_text_and_code_refs	0	0	Valid only for the current full-Chinese translation snapshot.
202	88D7	為	1	120	120	134	134	reusable_full_cn	reserved	A_zero_text_and_code_refs	0	0	Valid only for the current full-Chinese translation snapshot.
203	88D9	異	1	135	120	149	134	reusable_full_cn	used_original_script	A_zero_text_and_code_refs	0	0	Valid only for the current full-Chinese translation snapshot.
204	88E2	遺	1	195	120	209	134	reusable_full_cn	used_original_script	A_zero_text_and_code_refs	0	0	Valid only for the current full-Chinese translation snapshot.
205	88E3	医	1	210	120	224	134	reusable_full_cn	reserved	A_zero_text_and_code_refs	0	0	Valid only for the current full-Chinese translation snapshot.
206	88E6	域	1	240	120	254	134	reusable_full_cn	used_original_script	A_zero_text_and_code_refs	0	0	Valid only for the current full-Chinese translation snapshot.
207	88F5	員	1	60	135	74	149	reusable_full_cn	used_original_script	A_zero_text_and_code_refs	0	0	Valid only for the current full-Chinese translation snapshot.
208	8942	隠	1	105	135	119	149	reusable_full_cn	used_original_script	A_zero_text_and_code_refs	0	0	Valid only for the current full-Chinese translation snapshot.
209	8950	臼	1	165	135	179	149	reusable_full_cn	reserved	A_zero_text_and_code_refs	0	0	Valid only for the current full-Chinese translation snapshot.
210	8952	嘘	1	180	135	194	149	reusable_full_cn	reserved	A_zero_text_and_code_refs	0	0	Valid only for the current full-Chinese translation snapshot.
211	895E	運	1	225	135	239	149	reusable_full_cn	used_original_script	A_zero_text_and_code_refs	0	0	Valid only for the current full-Chinese translation snapshot.
212	8966	映	1	0	150	14	164	reusable_full_cn	reserved	A_zero_text_and_code_refs	0	0	Valid only for the current full-Chinese translation snapshot.
213	8973	鋭	1	60	150	74	164	reusable_full_cn	reserved	A_zero_text_and_code_refs	0	0	Valid only for the current full-Chinese translation snapshot.
214	8974	液	1	75	150	89	164	reusable_full_cn	reserved	A_zero_text_and_code_refs	0	0	Valid only for the current full-Chinese translation snapshot.
215	897E	円	1	105	150	119	164	reusable_full_cn	used_original_script	A_zero_text_and_code_refs	0	0	Valid only for the current full-Chinese translation snapshot.
216	8980	園	1	120	150	134	164	reusable_full_cn	used_original_script	A_zero_text_and_code_refs	0	0	Valid only for the current full-Chinese translation snapshot.
217	898C	煙	1	165	150	179	164	reusable_full_cn	reserved	A_zero_text_and_code_refs	0	0	Valid only for the current full-Chinese translation snapshot.
218	898E	猿	1	180	150	194	164	reusable_full_cn	used_original_script	A_zero_text_and_code_refs	0	0	Valid only for the current full-Chinese translation snapshot.
219	8993	遠	1	195	150	209	164	reusable_full_cn	used_original_script	A_zero_text_and_code_refs	0	0	Valid only for the current full-Chinese translation snapshot.
220	899E	応	1	225	150	239	164	reusable_full_cn	used_original_script	A_zero_text_and_code_refs	0	0	Valid only for the current full-Chinese translation snapshot.
221	899F	押	1	240	150	254	164	reusable_full_cn	used_original_script	A_zero_text_and_code_refs	0	0	Valid only for the current full-Chinese translation snapshot.
222	89A1	横	1	0	165	14	179	reusable_full_cn	used_original_script	A_zero_text_and_code_refs	0	0	Valid only for the current full-Chinese translation snapshot.
223	89AD	億	1	30	165	44	179	reusable_full_cn	reserved	A_zero_text_and_code_refs	0	0	Valid only for the current full-Chinese translation snapshot.
224	89AF	憶	1	60	165	74	179	reusable_full_cn	used_original_script	A_zero_text_and_code_refs	0	0	Valid only for the current full-Chinese translation snapshot.
225	89B3	乙	1	75	165	89	179	reusable_full_cn	reserved	A_zero_text_and_code_refs	0	0	Valid only for the current full-Chinese translation snapshot.
226	89B4	俺	1	90	165	104	179	reusable_full_cn	used_original_script	A_zero_text_and_code_refs	0	0	Valid only for the current full-Chinese translation snapshot.
227	89BC	仮	1	165	165	179	179	reusable_full_cn	reserved	A_zero_text_and_code_refs	0	0	Valid only for the current full-Chinese translation snapshot.
228	89BF	価	1	195	165	209	179	reusable_full_cn	reserved	A_zero_text_and_code_refs	0	0	Valid only for the current full-Chinese translation snapshot.
229	89C5	嫁	1	240	165	254	179	reusable_full_cn	reserved	A_zero_text_and_code_refs	0	0	Valid only for the current full-Chinese translation snapshot.
230	89C9	暇	1	30	180	44	194	reusable_full_cn	reserved	A_zero_text_and_code_refs	0	0	Valid only for the current full-Chinese translation snapshot.
231	89CC	歌	1	60	180	74	194	reusable_full_cn	reserved	A_zero_text_and_code_refs	0	0	Valid only for the current full-Chinese translation snapshot.
232	89D5	苛	1	105	180	119	194	reusable_full_cn	reserved	A_zero_text_and_code_refs	0	0	Valid only for the current full-Chinese translation snapshot.
233	89D7	荷	1	120	180	134	194	reusable_full_cn	reserved	A_zero_text_and_code_refs	0	0	Valid only for the current full-Chinese translation snapshot.
234	89D9	菓	1	135	180	149	194	reusable_full_cn	used_original_script	A_zero_text_and_code_refs	0	0	Valid only for the current full-Chinese translation snapshot.
235	89DB	課	1	150	180	164	194	reusable_full_cn	reserved	A_zero_text_and_code_refs	0	0	Valid only for the current full-Chinese translation snapshot.
236	89DF	過	1	165	180	179	194	reusable_full_cn	used_original_script	A_zero_text_and_code_refs	0	0	Valid only for the current full-Chinese translation snapshot.
237	89F3	壊	1	30	195	44	209	reusable_full_cn	used_original_script	A_zero_text_and_code_refs	0	0	Valid only for the current full-Chinese translation snapshot.
238	89F9	懐	1	90	195	104	209	reusable_full_cn	reserved	A_zero_text_and_code_refs	0	0	Valid only for the current full-Chinese translation snapshot.
239	89FA	戒	1	105	195	119	209	reusable_full_cn	reserved	A_zero_text_and_code_refs	0	0	Valid only for the current full-Chinese translation snapshot.
240	8A46	皆	1	165	195	179	209	reusable_full_cn	reserved	A_zero_text_and_code_refs	0	0	Valid only for the current full-Chinese translation snapshot.
241	8A47	絵	1	180	195	194	209	reusable_full_cn	reserved	A_zero_text_and_code_refs	0	0	Valid only for the current full-Chinese translation snapshot.
242	8A4A	開	1	195	195	209	209	reusable_full_cn	used_original_script	A_zero_text_and_code_refs	0	0	Valid only for the current full-Chinese translation snapshot.
243	8A67	拡	1	45	210	59	224	reusable_full_cn	reserved	A_zero_text_and_code_refs	0	0	Valid only for the current full-Chinese translation snapshot.
244	8A6D	確	1	90	210	104	224	reusable_full_cn	used_original_script	A_zero_text_and_code_refs	0	0	Valid only for the current full-Chinese translation snapshot.
245	8A6F	覚	1	105	210	119	224	reusable_full_cn	used_original_script	A_zero_text_and_code_refs	0	0	Valid only for the current full-Chinese translation snapshot.
246	8A72	較	1	135	210	149	224	reusable_full_cn	reserved	A_zero_text_and_code_refs	0	0	Valid only for the current full-Chinese translation snapshot.
247	8A7C	掛	1	195	210	209	224	reusable_full_cn	reserved	A_zero_text_and_code_refs	0	0	Valid only for the current full-Chinese translation snapshot.
248	8A84	割	1	210	210	224	224	reusable_full_cn	used_original_script	A_zero_text_and_code_refs	0	0	Valid only for the current full-Chinese translation snapshot.
249	8AA9	勧	1	15	225	29	239	reusable_full_cn	reserved	A_zero_text_and_code_refs	0	0	Valid only for the current full-Chinese translation snapshot.
250	8AAA	巻	1	30	225	44	239	reusable_full_cn	used_original_script	A_zero_text_and_code_refs	0	0	Valid only for the current full-Chinese translation snapshot.
251	8AAB	喚	1	45	225	59	239	reusable_full_cn	reserved	A_zero_text_and_code_refs	0	0	Valid only for the current full-Chinese translation snapshot.
252	8AAD	姦	1	60	225	74	239	reusable_full_cn	reserved	A_zero_text_and_code_refs	0	0	Valid only for the current full-Chinese translation snapshot.
253	8AB2	幹	1	90	225	104	239	reusable_full_cn	reserved	A_zero_text_and_code_refs	0	0	Valid only for the current full-Chinese translation snapshot.
254	8AB7	換	1	120	225	134	239	reusable_full_cn	used_original_script	A_zero_text_and_code_refs	0	0	Valid only for the current full-Chinese translation snapshot.
255	8AC8	簡	1	195	225	209	239	reusable_full_cn	used_original_script	A_zero_text_and_code_refs	0	0	Valid only for the current full-Chinese translation snapshot.
256	8ACF	観	1	225	225	239	239	reusable_full_cn	reserved	A_zero_text_and_code_refs	0	0	Valid only for the current full-Chinese translation snapshot.
257	8AD1	貫	1	240	225	254	239	reusable_full_cn	reserved	A_zero_text_and_code_refs	0	0	Valid only for the current full-Chinese translation snapshot.
258	8AD4	間	1	0	240	14	254	reusable_full_cn	used_original_script	A_zero_text_and_code_refs	0	0	Valid only for the current full-Chinese translation snapshot.
259	8AD5	閑	1	15	240	29	254	reusable_full_cn	reserved	A_zero_text_and_code_refs	0	0	Valid only for the current full-Chinese translation snapshot.
260	8AD6	関	1	30	240	44	254	reusable_full_cn	used_original_script	A_zero_text_and_code_refs	0	0	Valid only for the current full-Chinese translation snapshot.
261	8ADB	丸	1	45	240	59	254	reusable_full_cn	reserved	A_zero_text_and_code_refs	0	0	Valid only for the current full-Chinese translation snapshot.
262	8AE8	願	1	120	240	134	254	reusable_full_cn	used_original_script	A_zero_text_and_code_refs	0	0	Valid only for the current full-Chinese translation snapshot.
263	8AF1	寄	1	225	240	239	254	reusable_full_cn	used_original_script	A_zero_text_and_code_refs	0	0	Valid only for the current full-Chinese translation snapshot.
264	8AF2	岐	1	240	240	254	254	reusable_full_cn	reserved	A_zero_text_and_code_refs	0	0	Valid only for the current full-Chinese translation snapshot.
265	8B40	機	2	30	0	44	14	reusable_full_cn	used_original_script	A_zero_text_and_code_refs	0	0	Valid only for the current full-Chinese translation snapshot.
266	8B43	気	2	60	0	74	14	reusable_full_cn	used_original_script	A_zero_text_and_code_refs	0	0	Valid only for the current full-Chinese translation snapshot.
267	8B47	季	2	90	0	104	14	reusable_full_cn	reserved	A_zero_text_and_code_refs	0	0	Valid only for the current full-Chinese translation snapshot.
268	8B4B	規	2	105	0	119	14	reusable_full_cn	reserved	A_zero_text_and_code_refs	0	0	Valid only for the current full-Chinese translation snapshot.
269	8B4C	記	2	120	0	134	14	reusable_full_cn	used_original_script	A_zero_text_and_code_refs	0	0	Valid only for the current full-Chinese translation snapshot.
270	8B4D	貴	2	135	0	149	14	reusable_full_cn	used_original_script	A_zero_text_and_code_refs	0	0	Valid only for the current full-Chinese translation snapshot.
271	8B55	偽	2	195	0	209	14	reusable_full_cn	reserved	A_zero_text_and_code_refs	0	0	Valid only for the current full-Chinese translation snapshot.
272	8B56	儀	2	210	0	224	14	reusable_full_cn	reserved	A_zero_text_and_code_refs	0	0	Valid only for the current full-Chinese translation snapshot.
273	8B5D	犠	2	0	15	14	29	reusable_full_cn	used_original_script	A_zero_text_and_code_refs	0	0	Valid only for the current full-Chinese translation snapshot.
274	8B63	議	2	45	15	59	29	reusable_full_cn	used_original_script	A_zero_text_and_code_refs	0	0	Valid only for the current full-Chinese translation snapshot.
275	8B69	喫	2	75	15	89	29	reusable_full_cn	reserved	A_zero_text_and_code_refs	0	0	Valid only for the current full-Chinese translation snapshot.
276	8B6C	詰	2	90	15	104	29	reusable_full_cn	used_original_script	A_zero_text_and_code_refs	0	0	Valid only for the current full-Chinese translation snapshot.
277	8B74	逆	2	135	15	149	29	reusable_full_cn	used_original_script	A_zero_text_and_code_refs	0	0	Valid only for the current full-Chinese translation snapshot.
278	8B83	泣	2	15	30	29	44	reusable_full_cn	used_original_script	A_zero_text_and_code_refs	0	0	Valid only for the current full-Chinese translation snapshot.
279	8B87	窮	2	60	30	74	44	reusable_full_cn	used_original_script	A_zero_text_and_code_refs	0	0	Valid only for the current full-Chinese translation snapshot.
280	8B89	級	2	75	30	89	44	reusable_full_cn	used_original_script	A_zero_text_and_code_refs	0	0	Valid only for the current full-Chinese translation snapshot.
281	8B92	拠	2	135	30	149	44	reusable_full_cn	used_original_script	A_zero_text_and_code_refs	0	0	Valid only for the current full-Chinese translation snapshot.
282	8B93	挙	2	150	30	164	44	reusable_full_cn	reserved	A_zero_text_and_code_refs	0	0	Valid only for the current full-Chinese translation snapshot.
283	8B96	許	2	165	30	179	44	reusable_full_cn	used_original_script	A_zero_text_and_code_refs	0	0	Valid only for the current full-Chinese translation snapshot.
284	8B9B	魚	2	195	30	209	44	reusable_full_cn	reserved	A_zero_text_and_code_refs	0	0	Valid only for the current full-Chinese translation snapshot.
285	8B9E	京	2	210	30	224	44	reusable_full_cn	reserved	A_zero_text_and_code_refs	0	0	Valid only for the current full-Chinese translation snapshot.
286	8BA4	共	2	240	30	254	44	reusable_full_cn	reserved	A_zero_text_and_code_refs	0	0	Valid only for the current full-Chinese translation snapshot.
287	8BA6	協	2	15	45	29	59	reusable_full_cn	used_original_script	A_zero_text_and_code_refs	0	0	Valid only for the current full-Chinese translation snapshot.
288	8BB5	況	2	90	45	104	59	reusable_full_cn	used_original_script	A_zero_text_and_code_refs	0	0	Valid only for the current full-Chinese translation snapshot.
289	8BBA	脅	2	135	45	149	59	reusable_full_cn	used_original_script	A_zero_text_and_code_refs	0	0	Valid only for the current full-Chinese translation snapshot.
290	8BBB	興	2	150	45	164	59	reusable_full_cn	used_original_script	A_zero_text_and_code_refs	0	0	Valid only for the current full-Chinese translation snapshot.
291	8BBD	郷	2	165	45	179	59	reusable_full_cn	used_original_script	A_zero_text_and_code_refs	0	0	Valid only for the current full-Chinese translation snapshot.
292	8BBE	鏡	2	180	45	194	59	reusable_full_cn	reserved	A_zero_text_and_code_refs	0	0	Valid only for the current full-Chinese translation snapshot.
293	8BBF	響	2	195	45	209	59	reusable_full_cn	used_original_script	A_zero_text_and_code_refs	0	0	Valid only for the current full-Chinese translation snapshot.
294	8BC1	驚	2	210	45	224	59	reusable_full_cn	used_original_script	A_zero_text_and_code_refs	0	0	Valid only for the current full-Chinese translation snapshot.
295	8BC6	業	2	225	45	239	59	reusable_full_cn	used_original_script	A_zero_text_and_code_refs	0	0	Valid only for the current full-Chinese translation snapshot.
296	8BC8	曲	2	0	60	14	74	reusable_full_cn	reserved	A_zero_text_and_code_refs	0	0	Valid only for the current full-Chinese translation snapshot.
297	8BC9	極	2	15	60	29	74	reusable_full_cn	used_original_script	A_zero_text_and_code_refs	0	0	Valid only for the current full-Chinese translation snapshot.
298	8BCA	玉	2	30	60	44	74	reusable_full_cn	used_original_script	A_zero_text_and_code_refs	0	0	Valid only for the current full-Chinese translation snapshot.
299	8BCF	均	2	45	60	59	74	reusable_full_cn	reserved	A_zero_text_and_code_refs	0	0	Valid only for the current full-Chinese translation snapshot.
300	8BD6	禁	2	60	60	74	74	reusable_full_cn	reserved	A_zero_text_and_code_refs	0	0	Valid only for the current full-Chinese translation snapshot.
301	8BD9	緊	2	75	60	89	74	reusable_full_cn	used_original_script	A_zero_text_and_code_refs	0	0	Valid only for the current full-Chinese translation snapshot.
302	8BE2	銀	2	120	60	134	74	reusable_full_cn	used_original_script	A_zero_text_and_code_refs	0	0	Valid only for the current full-Chinese translation snapshot.
303	8BE4	倶	2	135	60	149	74	reusable_full_cn	reserved	A_zero_text_and_code_refs	0	0	Valid only for the current full-Chinese translation snapshot.
304	8BF2	喰	2	240	60	254	74	reusable_full_cn	reserved	A_zero_text_and_code_refs	0	0	Valid only for the current full-Chinese translation snapshot.
305	8BF8	串	2	15	75	29	89	reusable_full_cn	reserved	A_zero_text_and_code_refs	0	0	Valid only for the current full-Chinese translation snapshot.
306	8C45	窪	2	45	75	59	89	reusable_full_cn	reserved	A_zero_text_and_code_refs	0	0	Valid only for the current full-Chinese translation snapshot.
307	8C4E	君	2	75	75	89	89	reusable_full_cn	used_original_script	A_zero_text_and_code_refs	0	0	Valid only for the current full-Chinese translation snapshot.
308	8C50	訓	2	90	75	104	89	reusable_full_cn	used_original_script	A_zero_text_and_code_refs	0	0	Valid only for the current full-Chinese translation snapshot.
309	8C52	軍	2	120	75	134	89	reusable_full_cn	used_original_script	A_zero_text_and_code_refs	0	0	Valid only for the current full-Chinese translation snapshot.
310	8C59	刑	2	150	75	164	89	reusable_full_cn	reserved	A_zero_text_and_code_refs	0	0	Valid only for the current full-Chinese translation snapshot.
311	8C63	慶	2	225	75	239	89	reusable_full_cn	reserved	A_zero_text_and_code_refs	0	0	Valid only for the current full-Chinese translation snapshot.
312	8C65	憩	2	240	75	254	89	reusable_full_cn	used_original_script	A_zero_text_and_code_refs	0	0	Valid only for the current full-Chinese translation snapshot.
313	8C66	掲	2	0	90	14	104	reusable_full_cn	reserved	A_zero_text_and_code_refs	0	0	Valid only for the current full-Chinese translation snapshot.
314	8C67	携	2	15	90	29	104	reusable_full_cn	reserved	A_zero_text_and_code_refs	0	0	Valid only for the current full-Chinese translation snapshot.
315	8C69	景	2	45	90	59	104	reusable_full_cn	used_original_script	A_zero_text_and_code_refs	0	0	Valid only for the current full-Chinese translation snapshot.
316	8C70	継	2	90	90	104	104	reusable_full_cn	reserved	A_zero_text_and_code_refs	0	0	Valid only for the current full-Chinese translation snapshot.
317	8C79	軽	2	135	90	149	104	reusable_full_cn	used_original_script	A_zero_text_and_code_refs	0	0	Valid only for the current full-Chinese translation snapshot.
318	8C82	撃	2	165	90	179	104	reusable_full_cn	used_original_script	A_zero_text_and_code_refs	0	0	Valid only for the current full-Chinese translation snapshot.
319	8C8A	穴	2	225	90	239	104	reusable_full_cn	used_original_script	A_zero_text_and_code_refs	0	0	Valid only for the current full-Chinese translation snapshot.
320	8C8B	結	2	240	90	254	104	reusable_full_cn	used_original_script	A_zero_text_and_code_refs	0	0	Valid only for the current full-Chinese translation snapshot.
321	8C95	剣	2	60	105	74	119	reusable_full_cn	used_original_script	A_zero_text_and_code_refs	0	0	Valid only for the current full-Chinese translation snapshot.
322	8C99	嫌	2	90	105	104	119	reusable_full_cn	reserved	A_zero_text_and_code_refs	0	0	Valid only for the current full-Chinese translation snapshot.
323	8C9B	憲	2	120	105	134	119	reusable_full_cn	reserved	A_zero_text_and_code_refs	0	0	Valid only for the current full-Chinese translation snapshot.
324	8CA0	権	2	165	105	179	119	reusable_full_cn	used_original_script	A_zero_text_and_code_refs	0	0	Valid only for the current full-Chinese translation snapshot.
325	8CA2	犬	2	180	105	194	119	reusable_full_cn	reserved	A_zero_text_and_code_refs	0	0	Valid only for the current full-Chinese translation snapshot.
326	8CA7	県	2	210	105	224	119	reusable_full_cn	reserved	A_zero_text_and_code_refs	0	0	Valid only for the current full-Chinese translation snapshot.
327	8CAF	険	2	0	120	14	134	reusable_full_cn	used_original_script	A_zero_text_and_code_refs	0	0	Valid only for the current full-Chinese translation snapshot.
328	8CB5	厳	2	60	120	74	134	reusable_full_cn	reserved	A_zero_text_and_code_refs	0	0	Valid only for the current full-Chinese translation snapshot.
329	8CB8	減	2	75	120	89	134	reusable_full_cn	used_original_script	A_zero_text_and_code_refs	0	0	Valid only for the current full-Chinese translation snapshot.
330	8CC2	個	2	135	120	149	134	reusable_full_cn	used_original_script	A_zero_text_and_code_refs	0	0	Valid only for the current full-Chinese translation snapshot.
331	8CC5	固	2	180	120	194	134	reusable_full_cn	reserved	A_zero_text_and_code_refs	0	0	Valid only for the current full-Chinese translation snapshot.
332	8CC9	庫	2	225	120	239	134	reusable_full_cn	reserved	A_zero_text_and_code_refs	0	0	Valid only for the current full-Chinese translation snapshot.
333	8CDF	午	2	30	135	44	149	reusable_full_cn	reserved	A_zero_text_and_code_refs	0	0	Valid only for the current full-Chinese translation snapshot.
334	8CE3	後	2	45	135	59	149	reusable_full_cn	used_original_script	A_zero_text_and_code_refs	0	0	Valid only for the current full-Chinese translation snapshot.
335	8CEA	語	2	90	135	104	149	reusable_full_cn	used_original_script	A_zero_text_and_code_refs	0	0	Valid only for the current full-Chinese translation snapshot.
336	8CEB	誤	2	105	135	119	149	reusable_full_cn	used_original_script	A_zero_text_and_code_refs	0	0	Valid only for the current full-Chinese translation snapshot.
337	8CEC	護	2	120	135	134	149	reusable_full_cn	used_original_script	A_zero_text_and_code_refs	0	0	Valid only for the current full-Chinese translation snapshot.
338	8D4C	広	2	60	150	74	164	reusable_full_cn	used_original_script	A_zero_text_and_code_refs	0	0	Valid only for the current full-Chinese translation snapshot.
339	8D5A	校	2	150	150	164	164	reusable_full_cn	used_original_script	A_zero_text_and_code_refs	0	0	Valid only for the current full-Chinese translation snapshot.
340	8D65	稿	2	195	150	209	164	reusable_full_cn	reserved	A_zero_text_and_code_refs	0	0	Valid only for the current full-Chinese translation snapshot.
341	8D7C	鋼	2	0	165	14	179	reusable_full_cn	reserved	A_zero_text_and_code_refs	0	0	Valid only for the current full-Chinese translation snapshot.
342	8D80	項	2	30	165	44	179	reusable_full_cn	reserved	A_zero_text_and_code_refs	0	0	Valid only for the current full-Chinese translation snapshot.
343	8D81	香	2	45	165	59	179	reusable_full_cn	reserved	A_zero_text_and_code_refs	0	0	Valid only for the current full-Chinese translation snapshot.
344	8D95	黒	2	165	165	179	179	reusable_full_cn	reserved	A_zero_text_and_code_refs	0	0	Valid only for the current full-Chinese translation snapshot.
345	8D9E	込	2	210	165	224	179	reusable_full_cn	reserved	A_zero_text_and_code_refs	0	0	Valid only for the current full-Chinese translation snapshot.
346	8DA0	頃	2	225	165	239	179	reusable_full_cn	used_original_script	A_zero_text_and_code_refs	0	0	Valid only for the current full-Chinese translation snapshot.
347	8DB6	左	2	75	180	89	194	reusable_full_cn	reserved	A_zero_text_and_code_refs	0	0	Valid only for the current full-Chinese translation snapshot.
348	8DB8	査	2	105	180	119	194	reusable_full_cn	used_original_script	A_zero_text_and_code_refs	0	0	Valid only for the current full-Chinese translation snapshot.
349	8DBD	鎖	2	120	180	134	194	reusable_full_cn	reserved	A_zero_text_and_code_refs	0	0	Valid only for the current full-Chinese translation snapshot.
350	8DC1	挫	2	150	180	164	194	reusable_full_cn	reserved	A_zero_text_and_code_refs	0	0	Valid only for the current full-Chinese translation snapshot.
351	8DC7	塞	2	210	180	224	194	reusable_full_cn	reserved	A_zero_text_and_code_refs	0	0	Valid only for the current full-Chinese translation snapshot.
352	8DCE	歳	2	240	180	254	194	reusable_full_cn	used_original_script	A_zero_text_and_code_refs	0	0	Valid only for the current full-Chinese translation snapshot.
353	8DCF	済	2	0	195	14	209	reusable_full_cn	used_original_script	A_zero_text_and_code_refs	0	0	Valid only for the current full-Chinese translation snapshot.
354	8DD7	細	2	30	195	44	209	reusable_full_cn	used_original_script	A_zero_text_and_code_refs	0	0	Valid only for the current full-Chinese translation snapshot.
355	8DD8	菜	2	45	195	59	209	reusable_full_cn	reserved	A_zero_text_and_code_refs	0	0	Valid only for the current full-Chinese translation snapshot.
356	8DD9	裁	2	60	195	74	209	reusable_full_cn	reserved	A_zero_text_and_code_refs	0	0	Valid only for the current full-Chinese translation snapshot.
357	8DDA	載	2	75	195	89	209	reusable_full_cn	reserved	A_zero_text_and_code_refs	0	0	Valid only for the current full-Chinese translation snapshot.
358	8DDB	際	2	90	195	104	209	reusable_full_cn	reserved	A_zero_text_and_code_refs	0	0	Valid only for the current full-Chinese translation snapshot.
359	8DDF	罪	2	135	195	149	209	reusable_full_cn	used_original_script	A_zero_text_and_code_refs	0	0	Valid only for the current full-Chinese translation snapshot.
360	8DE3	阪	2	150	195	164	209	reusable_full_cn	reserved	A_zero_text_and_code_refs	0	0	Valid only for the current full-Chinese translation snapshot.
361	8DE9	埼	2	165	195	179	209	reusable_full_cn	reserved	A_zero_text_and_code_refs	0	0	Valid only for the current full-Chinese translation snapshot.
362	8DF4	策	2	225	195	239	209	reusable_full_cn	used_original_script	A_zero_text_and_code_refs	0	0	Valid only for the current full-Chinese translation snapshot.
363	8DFB	冊	2	0	210	14	224	reusable_full_cn	reserved	A_zero_text_and_code_refs	0	0	Valid only for the current full-Chinese translation snapshot.
364	8E45	殺	2	60	210	74	224	reusable_full_cn	used_original_script	A_zero_text_and_code_refs	0	0	Valid only for the current full-Chinese translation snapshot.
365	8E47	雑	2	75	210	89	224	reusable_full_cn	reserved	A_zero_text_and_code_refs	0	0	Valid only for the current full-Chinese translation snapshot.
366	8E4D	皿	2	105	210	119	224	reusable_full_cn	reserved	A_zero_text_and_code_refs	0	0	Valid only for the current full-Chinese translation snapshot.
367	8E4E	晒	2	120	210	134	224	reusable_full_cn	reserved	A_zero_text_and_code_refs	0	0	Valid only for the current full-Chinese translation snapshot.
368	8E59	産	2	210	210	224	224	reusable_full_cn	reserved	A_zero_text_and_code_refs	0	0	Valid only for the current full-Chinese translation snapshot.
369	8E5E	賛	2	240	210	254	224	reusable_full_cn	reserved	A_zero_text_and_code_refs	0	0	Valid only for the current full-Chinese translation snapshot.
370	8E61	斬	2	0	225	14	239	reusable_full_cn	used_original_script	A_zero_text_and_code_refs	0	0	Valid only for the current full-Chinese translation snapshot.
371	8E64	仕	2	30	225	44	239	reusable_full_cn	used_original_script	A_zero_text_and_code_refs	0	0	Valid only for the current full-Chinese translation snapshot.
372	8E69	司	2	60	225	74	239	reusable_full_cn	reserved	A_zero_text_and_code_refs	0	0	Valid only for the current full-Chinese translation snapshot.
373	8E6F	姉	2	120	225	134	239	reusable_full_cn	used_original_script	A_zero_text_and_code_refs	0	0	Valid only for the current full-Chinese translation snapshot.
374	8E85	糸	2	45	240	59	254	reusable_full_cn	used_original_script	A_zero_text_and_code_refs	0	0	Valid only for the current full-Chinese translation snapshot.
375	8E86	紙	2	60	240	74	254	reusable_full_cn	reserved	A_zero_text_and_code_refs	0	0	Valid only for the current full-Chinese translation snapshot.
376	8E8B	視	2	75	240	89	254	reusable_full_cn	used_original_script	A_zero_text_and_code_refs	0	0	Valid only for the current full-Chinese translation snapshot.
377	8E8C	詞	2	90	240	104	254	reusable_full_cn	reserved	A_zero_text_and_code_refs	0	0	Valid only for the current full-Chinese translation snapshot.
378	8E8D	詩	2	105	240	119	254	reusable_full_cn	reserved	A_zero_text_and_code_refs	0	0	Valid only for the current full-Chinese translation snapshot.
379	8E8E	試	2	120	240	134	254	reusable_full_cn	used_original_script	A_zero_text_and_code_refs	0	0	Valid only for the current full-Chinese translation snapshot.
380	8E91	資	2	135	240	149	254	reusable_full_cn	reserved	A_zero_text_and_code_refs	0	0	Valid only for the current full-Chinese translation snapshot.
381	8E95	歯	2	150	240	164	254	reusable_full_cn	used_original_script	A_zero_text_and_code_refs	0	0	Valid only for the current full-Chinese translation snapshot.
382	8E99	児	2	195	240	209	254	reusable_full_cn	used_original_script	A_zero_text_and_code_refs	0	0	Valid only for the current full-Chinese translation snapshot.
383	8E9E	時	2	240	240	254	254	reusable_full_cn	used_original_script	A_zero_text_and_code_refs	0	0	Valid only for the current full-Chinese translation snapshot.
384	8EAD	鹿	3	90	0	104	14	reusable_full_cn	reserved	A_zero_text_and_code_refs	0	0	Valid only for the current full-Chinese translation snapshot.
385	8EAF	識	3	120	0	134	14	reusable_full_cn	used_original_script	A_zero_text_and_code_refs	0	0	Valid only for the current full-Chinese translation snapshot.
386	8EB7	執	3	150	0	164	14	reusable_full_cn	used_original_script	A_zero_text_and_code_refs	0	0	Valid only for the current full-Chinese translation snapshot.
387	8EBA	室	3	180	0	194	14	reusable_full_cn	used_original_script	A_zero_text_and_code_refs	0	0	Valid only for the current full-Chinese translation snapshot.
388	8EC0	実	3	210	0	224	14	reusable_full_cn	used_original_script	A_zero_text_and_code_refs	0	0	Valid only for the current full-Chinese translation snapshot.
389	8EC5	芝	3	225	0	239	14	reusable_full_cn	used_original_script	A_zero_text_and_code_refs	0	0	Valid only for the current full-Chinese translation snapshot.
390	8EC9	舎	3	240	0	254	14	reusable_full_cn	reserved	A_zero_text_and_code_refs	0	0	Valid only for the current full-Chinese translation snapshot.
391	8ECA	写	3	0	15	14	29	reusable_full_cn	reserved	A_zero_text_and_code_refs	0	0	Valid only for the current full-Chinese translation snapshot.
392	8ECD	赦	3	30	15	44	29	reusable_full_cn	used_original_script	A_zero_text_and_code_refs	0	0	Valid only for the current full-Chinese translation snapshot.
393	8ED3	謝	3	75	15	89	29	reusable_full_cn	used_original_script	A_zero_text_and_code_refs	0	0	Valid only for the current full-Chinese translation snapshot.
394	8ED4	車	3	90	15	104	29	reusable_full_cn	used_original_script	A_zero_text_and_code_refs	0	0	Valid only for the current full-Chinese translation snapshot.
395	8EED	種	3	225	15	239	29	reusable_full_cn	used_original_script	A_zero_text_and_code_refs	0	0	Valid only for the current full-Chinese translation snapshot.
396	8EF0	酒	3	240	15	254	29	reusable_full_cn	reserved	A_zero_text_and_code_refs	0	0	Valid only for the current full-Chinese translation snapshot.
397	8EF4	呪	3	30	30	44	44	reusable_full_cn	used_original_script	A_zero_text_and_code_refs	0	0	Valid only for the current full-Chinese translation snapshot.
398	8EFB	収	3	60	30	74	44	reusable_full_cn	used_original_script	A_zero_text_and_code_refs	0	0	Valid only for the current full-Chinese translation snapshot.
399	8F48	秋	3	120	30	134	44	reusable_full_cn	reserved	A_zero_text_and_code_refs	0	0	Valid only for the current full-Chinese translation snapshot.
400	8F49	終	3	135	30	149	44	reusable_full_cn	used_original_script	A_zero_text_and_code_refs	0	0	Valid only for the current full-Chinese translation snapshot.
401	8F4B	習	3	150	30	164	44	reusable_full_cn	used_original_script	A_zero_text_and_code_refs	0	0	Valid only for the current full-Chinese translation snapshot.
402	8F50	襲	3	180	30	194	44	reusable_full_cn	used_original_script	A_zero_text_and_code_refs	0	0	Valid only for the current full-Chinese translation snapshot.
403	8F54	週	3	210	30	224	44	reusable_full_cn	used_original_script	A_zero_text_and_code_refs	0	0	Valid only for the current full-Chinese translation snapshot.
404	8F5D	従	3	15	45	29	59	reusable_full_cn	used_original_script	A_zero_text_and_code_refs	0	0	Valid only for the current full-Chinese translation snapshot.
405	8F60	汁	3	30	45	44	59	reusable_full_cn	reserved	A_zero_text_and_code_refs	0	0	Valid only for the current full-Chinese translation snapshot.
406	8F65	銃	3	60	45	74	59	reusable_full_cn	used_original_script	A_zero_text_and_code_refs	0	0	Valid only for the current full-Chinese translation snapshot.
407	8F68	宿	3	75	45	89	59	reusable_full_cn	reserved	A_zero_text_and_code_refs	0	0	Valid only for the current full-Chinese translation snapshot.
408	8F6B	縮	3	90	45	104	59	reusable_full_cn	reserved	A_zero_text_and_code_refs	0	0	Valid only for the current full-Chinese translation snapshot.
409	8F6D	塾	3	105	45	119	59	reusable_full_cn	used_original_script	A_zero_text_and_code_refs	0	0	Valid only for the current full-Chinese translation snapshot.
410	8F70	術	3	150	45	164	59	reusable_full_cn	used_original_script	A_zero_text_and_code_refs	0	0	Valid only for the current full-Chinese translation snapshot.
411	8F80	準	3	195	45	209	59	reusable_full_cn	reserved	A_zero_text_and_code_refs	0	0	Valid only for the current full-Chinese translation snapshot.
412	8F82	盾	3	210	45	224	59	reusable_full_cn	reserved	A_zero_text_and_code_refs	0	0	Valid only for the current full-Chinese translation snapshot.
413	8F83	純	3	225	45	239	59	reusable_full_cn	used_original_script	A_zero_text_and_code_refs	0	0	Valid only for the current full-Chinese translation snapshot.
414	8F88	処	3	0	60	14	74	reusable_full_cn	reserved	A_zero_text_and_code_refs	0	0	Valid only for the current full-Chinese translation snapshot.
415	8F8B	暑	3	45	60	59	74	reusable_full_cn	reserved	A_zero_text_and_code_refs	0	0	Valid only for the current full-Chinese translation snapshot.
416	8F8F	緒	3	60	60	74	74	reusable_full_cn	used_original_script	A_zero_text_and_code_refs	0	0	Valid only for the current full-Chinese translation snapshot.
417	8F90	署	3	75	60	89	74	reusable_full_cn	reserved	A_zero_text_and_code_refs	0	0	Valid only for the current full-Chinese translation snapshot.
418	8F91	書	3	90	60	104	74	reusable_full_cn	reserved	A_zero_text_and_code_refs	0	0	Valid only for the current full-Chinese translation snapshot.
419	8F99	徐	3	135	60	149	74	reusable_full_cn	used_original_script	A_zero_text_and_code_refs	0	0	Valid only for the current full-Chinese translation snapshot.
420	8F9D	傷	3	165	60	179	74	reusable_full_cn	used_original_script	A_zero_text_and_code_refs	0	0	Valid only for the current full-Chinese translation snapshot.
421	8F9F	勝	3	180	60	194	74	reusable_full_cn	used_original_script	A_zero_text_and_code_refs	0	0	Valid only for the current full-Chinese translation snapshot.
422	8FB0	床	3	15	75	29	89	reusable_full_cn	reserved	A_zero_text_and_code_refs	0	0	Valid only for the current full-Chinese translation snapshot.
423	8FBB	晶	3	60	75	74	89	reusable_full_cn	reserved	A_zero_text_and_code_refs	0	0	Valid only for the current full-Chinese translation snapshot.
424	8FC4	焼	3	105	75	119	89	reusable_full_cn	reserved	A_zero_text_and_code_refs	0	0	Valid only for the current full-Chinese translation snapshot.
425	8FD0	紹	3	165	75	179	89	reusable_full_cn	reserved	A_zero_text_and_code_refs	0	0	Valid only for the current full-Chinese translation snapshot.
426	8FD5	衝	3	180	75	194	89	reusable_full_cn	used_original_script	A_zero_text_and_code_refs	0	0	Valid only for the current full-Chinese translation snapshot.
427	8FD8	証	3	195	75	209	89	reusable_full_cn	used_original_script	A_zero_text_and_code_refs	0	0	Valid only for the current full-Chinese translation snapshot.
428	8FDA	詳	3	210	75	224	89	reusable_full_cn	reserved	A_zero_text_and_code_refs	0	0	Valid only for the current full-Chinese translation snapshot.
429	8FDC	賞	3	240	75	254	89	reusable_full_cn	used_original_script	A_zero_text_and_code_refs	0	0	Valid only for the current full-Chinese translation snapshot.
430	8FE4	丈	3	30	90	44	104	reusable_full_cn	used_original_script	A_zero_text_and_code_refs	0	0	Valid only for the current full-Chinese translation snapshot.
431	8FE6	乗	3	45	90	59	104	reusable_full_cn	used_original_script	A_zero_text_and_code_refs	0	0	Valid only for the current full-Chinese translation snapshot.
432	8FE7	冗	3	60	90	74	104	reusable_full_cn	used_original_script	A_zero_text_and_code_refs	0	0	Valid only for the current full-Chinese translation snapshot.
433	8FE8	剰	3	75	90	89	104	reusable_full_cn	used_original_script	A_zero_text_and_code_refs	0	0	Valid only for the current full-Chinese translation snapshot.
434	8FEA	場	3	90	90	104	104	reusable_full_cn	used_original_script	A_zero_text_and_code_refs	0	0	Valid only for the current full-Chinese translation snapshot.
435	8FFC	飾	3	165	90	179	104	reusable_full_cn	used_original_script	A_zero_text_and_code_refs	0	0	Valid only for the current full-Chinese translation snapshot.
436	9041	植	3	180	90	194	104	reusable_full_cn	reserved	A_zero_text_and_code_refs	0	0	Valid only for the current full-Chinese translation snapshot.
437	9052	審	3	75	105	89	119	reusable_full_cn	reserved	A_zero_text_and_code_refs	0	0	Valid only for the current full-Chinese translation snapshot.
438	9057	晋	3	135	105	149	119	reusable_full_cn	reserved	A_zero_text_and_code_refs	0	0	Valid only for the current full-Chinese translation snapshot.
439	9061	紳	3	210	105	224	119	reusable_full_cn	reserved	A_zero_text_and_code_refs	0	0	Valid only for the current full-Chinese translation snapshot.
440	9065	親	3	225	105	239	119	reusable_full_cn	used_original_script	A_zero_text_and_code_refs	0	0	Valid only for the current full-Chinese translation snapshot.
441	9069	進	3	0	120	14	134	reusable_full_cn	used_original_script	A_zero_text_and_code_refs	0	0	Valid only for the current full-Chinese translation snapshot.
442	9071	尋	3	60	120	74	134	reusable_full_cn	reserved	A_zero_text_and_code_refs	0	0	Valid only for the current full-Chinese translation snapshot.
443	9077	陣	3	75	120	89	134	reusable_full_cn	used_original_script	A_zero_text_and_code_refs	0	0	Valid only for the current full-Chinese translation snapshot.
444	907D	図	3	105	120	119	134	reusable_full_cn	used_original_script	A_zero_text_and_code_refs	0	0	Valid only for the current full-Chinese translation snapshot.
445	907E	厨	3	120	120	134	134	reusable_full_cn	reserved	A_zero_text_and_code_refs	0	0	Valid only for the current full-Chinese translation snapshot.
446	9084	推	3	165	120	179	134	reusable_full_cn	reserved	A_zero_text_and_code_refs	0	0	Valid only for the current full-Chinese translation snapshot.
447	9091	髄	3	210	120	224	134	reusable_full_cn	used_original_script	A_zero_text_and_code_refs	0	0	Valid only for the current full-Chinese translation snapshot.
448	9095	枢	3	240	120	254	134	reusable_full_cn	used_original_script	A_zero_text_and_code_refs	0	0	Valid only for the current full-Chinese translation snapshot.
449	90A1	寸	3	0	135	14	149	reusable_full_cn	used_original_script	A_zero_text_and_code_refs	0	0	Valid only for the current full-Chinese translation snapshot.
450	90BB	製	3	240	135	254	149	reusable_full_cn	reserved	A_zero_text_and_code_refs	0	0	Valid only for the current full-Chinese translation snapshot.
451	90CC	昔	3	90	150	104	164	reusable_full_cn	used_original_script	A_zero_text_and_code_refs	0	0	Valid only for the current full-Chinese translation snapshot.
452	90CF	積	3	135	150	149	164	reusable_full_cn	reserved	A_zero_text_and_code_refs	0	0	Valid only for the current full-Chinese translation snapshot.
453	90D1	績	3	150	150	164	164	reusable_full_cn	used_original_script	A_zero_text_and_code_refs	0	0	Valid only for the current full-Chinese translation snapshot.
454	90D3	責	3	165	150	179	164	reusable_full_cn	used_original_script	A_zero_text_and_code_refs	0	0	Valid only for the current full-Chinese translation snapshot.
455	90D5	跡	3	195	150	209	164	reusable_full_cn	used_original_script	A_zero_text_and_code_refs	0	0	Valid only for the current full-Chinese translation snapshot.
456	90DC	折	3	240	150	254	164	reusable_full_cn	reserved	A_zero_text_and_code_refs	0	0	Valid only for the current full-Chinese translation snapshot.
457	90DD	設	3	0	165	14	179	reusable_full_cn	reserved	A_zero_text_and_code_refs	0	0	Valid only for the current full-Chinese translation snapshot.
458	90DF	節	3	15	165	29	179	reusable_full_cn	reserved	A_zero_text_and_code_refs	0	0	Valid only for the current full-Chinese translation snapshot.
459	90E2	絶	3	60	165	74	179	reusable_full_cn	used_original_script	A_zero_text_and_code_refs	0	0	Valid only for the current full-Chinese translation snapshot.
460	90EA	専	3	150	165	164	179	reusable_full_cn	used_original_script	A_zero_text_and_code_refs	0	0	Valid only for the current full-Chinese translation snapshot.
461	90EC	川	3	165	165	179	179	reusable_full_cn	reserved	A_zero_text_and_code_refs	0	0	Valid only for the current full-Chinese translation snapshot.
462	90ED	戦	3	180	165	194	179	reusable_full_cn	used_original_script	A_zero_text_and_code_refs	0	0	Valid only for the current full-Chinese translation snapshot.
463	90FC	線	3	210	165	224	179	reusable_full_cn	used_original_script	A_zero_text_and_code_refs	0	0	Valid only for the current full-Chinese translation snapshot.
464	9146	詮	3	0	180	14	194	reusable_full_cn	reserved	A_zero_text_and_code_refs	0	0	Valid only for the current full-Chinese translation snapshot.
465	9148	践	3	15	180	29	194	reusable_full_cn	reserved	A_zero_text_and_code_refs	0	0	Valid only for the current full-Chinese translation snapshot.
466	914D	閃	3	45	180	59	194	reusable_full_cn	used_original_script	A_zero_text_and_code_refs	0	0	Valid only for the current full-Chinese translation snapshot.
467	914E	鮮	3	60	180	74	194	reusable_full_cn	reserved	A_zero_text_and_code_refs	0	0	Valid only for the current full-Chinese translation snapshot.
468	9156	膳	3	135	180	149	194	reusable_full_cn	reserved	A_zero_text_and_code_refs	0	0	Valid only for the current full-Chinese translation snapshot.
469	915F	狙	3	150	180	164	194	reusable_full_cn	used_original_script	A_zero_text_and_code_refs	0	0	Valid only for the current full-Chinese translation snapshot.
470	9162	礎	3	165	180	179	194	reusable_full_cn	reserved	A_zero_text_and_code_refs	0	0	Valid only for the current full-Chinese translation snapshot.
471	9167	組	3	195	180	209	194	reusable_full_cn	used_original_script	A_zero_text_and_code_refs	0	0	Valid only for the current full-Chinese translation snapshot.
472	9168	蘇	3	210	180	224	194	reusable_full_cn	reserved	A_zero_text_and_code_refs	0	0	Valid only for the current full-Chinese translation snapshot.
473	916E	創	3	240	180	254	194	reusable_full_cn	reserved	A_zero_text_and_code_refs	0	0	Valid only for the current full-Chinese translation snapshot.
474	9171	倉	3	15	195	29	209	reusable_full_cn	reserved	A_zero_text_and_code_refs	0	0	Valid only for the current full-Chinese translation snapshot.
475	9177	層	3	45	195	59	209	reusable_full_cn	reserved	A_zero_text_and_code_refs	0	0	Valid only for the current full-Chinese translation snapshot.
476	919B	騒	3	210	195	224	209	reusable_full_cn	used_original_script	A_zero_text_and_code_refs	0	0	Valid only for the current full-Chinese translation snapshot.
477	919D	増	3	240	195	254	209	reusable_full_cn	used_original_script	A_zero_text_and_code_refs	0	0	Valid only for the current full-Chinese translation snapshot.
478	919F	臓	3	15	210	29	224	reusable_full_cn	used_original_script	A_zero_text_and_code_refs	0	0	Valid only for the current full-Chinese translation snapshot.
479	91A4	側	3	45	210	59	224	reusable_full_cn	reserved	A_zero_text_and_code_refs	0	0	Valid only for the current full-Chinese translation snapshot.
480	91AA	測	3	105	210	119	224	reusable_full_cn	reserved	A_zero_text_and_code_refs	0	0	Valid only for the current full-Chinese translation snapshot.
481	91B1	続	3	180	210	194	224	reusable_full_cn	used_original_script	A_zero_text_and_code_refs	0	0	Valid only for the current full-Chinese translation snapshot.
482	91B7	孫	3	210	210	224	224	reusable_full_cn	used_original_script	A_zero_text_and_code_refs	0	0	Valid only for the current full-Chinese translation snapshot.
483	91B9	損	3	240	210	254	224	reusable_full_cn	used_original_script	A_zero_text_and_code_refs	0	0	Valid only for the current full-Chinese translation snapshot.
484	91CE	対	3	105	225	119	239	reusable_full_cn	used_original_script	A_zero_text_and_code_refs	0	0	Valid only for the current full-Chinese translation snapshot.
485	91DD	貸	3	195	225	209	239	reusable_full_cn	used_original_script	A_zero_text_and_code_refs	0	0	Valid only for the current full-Chinese translation snapshot.
486	91DF	逮	3	225	225	239	239	reusable_full_cn	reserved	A_zero_text_and_code_refs	0	0	Valid only for the current full-Chinese translation snapshot.
487	91E8	題	3	60	240	74	254	reusable_full_cn	used_original_script	A_zero_text_and_code_refs	0	0	Valid only for the current full-Chinese translation snapshot.
488	9242	達	3	135	240	149	254	reusable_full_cn	used_original_script	A_zero_text_and_code_refs	0	0	Valid only for the current full-Chinese translation snapshot.
489	924E	誰	3	180	240	194	254	reusable_full_cn	used_original_script	A_zero_text_and_code_refs	0	0	Valid only for the current full-Chinese translation snapshot.
490	9250	単	3	195	240	209	254	reusable_full_cn	used_original_script	A_zero_text_and_code_refs	0	0	Valid only for the current full-Chinese translation snapshot.
491	9261	誕	4	30	0	44	14	reusable_full_cn	used_original_script	A_zero_text_and_code_refs	0	0	Valid only for the current full-Chinese translation snapshot.
492	9263	団	4	60	0	74	14	reusable_full_cn	used_original_script	A_zero_text_and_code_refs	0	0	Valid only for the current full-Chinese translation snapshot.
493	9265	弾	4	75	0	89	14	reusable_full_cn	used_original_script	A_zero_text_and_code_refs	0	0	Valid only for the current full-Chinese translation snapshot.
494	926B	談	4	135	0	149	14	reusable_full_cn	used_original_script	A_zero_text_and_code_refs	0	0	Valid only for the current full-Chinese translation snapshot.
495	926C	値	4	150	0	164	14	reusable_full_cn	reserved	A_zero_text_and_code_refs	0	0	Valid only for the current full-Chinese translation snapshot.
496	9270	恥	4	195	0	209	14	reusable_full_cn	reserved	A_zero_text_and_code_refs	0	0	Valid only for the current full-Chinese translation snapshot.
497	9273	痴	4	210	0	224	14	reusable_full_cn	reserved	A_zero_text_and_code_refs	0	0	Valid only for the current full-Chinese translation snapshot.
498	9277	蜘	4	0	15	14	29	reusable_full_cn	reserved	A_zero_text_and_code_refs	0	0	Valid only for the current full-Chinese translation snapshot.
499	9278	遅	4	15	15	29	29	reusable_full_cn	used_original_script	A_zero_text_and_code_refs	0	0	Valid only for the current full-Chinese translation snapshot.
500	927A	築	4	30	15	44	29	reusable_full_cn	used_original_script	A_zero_text_and_code_refs	0	0	Valid only for the current full-Chinese translation snapshot.
501	928B	昼	4	120	15	134	29	reusable_full_cn	reserved	A_zero_text_and_code_refs	0	0	Valid only for the current full-Chinese translation snapshot.
502	92A1	庁	4	195	15	209	29	reusable_full_cn	reserved	A_zero_text_and_code_refs	0	0	Valid only for the current full-Chinese translation snapshot.
503	92A3	張	4	210	15	224	29	reusable_full_cn	reserved	A_zero_text_and_code_refs	0	0	Valid only for the current full-Chinese translation snapshot.
504	92AE	聴	4	45	30	59	44	reusable_full_cn	reserved	A_zero_text_and_code_refs	0	0	Valid only for the current full-Chinese translation snapshot.
505	92B7	長	4	90	30	104	44	reusable_full_cn	used_original_script	A_zero_text_and_code_refs	0	0	Valid only for the current full-Chinese translation snapshot.
506	92B9	鳥	4	105	30	119	44	reusable_full_cn	reserved	A_zero_text_and_code_refs	0	0	Valid only for the current full-Chinese translation snapshot.
507	92DE	釣	4	210	30	224	44	reusable_full_cn	reserved	A_zero_text_and_code_refs	0	0	Valid only for the current full-Chinese translation snapshot.
508	92E1	低	4	225	30	239	44	reusable_full_cn	reserved	A_zero_text_and_code_refs	0	0	Valid only for the current full-Chinese translation snapshot.
509	9345	摘	4	105	45	119	59	reusable_full_cn	reserved	A_zero_text_and_code_refs	0	0	Valid only for the current full-Chinese translation snapshot.
510	934B	適	4	150	45	164	59	reusable_full_cn	reserved	A_zero_text_and_code_refs	0	0	Valid only for the current full-Chinese translation snapshot.
511	934F	徹	4	165	45	179	59	reusable_full_cn	reserved	A_zero_text_and_code_refs	0	0	Valid only for the current full-Chinese translation snapshot.
512	9353	鉄	4	195	45	209	59	reusable_full_cn	reserved	A_zero_text_and_code_refs	0	0	Valid only for the current full-Chinese translation snapshot.
513	935D	転	4	15	60	29	74	reusable_full_cn	reserved	A_zero_text_and_code_refs	0	0	Valid only for the current full-Chinese translation snapshot.
514	9363	田	4	75	60	89	74	reusable_full_cn	reserved	A_zero_text_and_code_refs	0	0	Valid only for the current full-Chinese translation snapshot.
515	936B	徒	4	120	60	134	74	reusable_full_cn	reserved	A_zero_text_and_code_refs	0	0	Valid only for the current full-Chinese translation snapshot.
516	9379	土	4	225	60	239	74	reusable_full_cn	reserved	A_zero_text_and_code_refs	0	0	Valid only for the current full-Chinese translation snapshot.
517	937A	奴	4	240	60	254	74	reusable_full_cn	used_original_script	A_zero_text_and_code_refs	0	0	Valid only for the current full-Chinese translation snapshot.
518	9387	島	4	75	75	89	89	reusable_full_cn	used_original_script	A_zero_text_and_code_refs	0	0	Valid only for the current full-Chinese translation snapshot.
519	938C	東	4	120	75	134	89	reusable_full_cn	used_original_script	A_zero_text_and_code_refs	0	0	Valid only for the current full-Chinese translation snapshot.
520	9390	盗	4	135	75	149	89	reusable_full_cn	reserved	A_zero_text_and_code_refs	0	0	Valid only for the current full-Chinese translation snapshot.
521	939D	統	4	195	75	209	89	reusable_full_cn	reserved	A_zero_text_and_code_refs	0	0	Valid only for the current full-Chinese translation snapshot.
522	93A2	討	4	225	75	239	89	reusable_full_cn	used_original_script	A_zero_text_and_code_refs	0	0	Valid only for the current full-Chinese translation snapshot.
523	93AA	頭	4	30	90	44	104	reusable_full_cn	used_original_script	A_zero_text_and_code_refs	0	0	Valid only for the current full-Chinese translation snapshot.
524	93AD	働	4	60	90	74	104	reusable_full_cn	used_original_script	A_zero_text_and_code_refs	0	0	Valid only for the current full-Chinese translation snapshot.
525	93AE	動	4	75	90	89	104	reusable_full_cn	used_original_script	A_zero_text_and_code_refs	0	0	Valid only for the current full-Chinese translation snapshot.
526	93B1	導	4	120	90	134	104	reusable_full_cn	used_original_script	A_zero_text_and_code_refs	0	0	Valid only for the current full-Chinese translation snapshot.
527	93DE	奈	4	15	105	29	119	reusable_full_cn	reserved	A_zero_text_and_code_refs	0	0	Valid only for the current full-Chinese translation snapshot.
528	93E4	謎	4	45	105	59	119	reusable_full_cn	used_original_script	A_zero_text_and_code_refs	0	0	Valid only for the current full-Chinese translation snapshot.
529	93EF	難	4	60	105	74	119	reusable_full_cn	used_original_script	A_zero_text_and_code_refs	0	0	Valid only for the current full-Chinese translation snapshot.
530	9459	悩	4	225	105	239	119	reusable_full_cn	used_original_script	A_zero_text_and_code_refs	0	0	Valid only for the current full-Chinese translation snapshot.
531	945A	濃	4	240	105	254	119	reusable_full_cn	reserved	A_zero_text_and_code_refs	0	0	Valid only for the current full-Chinese translation snapshot.
532	945D	脳	4	30	120	44	134	reusable_full_cn	used_original_script	A_zero_text_and_code_refs	0	0	Valid only for the current full-Chinese translation snapshot.
533	946E	馬	4	90	120	104	134	reusable_full_cn	reserved	A_zero_text_and_code_refs	0	0	Valid only for the current full-Chinese translation snapshot.
534	9473	敗	4	120	120	134	134	reusable_full_cn	used_original_script	A_zero_text_and_code_refs	0	0	Valid only for the current full-Chinese translation snapshot.
535	9484	売	4	225	120	239	134	reusable_full_cn	used_original_script	A_zero_text_and_code_refs	0	0	Valid only for the current full-Chinese translation snapshot.
536	9499	漠	4	15	135	29	149	reusable_full_cn	reserved	A_zero_text_and_code_refs	0	0	Valid only for the current full-Chinese translation snapshot.
537	94AD	発	4	60	135	74	149	reusable_full_cn	used_original_script	A_zero_text_and_code_refs	0	0	Valid only for the current full-Chinese translation snapshot.
538	94AF	髪	4	75	135	89	149	reusable_full_cn	used_original_script	A_zero_text_and_code_refs	0	0	Valid only for the current full-Chinese translation snapshot.
539	94B1	罰	4	90	135	104	149	reusable_full_cn	reserved	A_zero_text_and_code_refs	0	0	Valid only for the current full-Chinese translation snapshot.
540	94B2	抜	4	105	135	119	149	reusable_full_cn	used_original_script	A_zero_text_and_code_refs	0	0	Valid only for the current full-Chinese translation snapshot.
541	94BB	判	4	120	135	134	149	reusable_full_cn	reserved	A_zero_text_and_code_refs	0	0	Valid only for the current full-Chinese translation snapshot.
542	94C0	搬	4	165	135	179	149	reusable_full_cn	reserved	A_zero_text_and_code_refs	0	0	Valid only for the current full-Chinese translation snapshot.
543	94C2	板	4	180	135	194	149	reusable_full_cn	reserved	A_zero_text_and_code_refs	0	0	Valid only for the current full-Chinese translation snapshot.
544	94C6	犯	4	210	135	224	149	reusable_full_cn	reserved	A_zero_text_and_code_refs	0	0	Valid only for the current full-Chinese translation snapshot.
545	94CC	販	4	240	135	254	149	reusable_full_cn	reserved	A_zero_text_and_code_refs	0	0	Valid only for the current full-Chinese translation snapshot.
546	94CD	範	4	0	150	14	164	reusable_full_cn	reserved	A_zero_text_and_code_refs	0	0	Valid only for the current full-Chinese translation snapshot.
547	94D1	飯	4	15	150	29	164	reusable_full_cn	used_original_script	A_zero_text_and_code_refs	0	0	Valid only for the current full-Chinese translation snapshot.
548	94E0	扉	4	75	150	89	164	reusable_full_cn	used_original_script	A_zero_text_and_code_refs	0	0	Valid only for the current full-Chinese translation snapshot.
549	94F5	備	4	195	150	209	164	reusable_full_cn	used_original_script	A_zero_text_and_code_refs	0	0	Valid only for the current full-Chinese translation snapshot.
550	9541	柊	4	0	165	14	179	reusable_full_cn	reserved	A_zero_text_and_code_refs	0	0	Valid only for the current full-Chinese translation snapshot.
551	9543	匹	4	15	165	29	179	reusable_full_cn	used_original_script	A_zero_text_and_code_refs	0	0	Valid only for the current full-Chinese translation snapshot.
552	9553	百	4	45	165	59	179	reusable_full_cn	reserved	A_zero_text_and_code_refs	0	0	Valid only for the current full-Chinese translation snapshot.
553	9557	標	4	60	165	74	179	reusable_full_cn	used_original_script	A_zero_text_and_code_refs	0	0	Valid only for the current full-Chinese translation snapshot.
554	955B	票	4	90	165	104	179	reusable_full_cn	reserved	A_zero_text_and_code_refs	0	0	Valid only for the current full-Chinese translation snapshot.
555	9560	描	4	120	165	134	179	reusable_full_cn	reserved	A_zero_text_and_code_refs	0	0	Valid only for the current full-Chinese translation snapshot.
556	9562	秒	4	150	165	164	179	reusable_full_cn	reserved	A_zero_text_and_code_refs	0	0	Valid only for the current full-Chinese translation snapshot.
557	9571	敏	4	180	165	194	179	reusable_full_cn	reserved	A_zero_text_and_code_refs	0	0	Valid only for the current full-Chinese translation snapshot.
558	9577	婦	4	240	165	254	179	reusable_full_cn	reserved	A_zero_text_and_code_refs	0	0	Valid only for the current full-Chinese translation snapshot.
559	9578	富	4	0	180	14	194	reusable_full_cn	reserved	A_zero_text_and_code_refs	0	0	Valid only for the current full-Chinese translation snapshot.
560	957E	敷	4	45	180	59	194	reusable_full_cn	used_original_script	A_zero_text_and_code_refs	0	0	Valid only for the current full-Chinese translation snapshot.
561	9582	浮	4	75	180	89	194	reusable_full_cn	used_original_script	A_zero_text_and_code_refs	0	0	Valid only for the current full-Chinese translation snapshot.
562	9589	負	4	105	180	119	194	reusable_full_cn	used_original_script	A_zero_text_and_code_refs	0	0	Valid only for the current full-Chinese translation snapshot.
563	958E	侮	4	120	180	134	194	reusable_full_cn	reserved	A_zero_text_and_code_refs	0	0	Valid only for the current full-Chinese translation snapshot.
564	959C	復	4	240	180	254	194	reusable_full_cn	used_original_script	A_zero_text_and_code_refs	0	0	Valid only for the current full-Chinese translation snapshot.
565	95A0	腹	4	30	195	44	209	reusable_full_cn	used_original_script	A_zero_text_and_code_refs	0	0	Valid only for the current full-Chinese translation snapshot.
566	95A5	払	4	60	195	74	209	reusable_full_cn	used_original_script	A_zero_text_and_code_refs	0	0	Valid only for the current full-Chinese translation snapshot.
567	95B5	雰	4	150	195	164	209	reusable_full_cn	used_original_script	A_zero_text_and_code_refs	0	0	Valid only for the current full-Chinese translation snapshot.
568	95B7	聞	4	180	195	194	209	reusable_full_cn	used_original_script	A_zero_text_and_code_refs	0	0	Valid only for the current full-Chinese translation snapshot.
569	95C2	閉	4	240	195	254	209	reusable_full_cn	used_original_script	A_zero_text_and_code_refs	0	0	Valid only for the current full-Chinese translation snapshot.
570	95C4	米	4	0	210	14	224	reusable_full_cn	reserved	A_zero_text_and_code_refs	0	0	Valid only for the current full-Chinese translation snapshot.
571	95CF	変	4	60	210	74	224	reusable_full_cn	used_original_script	A_zero_text_and_code_refs	0	0	Valid only for the current full-Chinese translation snapshot.
572	95D2	編	4	90	210	104	224	reusable_full_cn	reserved	A_zero_text_and_code_refs	0	0	Valid only for the current full-Chinese translation snapshot.
573	95D9	弁	4	165	210	179	224	reusable_full_cn	reserved	A_zero_text_and_code_refs	0	0	Valid only for the current full-Chinese translation snapshot.
574	95E2	補	4	225	210	239	224	reusable_full_cn	reserved	A_zero_text_and_code_refs	0	0	Valid only for the current full-Chinese translation snapshot.
575	95E5	募	4	240	210	254	224	reusable_full_cn	reserved	A_zero_text_and_code_refs	0	0	Valid only for the current full-Chinese translation snapshot.
576	95E9	暮	4	15	225	29	239	reusable_full_cn	used_original_script	A_zero_text_and_code_refs	0	0	Valid only for the current full-Chinese translation snapshot.
577	95F0	呆	4	60	225	74	239	reusable_full_cn	reserved	A_zero_text_and_code_refs	0	0	Valid only for the current full-Chinese translation snapshot.
578	95F1	報	4	75	225	89	239	reusable_full_cn	used_original_script	A_zero_text_and_code_refs	0	0	Valid only for the current full-Chinese translation snapshot.
579	9643	砲	4	165	225	179	239	reusable_full_cn	used_original_script	A_zero_text_and_code_refs	0	0	Valid only for the current full-Chinese translation snapshot.
580	964B	訪	4	195	225	209	239	reusable_full_cn	used_original_script	A_zero_text_and_code_refs	0	0	Valid only for the current full-Chinese translation snapshot.
581	964F	飽	4	225	225	239	239	reusable_full_cn	reserved	A_zero_text_and_code_refs	0	0	Valid only for the current full-Chinese translation snapshot.
582	9656	坊	4	15	240	29	254	reusable_full_cn	used_original_script	A_zero_text_and_code_refs	0	0	Valid only for the current full-Chinese translation snapshot.
583	965B	房	4	60	240	74	254	reusable_full_cn	reserved	A_zero_text_and_code_refs	0	0	Valid only for the current full-Chinese translation snapshot.
584	9664	謀	4	150	240	164	254	reusable_full_cn	used_original_script	A_zero_text_and_code_refs	0	0	Valid only for the current full-Chinese translation snapshot.
585	966C	僕	4	195	240	209	254	reusable_full_cn	reserved	A_zero_text_and_code_refs	0	0	Valid only for the current full-Chinese translation snapshot.
586	966F	撲	4	210	240	224	254	reusable_full_cn	reserved	A_zero_text_and_code_refs	0	0	Valid only for the current full-Chinese translation snapshot.
587	9688	毎	5	120	0	134	14	reusable_full_cn	used_original_script	A_zero_text_and_code_refs	0	0	Valid only for the current full-Chinese translation snapshot.
588	969E	満	5	225	0	239	14	reusable_full_cn	used_original_script	A_zero_text_and_code_refs	0	0	Valid only for the current full-Chinese translation snapshot.
589	96B2	夢	5	90	15	104	29	reusable_full_cn	used_original_script	A_zero_text_and_code_refs	0	0	Valid only for the current full-Chinese translation snapshot.
590	96BA	娘	5	135	15	149	29	reusable_full_cn	used_original_script	A_zero_text_and_code_refs	0	0	Valid only for the current full-Chinese translation snapshot.
591	96C0	迷	5	195	15	209	29	reusable_full_cn	used_original_script	A_zero_text_and_code_refs	0	0	Valid only for the current full-Chinese translation snapshot.
592	96C5	滅	5	225	15	239	29	reusable_full_cn	used_original_script	A_zero_text_and_code_refs	0	0	Valid only for the current full-Chinese translation snapshot.
593	96D9	黙	5	45	30	59	44	reusable_full_cn	used_original_script	A_zero_text_and_code_refs	0	0	Valid only for the current full-Chinese translation snapshot.
594	96DF	戻	5	75	30	89	44	reusable_full_cn	used_original_script	A_zero_text_and_code_refs	0	0	Valid only for the current full-Chinese translation snapshot.
595	96F1	約	5	195	30	209	44	reusable_full_cn	used_original_script	A_zero_text_and_code_refs	0	0	Valid only for the current full-Chinese translation snapshot.
596	96F4	躍	5	240	30	254	44	reusable_full_cn	used_original_script	A_zero_text_and_code_refs	0	0	Valid only for the current full-Chinese translation snapshot.
597	9754	裕	5	90	45	104	59	reusable_full_cn	used_original_script	A_zero_text_and_code_refs	0	0	Valid only for the current full-Chinese translation snapshot.
598	9755	誘	5	105	45	119	59	reusable_full_cn	used_original_script	A_zero_text_and_code_refs	0	0	Valid only for the current full-Chinese translation snapshot.
599	9756	遊	5	120	45	134	59	reusable_full_cn	used_original_script	A_zero_text_and_code_refs	0	0	Valid only for the current full-Chinese translation snapshot.
600	976C	様	5	15	60	29	74	reusable_full_cn	used_original_script	A_zero_text_and_code_refs	0	0	Valid only for the current full-Chinese translation snapshot.
601	9774	葉	5	60	60	74	74	reusable_full_cn	used_original_script	A_zero_text_and_code_refs	0	0	Valid only for the current full-Chinese translation snapshot.
602	977A	陽	5	90	60	104	74	reusable_full_cn	used_original_script	A_zero_text_and_code_refs	0	0	Valid only for the current full-Chinese translation snapshot.
603	977B	養	5	105	60	119	74	reusable_full_cn	used_original_script	A_zero_text_and_code_refs	0	0	Valid only for the current full-Chinese translation snapshot.
604	977D	抑	5	120	60	134	74	reusable_full_cn	used_original_script	A_zero_text_and_code_refs	0	0	Valid only for the current full-Chinese translation snapshot.
605	9782	翌	5	150	60	164	74	reusable_full_cn	used_original_script	A_zero_text_and_code_refs	0	0	Valid only for the current full-Chinese translation snapshot.
606	978A	頼	5	195	60	209	74	reusable_full_cn	used_original_script	A_zero_text_and_code_refs	0	0	Valid only for the current full-Chinese translation snapshot.
607	9792	嵐	5	0	75	14	89	reusable_full_cn	used_original_script	A_zero_text_and_code_refs	0	0	Valid only for the current full-Chinese translation snapshot.
608	97B4	龍	5	165	75	179	89	reusable_full_cn	used_original_script	A_zero_text_and_code_refs	0	0	Valid only for the current full-Chinese translation snapshot.
609	97B6	慮	5	180	75	194	89	reusable_full_cn	used_original_script	A_zero_text_and_code_refs	0	0	Valid only for the current full-Chinese translation snapshot.
610	97C7	良	5	0	90	14	104	reusable_full_cn	used_original_script	A_zero_text_and_code_refs	0	0	Valid only for the current full-Chinese translation snapshot.
611	97DE	類	5	60	90	74	104	reusable_full_cn	used_original_script	A_zero_text_and_code_refs	0	0	Valid only for the current full-Chinese translation snapshot.
612	97E1	例	5	90	90	104	104	reusable_full_cn	used_original_script	A_zero_text_and_code_refs	0	0	Valid only for the current full-Chinese translation snapshot.
613	97F0	歴	5	135	90	149	104	reusable_full_cn	used_original_script	A_zero_text_and_code_refs	0	0	Valid only for the current full-Chinese translation snapshot.
614	97FB	練	5	225	90	239	104	reusable_full_cn	used_original_script	A_zero_text_and_code_refs	0	0	Valid only for the current full-Chinese translation snapshot.
615	984A	労	5	30	105	44	119	reusable_full_cn	used_original_script	A_zero_text_and_code_refs	0	0	Valid only for the current full-Chinese translation snapshot.
616	9862	話	5	180	105	194	119	reusable_full_cn	used_original_script	A_zero_text_and_code_refs	0	0	Valid only for the current full-Chinese translation snapshot.
617	9BB3	峙	5	30	120	44	134	reusable_full_cn	used_original_script	A_zero_text_and_code_refs	0	0	Valid only for the current full-Chinese translation snapshot.
618	E94C	餃	5	240	120	254	134	reusable_full_cn	used_original_script	A_zero_text_and_code_refs	0	0	Valid only for the current full-Chinese translation snapshot.
619	8150	￣	0	45	90	59	104	reusable_full_cn	reserved	B_zero_text_refs_binary_hits	0	1	Valid only for the current full-Chinese translation snapshot.
620	815E	／	0	150	90	164	104	reusable_full_cn	reserved	B_zero_text_refs_binary_hits	0	1	Valid only for the current full-Chinese translation snapshot.
621	817C	−	0	225	105	239	119	reusable_full_cn	reserved	B_zero_text_refs_binary_hits	0	1	Valid only for the current full-Chinese translation snapshot.
622	817E	×	0	240	105	254	119	reusable_full_cn	reserved	B_zero_text_refs_binary_hits	0	1	Valid only for the current full-Chinese translation snapshot.
623	81AA	↑	0	120	135	134	149	reusable_full_cn	reserved	B_zero_text_refs_binary_hits	0	1	Valid only for the current full-Chinese translation snapshot.
624	8380	ム	1	90	75	104	89	reusable_full_cn	used_original_script	B_zero_text_refs_binary_hits	0	1	Valid only for the current full-Chinese translation snapshot.
625	88EE	稲	1	30	135	44	149	reusable_full_cn	reserved	B_zero_text_refs_binary_hits	0	1	Valid only for the current full-Chinese translation snapshot.
626	8949	迂	1	150	135	164	149	reusable_full_cn	reserved	B_zero_text_refs_binary_hits	0	1	Valid only for the current full-Chinese translation snapshot.
627	89B9	音	1	120	165	134	179	reusable_full_cn	reserved	B_zero_text_refs_binary_hits	0	1	Valid only for the current full-Chinese translation snapshot.
628	89EE	介	1	225	180	239	194	reusable_full_cn	reserved	B_zero_text_refs_binary_hits	0	1	Valid only for the current full-Chinese translation snapshot.
629	8A79	楽	1	165	210	179	224	reusable_full_cn	used_original_script	B_zero_text_refs_binary_hits	0	1	Valid only for the current full-Chinese translation snapshot.
630	8ABF	漢	1	135	225	149	239	reusable_full_cn	reserved	B_zero_text_refs_binary_hits	0	1	Valid only for the current full-Chinese translation snapshot.
631	8AC4	監	1	165	225	179	239	reusable_full_cn	used_original_script	B_zero_text_refs_binary_hits	0	1	Valid only for the current full-Chinese translation snapshot.
632	8BAD	強	2	45	45	59	59	reusable_full_cn	used_original_script	B_zero_text_refs_binary_hits	0	1	Valid only for the current full-Chinese translation snapshot.
633	8C9F	検	2	150	105	164	119	reusable_full_cn	reserved	B_zero_text_refs_binary_hits	0	1	Valid only for the current full-Chinese translation snapshot.
634	8DF0	昨	2	210	195	224	209	reusable_full_cn	reserved	B_zero_text_refs_binary_hits	0	1	Valid only for the current full-Chinese translation snapshot.
635	8ECC	捨	3	15	15	29	29	reusable_full_cn	reserved	B_zero_text_refs_binary_hits	0	1	Valid only for the current full-Chinese translation snapshot.
636	8EF5	寿	3	45	30	59	44	reusable_full_cn	reserved	B_zero_text_refs_binary_hits	0	1	Valid only for the current full-Chinese translation snapshot.
637	8F51	讐	3	195	30	209	44	reusable_full_cn	used_original_script	B_zero_text_refs_binary_hits	0	1	Valid only for the current full-Chinese translation snapshot.
638	8F87	順	3	240	45	254	59	reusable_full_cn	used_original_script	B_zero_text_refs_binary_hits	0	1	Valid only for the current full-Chinese translation snapshot.
639	918D	総	3	150	195	164	209	reusable_full_cn	reserved	B_zero_text_refs_binary_hits	0	1	Valid only for the current full-Chinese translation snapshot.
640	9287	仲	4	90	15	104	29	reusable_full_cn	used_original_script	B_zero_text_refs_binary_hits	0	1	Valid only for the current full-Chinese translation snapshot.
641	92CB	塚	4	195	30	209	44	reusable_full_cn	reserved	B_zero_text_refs_binary_hits	0	1	Valid only for the current full-Chinese translation snapshot.
642	9446	認	4	150	105	164	119	reusable_full_cn	used_original_script	B_zero_text_refs_binary_hits	0	1	Valid only for the current full-Chinese translation snapshot.
643	967C	翻	5	15	0	29	14	reusable_full_cn	used_original_script	B_zero_text_refs_binary_hits	0	1	Valid only for the current full-Chinese translation snapshot.
644	8158	々	0	105	90	119	104	reusable_full_cn	used_original_script	B_zero_text_refs_binary_hits	0	2	Valid only for the current full-Chinese translation snapshot.
645	8194	＃	0	165	120	179	134	reusable_full_cn	reserved	B_zero_text_refs_binary_hits	0	2	Valid only for the current full-Chinese translation snapshot.
646	8261	Ｂ	0	240	150	254	164	reusable_full_cn	used_original_script	B_zero_text_refs_binary_hits	0	2	Valid only for the current full-Chinese translation snapshot.
647	975C	予	5	150	45	164	59	reusable_full_cn	used_original_script	B_zero_text_refs_binary_hits	0	3	Valid only for the current full-Chinese translation snapshot.
648	8D5C	構	2	165	150	179	164	reusable_full_cn	reserved	B_zero_text_refs_binary_hits	0	6	Valid only for the current full-Chinese translation snapshot.
649	8144	．	0	144	75	158	89	reusable_full_cn	used_original_script	B_zero_text_refs_binary_hits	1	0	Valid only for the current full-Chinese translation snapshot.
650	8154	ゝ	0	90	90	104	104	reusable_full_cn	reserved	B_zero_text_refs_binary_hits	1	0	Valid only for the current full-Chinese translation snapshot.
651	815F	＼	0	165	90	179	104	reusable_full_cn	reserved	B_zero_text_refs_binary_hits	1	0	Valid only for the current full-Chinese translation snapshot.
652	8183	＜	0	45	120	59	134	reusable_full_cn	reserved	B_zero_text_refs_binary_hits	1	0	Valid only for the current full-Chinese translation snapshot.
653	818F	￥	0	105	120	119	134	reusable_full_cn	reserved	B_zero_text_refs_binary_hits	1	0	Valid only for the current full-Chinese translation snapshot.
654	8196	＊	0	195	120	209	134	reusable_full_cn	reserved	B_zero_text_refs_binary_hits	1	0	Valid only for the current full-Chinese translation snapshot.
655	81A1	■	0	60	135	74	149	reusable_full_cn	reserved	B_zero_text_refs_binary_hits	1	0	Valid only for the current full-Chinese translation snapshot.
656	8250	１	0	90	150	104	164	reusable_full_cn	used_original_script	B_zero_text_refs_binary_hits	1	0	Valid only for the current full-Chinese translation snapshot.
657	8251	２	0	105	150	119	164	reusable_full_cn	used_original_script	B_zero_text_refs_binary_hits	1	0	Valid only for the current full-Chinese translation snapshot.
658	8252	３	0	120	150	134	164	reusable_full_cn	used_original_script	B_zero_text_refs_binary_hits	1	0	Valid only for the current full-Chinese translation snapshot.
659	8256	７	0	180	150	194	164	reusable_full_cn	used_original_script	B_zero_text_refs_binary_hits	1	0	Valid only for the current full-Chinese translation snapshot.
660	8258	９	0	210	150	224	164	reusable_full_cn	reserved	B_zero_text_refs_binary_hits	1	0	Valid only for the current full-Chinese translation snapshot.
661	8260	Ａ	0	225	150	239	164	reusable_full_cn	used_original_script	B_zero_text_refs_binary_hits	1	0	Valid only for the current full-Chinese translation snapshot.
662	8262	Ｃ	0	0	165	14	179	reusable_full_cn	reserved	B_zero_text_refs_binary_hits	1	0	Valid only for the current full-Chinese translation snapshot.
663	8263	Ｄ	0	15	165	29	179	reusable_full_cn	used_original_script	B_zero_text_refs_binary_hits	1	0	Valid only for the current full-Chinese translation snapshot.
664	8264	Ｅ	0	30	165	44	179	reusable_full_cn	reserved	B_zero_text_refs_binary_hits	1	0	Valid only for the current full-Chinese translation snapshot.
665	8266	Ｇ	0	60	165	74	179	reusable_full_cn	used_original_script	B_zero_text_refs_binary_hits	1	0	Valid only for the current full-Chinese translation snapshot.
666	8269	Ｊ	0	105	165	119	179	reusable_full_cn	reserved	B_zero_text_refs_binary_hits	1	0	Valid only for the current full-Chinese translation snapshot.
667	826A	Ｋ	0	120	165	134	179	reusable_full_cn	used_original_script	B_zero_text_refs_binary_hits	1	0	Valid only for the current full-Chinese translation snapshot.
668	826C	Ｍ	0	150	165	164	179	reusable_full_cn	used_original_script	B_zero_text_refs_binary_hits	1	0	Valid only for the current full-Chinese translation snapshot.
669	826F	Ｐ	0	195	165	209	179	reusable_full_cn	used_original_script	B_zero_text_refs_binary_hits	1	0	Valid only for the current full-Chinese translation snapshot.
670	8272	Ｓ	0	240	165	254	179	reusable_full_cn	used_original_script	B_zero_text_refs_binary_hits	1	0	Valid only for the current full-Chinese translation snapshot.
671	8276	Ｗ	0	45	180	59	194	reusable_full_cn	reserved	B_zero_text_refs_binary_hits	1	0	Valid only for the current full-Chinese translation snapshot.
672	8284	ｄ	0	150	180	164	194	reusable_full_cn	reserved	B_zero_text_refs_binary_hits	1	0	Valid only for the current full-Chinese translation snapshot.
673	8285	ｅ	0	165	180	179	194	reusable_full_cn	reserved	B_zero_text_refs_binary_hits	1	0	Valid only for the current full-Chinese translation snapshot.
674	8286	ｆ	0	180	180	194	194	reusable_full_cn	reserved	B_zero_text_refs_binary_hits	1	0	Valid only for the current full-Chinese translation snapshot.
675	8292	ｒ	0	105	195	119	209	reusable_full_cn	reserved	B_zero_text_refs_binary_hits	1	0	Valid only for the current full-Chinese translation snapshot.
676	8293	ｓ	0	120	195	134	209	reusable_full_cn	reserved	B_zero_text_refs_binary_hits	1	0	Valid only for the current full-Chinese translation snapshot.
677	8294	ｔ	0	135	195	149	209	reusable_full_cn	reserved	B_zero_text_refs_binary_hits	1	0	Valid only for the current full-Chinese translation snapshot.
678	829A	ｚ	0	225	195	239	209	reusable_full_cn	reserved	B_zero_text_refs_binary_hits	1	0	Valid only for the current full-Chinese translation snapshot.
679	82A0	あ	0	0	210	14	224	reusable_full_cn	used_original_script	B_zero_text_refs_binary_hits	1	0	Valid only for the current full-Chinese translation snapshot.
680	82A2	い	0	30	210	44	224	reusable_full_cn	used_original_script	B_zero_text_refs_binary_hits	1	0	Valid only for the current full-Chinese translation snapshot.
681	82A8	お	0	120	210	134	224	reusable_full_cn	used_original_script	B_zero_text_refs_binary_hits	1	0	Valid only for the current full-Chinese translation snapshot.
682	82AC	ぎ	0	180	210	194	224	reusable_full_cn	used_original_script	B_zero_text_refs_binary_hits	1	0	Valid only for the current full-Chinese translation snapshot.
683	82B1	こ	0	0	225	14	239	reusable_full_cn	used_original_script	B_zero_text_refs_binary_hits	1	0	Valid only for the current full-Chinese translation snapshot.
684	82B2	ご	0	15	225	29	239	reusable_full_cn	used_original_script	B_zero_text_refs_binary_hits	1	0	Valid only for the current full-Chinese translation snapshot.
685	82B8	ず	0	105	225	119	239	reusable_full_cn	used_original_script	B_zero_text_refs_binary_hits	1	0	Valid only for the current full-Chinese translation snapshot.
686	82BD	た	0	180	225	194	239	reusable_full_cn	used_original_script	B_zero_text_refs_binary_hits	1	0	Valid only for the current full-Chinese translation snapshot.
687	82BE	だ	0	195	225	209	239	reusable_full_cn	used_original_script	B_zero_text_refs_binary_hits	1	0	Valid only for the current full-Chinese translation snapshot.
688	82BF	ち	0	210	225	224	239	reusable_full_cn	used_original_script	B_zero_text_refs_binary_hits	1	0	Valid only for the current full-Chinese translation snapshot.
689	82C0	ぢ	0	225	225	239	239	reusable_full_cn	used_original_script	B_zero_text_refs_binary_hits	1	0	Valid only for the current full-Chinese translation snapshot.
690	82C3	づ	0	15	240	29	254	reusable_full_cn	used_original_script	B_zero_text_refs_binary_hits	1	0	Valid only for the current full-Chinese translation snapshot.
691	82C7	ど	0	75	240	89	254	reusable_full_cn	used_original_script	B_zero_text_refs_binary_hits	1	0	Valid only for the current full-Chinese translation snapshot.
692	82D0	ひ	0	210	240	224	254	reusable_full_cn	used_original_script	B_zero_text_refs_binary_hits	1	0	Valid only for the current full-Chinese translation snapshot.
693	82D5	ぷ	1	30	0	44	14	reusable_full_cn	used_original_script	B_zero_text_refs_binary_hits	1	0	Valid only for the current full-Chinese translation snapshot.
694	82D7	べ	1	60	0	74	14	reusable_full_cn	used_original_script	B_zero_text_refs_binary_hits	1	0	Valid only for the current full-Chinese translation snapshot.
695	82DC	ま	1	135	0	149	14	reusable_full_cn	used_original_script	B_zero_text_refs_binary_hits	1	0	Valid only for the current full-Chinese translation snapshot.
696	82DD	み	1	150	0	164	14	reusable_full_cn	used_original_script	B_zero_text_refs_binary_hits	1	0	Valid only for the current full-Chinese translation snapshot.
697	82DF	め	1	180	0	194	14	reusable_full_cn	used_original_script	B_zero_text_refs_binary_hits	1	0	Valid only for the current full-Chinese translation snapshot.
698	82E1	ゃ	1	210	0	224	14	reusable_full_cn	used_original_script	B_zero_text_refs_binary_hits	1	0	Valid only for the current full-Chinese translation snapshot.
699	82E4	ゆ	1	0	15	14	29	reusable_full_cn	used_original_script	B_zero_text_refs_binary_hits	1	0	Valid only for the current full-Chinese translation snapshot.
700	82F1	ん	1	150	15	164	29	reusable_full_cn	used_original_script	B_zero_text_refs_binary_hits	1	0	Valid only for the current full-Chinese translation snapshot.
701	8343	イ	1	210	15	224	29	reusable_full_cn	used_original_script	B_zero_text_refs_binary_hits	1	0	Valid only for the current full-Chinese translation snapshot.
702	8348	ォ	1	30	30	44	44	reusable_full_cn	used_original_script	B_zero_text_refs_binary_hits	1	0	Valid only for the current full-Chinese translation snapshot.
703	834C	キ	1	90	30	104	44	reusable_full_cn	used_original_script	B_zero_text_refs_binary_hits	1	0	Valid only for the current full-Chinese translation snapshot.
704	835C	ソ	1	75	45	89	59	reusable_full_cn	used_original_script	B_zero_text_refs_binary_hits	1	0	Valid only for the current full-Chinese translation snapshot.
705	8362	ッ	1	165	45	179	59	reusable_full_cn	used_original_script	B_zero_text_refs_binary_hits	1	0	Valid only for the current full-Chinese translation snapshot.
706	8366	デ	1	225	45	239	59	reusable_full_cn	used_original_script	B_zero_text_refs_binary_hits	1	0	Valid only for the current full-Chinese translation snapshot.
707	8368	ド	1	0	60	14	74	reusable_full_cn	used_original_script	B_zero_text_refs_binary_hits	1	0	Valid only for the current full-Chinese translation snapshot.
708	836B	ヌ	1	45	60	59	74	reusable_full_cn	used_original_script	B_zero_text_refs_binary_hits	1	0	Valid only for the current full-Chinese translation snapshot.
709	8370	パ	1	120	60	134	74	reusable_full_cn	used_original_script	B_zero_text_refs_binary_hits	1	0	Valid only for the current full-Chinese translation snapshot.
710	8378	ベ	1	240	60	254	74	reusable_full_cn	used_original_script	B_zero_text_refs_binary_hits	1	0	Valid only for the current full-Chinese translation snapshot.
711	8384	ヤ	1	150	75	164	89	reusable_full_cn	used_original_script	B_zero_text_refs_binary_hits	1	0	Valid only for the current full-Chinese translation snapshot.
712	8388	ヨ	1	210	75	224	89	reusable_full_cn	reserved	B_zero_text_refs_binary_hits	1	0	Valid only for the current full-Chinese translation snapshot.
713	838C	レ	1	15	90	29	104	reusable_full_cn	used_original_script	B_zero_text_refs_binary_hits	1	0	Valid only for the current full-Chinese translation snapshot.
714	838F	ワ	1	45	90	59	104	reusable_full_cn	used_original_script	B_zero_text_refs_binary_hits	1	0	Valid only for the current full-Chinese translation snapshot.
715	8392	ヲ	1	60	90	74	104	reusable_full_cn	reserved	B_zero_text_refs_binary_hits	1	0	Valid only for the current full-Chinese translation snapshot.
716	83C3	ε	1	165	90	179	104	reusable_full_cn	reserved	B_zero_text_refs_binary_hits	1	0	Valid only for the current full-Chinese translation snapshot.
717	8448	З	1	0	105	14	119	reusable_full_cn	reserved	B_zero_text_refs_binary_hits	1	0	Valid only for the current full-Chinese translation snapshot.
718	88A2	阿	1	150	105	164	119	reusable_full_cn	reserved	B_zero_text_refs_binary_hits	1	0	Valid only for the current full-Chinese translation snapshot.
719	88A4	愛	1	165	105	179	119	reusable_full_cn	used_original_script	B_zero_text_refs_binary_hits	1	0	Valid only for the current full-Chinese translation snapshot.
720	88C4	案	1	0	120	14	134	reusable_full_cn	used_original_script	B_zero_text_refs_binary_hits	1	0	Valid only for the current full-Chinese translation snapshot.
721	88E1	違	1	180	120	194	134	reusable_full_cn	used_original_script	B_zero_text_refs_binary_hits	1	0	Valid only for the current full-Chinese translation snapshot.
722	88F9	飲	1	90	135	104	149	reusable_full_cn	used_original_script	B_zero_text_refs_binary_hits	1	0	Valid only for the current full-Chinese translation snapshot.
723	8959	浦	1	195	135	209	149	reusable_full_cn	reserved	B_zero_text_refs_binary_hits	1	0	Valid only for the current full-Chinese translation snapshot.
724	895C	噂	1	210	135	224	149	reusable_full_cn	reserved	B_zero_text_refs_binary_hits	1	0	Valid only for the current full-Chinese translation snapshot.
725	8998	汚	1	210	150	224	164	reusable_full_cn	used_original_script	B_zero_text_refs_binary_hits	1	0	Valid only for the current full-Chinese translation snapshot.
726	8A4B	階	1	210	195	224	209	reusable_full_cn	used_original_script	B_zero_text_refs_binary_hits	1	0	Valid only for the current full-Chinese translation snapshot.
727	8A7A	額	1	180	210	194	224	reusable_full_cn	used_original_script	B_zero_text_refs_binary_hits	1	0	Valid only for the current full-Chinese translation snapshot.
728	8ACC	肝	1	210	225	224	239	reusable_full_cn	reserved	B_zero_text_refs_binary_hits	1	0	Valid only for the current full-Chinese translation snapshot.
729	8AE7	顔	1	105	240	119	254	reusable_full_cn	used_original_script	B_zero_text_refs_binary_hits	1	0	Valid only for the current full-Chinese translation snapshot.
730	8B41	帰	2	45	0	59	14	reusable_full_cn	used_original_script	B_zero_text_refs_binary_hits	1	0	Valid only for the current full-Chinese translation snapshot.
731	8B46	祈	2	75	0	89	14	reusable_full_cn	reserved	B_zero_text_refs_binary_hits	1	0	Valid only for the current full-Chinese translation snapshot.
732	8B50	輝	2	165	0	179	14	reusable_full_cn	reserved	B_zero_text_refs_binary_hits	1	0	Valid only for the current full-Chinese translation snapshot.
733	8B60	義	2	30	15	44	29	reusable_full_cn	reserved	B_zero_text_refs_binary_hits	1	0	Valid only for the current full-Chinese translation snapshot.
734	8B7B	宮	2	210	15	224	29	reusable_full_cn	used_original_script	B_zero_text_refs_binary_hits	1	0	Valid only for the current full-Chinese translation snapshot.
735	8BEC	駆	2	195	60	209	74	reusable_full_cn	used_original_script	B_zero_text_refs_binary_hits	1	0	Valid only for the current full-Chinese translation snapshot.
736	8C4A	繰	2	60	75	74	89	reusable_full_cn	used_original_script	B_zero_text_refs_binary_hits	1	0	Valid only for the current full-Chinese translation snapshot.
737	8C57	係	2	135	75	149	89	reusable_full_cn	used_original_script	B_zero_text_refs_binary_hits	1	0	Valid only for the current full-Chinese translation snapshot.
738	8C6F	経	2	75	90	89	104	reusable_full_cn	reserved	B_zero_text_refs_binary_hits	1	0	Valid only for the current full-Chinese translation snapshot.
739	8C76	計	2	105	90	119	104	reusable_full_cn	used_original_script	B_zero_text_refs_binary_hits	1	0	Valid only for the current full-Chinese translation snapshot.
740	8C78	警	2	120	90	134	104	reusable_full_cn	reserved	B_zero_text_refs_binary_hits	1	0	Valid only for the current full-Chinese translation snapshot.
741	8C97	圏	2	75	105	89	119	reusable_full_cn	reserved	B_zero_text_refs_binary_hits	1	0	Valid only for the current full-Chinese translation snapshot.
742	8CA9	見	2	240	105	254	119	reusable_full_cn	used_original_script	B_zero_text_refs_binary_hits	1	0	Valid only for the current full-Chinese translation snapshot.
743	8CB1	験	2	15	120	29	134	reusable_full_cn	used_original_script	B_zero_text_refs_binary_hits	1	0	Valid only for the current full-Chinese translation snapshot.
744	8CBB	現	2	90	120	104	134	reusable_full_cn	used_original_script	B_zero_text_refs_binary_hits	1	0	Valid only for the current full-Chinese translation snapshot.
745	8CEE	乞	2	135	135	149	149	reusable_full_cn	reserved	B_zero_text_refs_binary_hits	1	0	Valid only for the current full-Chinese translation snapshot.
746	8D96	獄	2	180	165	194	179	reusable_full_cn	used_original_script	B_zero_text_refs_binary_hits	1	0	Valid only for the current full-Chinese translation snapshot.
747	8DC3	催	2	165	180	179	194	reusable_full_cn	used_original_script	B_zero_text_refs_binary_hits	1	0	Valid only for the current full-Chinese translation snapshot.
748	8E44	札	2	45	210	59	224	reusable_full_cn	used_original_script	B_zero_text_refs_binary_hits	1	0	Valid only for the current full-Chinese translation snapshot.
749	8E49	鯖	2	90	210	104	224	reusable_full_cn	reserved	B_zero_text_refs_binary_hits	1	0	Valid only for the current full-Chinese translation snapshot.
750	8E74	師	2	180	225	194	239	reusable_full_cn	used_original_script	B_zero_text_refs_binary_hits	1	0	Valid only for the current full-Chinese translation snapshot.
751	8EBF	質	3	195	0	209	14	reusable_full_cn	used_original_script	B_zero_text_refs_binary_hits	1	0	Valid only for the current full-Chinese translation snapshot.
752	9051	寝	3	60	105	74	119	reusable_full_cn	used_original_script	B_zero_text_refs_binary_hits	1	0	Valid only for the current full-Chinese translation snapshot.
753	906A	針	3	15	120	29	134	reusable_full_cn	reserved	B_zero_text_refs_binary_hits	1	0	Valid only for the current full-Chinese translation snapshot.
754	907B	須	3	90	120	104	134	reusable_full_cn	reserved	B_zero_text_refs_binary_hits	1	0	Valid only for the current full-Chinese translation snapshot.
755	90CD	析	3	105	150	119	164	reusable_full_cn	reserved	B_zero_text_refs_binary_hits	1	0	Valid only for the current full-Chinese translation snapshot.
756	90E0	説	3	30	165	44	179	reusable_full_cn	used_original_script	B_zero_text_refs_binary_hits	1	0	Valid only for the current full-Chinese translation snapshot.
757	9140	繊	3	225	165	239	179	reusable_full_cn	used_original_script	B_zero_text_refs_binary_hits	1	0	Valid only for the current full-Chinese translation snapshot.
758	9149	選	3	30	180	44	194	reusable_full_cn	used_original_script	B_zero_text_refs_binary_hits	1	0	Valid only for the current full-Chinese translation snapshot.
759	9166	素	3	180	180	194	194	reusable_full_cn	used_original_script	B_zero_text_refs_binary_hits	1	0	Valid only for the current full-Chinese translation snapshot.
760	917C	掃	3	75	195	89	209	reusable_full_cn	used_original_script	B_zero_text_refs_binary_hits	1	0	Valid only for the current full-Chinese translation snapshot.
761	919E	憎	3	0	210	14	224	reusable_full_cn	reserved	B_zero_text_refs_binary_hits	1	0	Valid only for the current full-Chinese translation snapshot.
762	91BA	村	3	0	225	14	239	reusable_full_cn	reserved	B_zero_text_refs_binary_hits	1	0	Valid only for the current full-Chinese translation snapshot.
763	91CA	駄	3	75	225	89	239	reusable_full_cn	reserved	B_zero_text_refs_binary_hits	1	0	Valid only for the current full-Chinese translation snapshot.
764	91D1	帯	3	135	225	149	239	reusable_full_cn	reserved	B_zero_text_refs_binary_hits	1	0	Valid only for the current full-Chinese translation snapshot.
765	91D4	態	3	165	225	179	239	reusable_full_cn	used_original_script	B_zero_text_refs_binary_hits	1	0	Valid only for the current full-Chinese translation snapshot.
766	91F0	択	3	90	240	104	254	reusable_full_cn	reserved	B_zero_text_refs_binary_hits	1	0	Valid only for the current full-Chinese translation snapshot.
767	91F2	沢	3	105	240	119	254	reusable_full_cn	reserved	B_zero_text_refs_binary_hits	1	0	Valid only for the current full-Chinese translation snapshot.
768	9240	叩	3	120	240	134	254	reusable_full_cn	used_original_script	B_zero_text_refs_binary_hits	1	0	Valid only for the current full-Chinese translation snapshot.
769	9262	鍛	4	45	0	59	14	reusable_full_cn	reserved	B_zero_text_refs_binary_hits	1	0	Valid only for the current full-Chinese translation snapshot.
770	9296	猪	4	165	15	179	29	reusable_full_cn	reserved	B_zero_text_refs_binary_hits	1	0	Valid only for the current full-Chinese translation snapshot.
771	9298	著	4	180	15	194	29	reusable_full_cn	reserved	B_zero_text_refs_binary_hits	1	0	Valid only for the current full-Chinese translation snapshot.
772	92AC	町	4	30	30	44	44	reusable_full_cn	used_original_script	B_zero_text_refs_binary_hits	1	0	Valid only for the current full-Chinese translation snapshot.
773	92B2	調	4	60	30	74	44	reusable_full_cn	used_original_script	B_zero_text_refs_binary_hits	1	0	Valid only for the current full-Chinese translation snapshot.
774	9347	敵	4	120	45	134	59	reusable_full_cn	used_original_script	B_zero_text_refs_binary_hits	1	0	Valid only for the current full-Chinese translation snapshot.
775	9358	店	4	240	45	254	59	reusable_full_cn	reserved	B_zero_text_refs_binary_hits	1	0	Valid only for the current full-Chinese translation snapshot.
776	936E	渡	4	135	60	149	74	reusable_full_cn	used_original_script	B_zero_text_refs_binary_hits	1	0	Valid only for the current full-Chinese translation snapshot.
777	9386	宕	4	60	75	74	89	reusable_full_cn	reserved	B_zero_text_refs_binary_hits	1	0	Valid only for the current full-Chinese translation snapshot.
778	93AC	闘	4	45	90	59	104	reusable_full_cn	used_original_script	B_zero_text_refs_binary_hits	1	0	Valid only for the current full-Chinese translation snapshot.
779	93CA	凸	4	210	90	224	104	reusable_full_cn	reserved	B_zero_text_refs_binary_hits	1	0	Valid only for the current full-Chinese translation snapshot.
780	93D8	豚	4	0	105	14	119	reusable_full_cn	reserved	B_zero_text_refs_binary_hits	1	0	Valid only for the current full-Chinese translation snapshot.
781	945B	納	4	0	120	14	134	reusable_full_cn	used_original_script	B_zero_text_refs_binary_hits	1	0	Valid only for the current full-Chinese translation snapshot.
782	9470	廃	4	105	120	119	134	reusable_full_cn	reserved	B_zero_text_refs_binary_hits	1	0	Valid only for the current full-Chinese translation snapshot.
783	9474	杯	4	135	120	149	134	reusable_full_cn	reserved	B_zero_text_refs_binary_hits	1	0	Valid only for the current full-Chinese translation snapshot.
784	9479	輩	4	165	120	179	134	reusable_full_cn	reserved	B_zero_text_refs_binary_hits	1	0	Valid only for the current full-Chinese translation snapshot.
785	9483	買	4	210	120	224	134	reusable_full_cn	used_original_script	B_zero_text_refs_binary_hits	1	0	Valid only for the current full-Chinese translation snapshot.
786	94D4	番	4	30	150	44	164	reusable_full_cn	used_original_script	B_zero_text_refs_binary_hits	1	0	Valid only for the current full-Chinese translation snapshot.
787	94DE	彼	4	45	150	59	164	reusable_full_cn	used_original_script	B_zero_text_refs_binary_hits	1	0	Valid only for the current full-Chinese translation snapshot.
788	94EF	費	4	150	150	164	164	reusable_full_cn	used_original_script	B_zero_text_refs_binary_hits	1	0	Valid only for the current full-Chinese translation snapshot.
789	94F6	尾	4	210	150	224	164	reusable_full_cn	reserved	B_zero_text_refs_binary_hits	1	0	Valid only for the current full-Chinese translation snapshot.
790	9558	氷	4	75	165	89	179	reusable_full_cn	used_original_script	B_zero_text_refs_binary_hits	1	0	Valid only for the current full-Chinese translation snapshot.
791	9597	風	4	195	180	209	194	reusable_full_cn	used_original_script	B_zero_text_refs_binary_hits	1	0	Valid only for the current full-Chinese translation snapshot.
792	95A7	仏	4	75	195	89	209	reusable_full_cn	reserved	B_zero_text_refs_binary_hits	1	0	Valid only for the current full-Chinese translation snapshot.
793	95B6	文	4	165	195	179	209	reusable_full_cn	used_original_script	B_zero_text_refs_binary_hits	1	0	Valid only for the current full-Chinese translation snapshot.
794	95C0	並	4	225	195	239	209	reusable_full_cn	reserved	B_zero_text_refs_binary_hits	1	0	Valid only for the current full-Chinese translation snapshot.
795	95CA	別	4	30	210	44	224	reusable_full_cn	used_original_script	B_zero_text_refs_binary_hits	1	0	Valid only for the current full-Chinese translation snapshot.
796	95D3	辺	4	105	210	119	224	reusable_full_cn	reserved	B_zero_text_refs_binary_hits	1	0	Valid only for the current full-Chinese translation snapshot.
797	95E0	歩	4	210	210	224	224	reusable_full_cn	used_original_script	B_zero_text_refs_binary_hits	1	0	Valid only for the current full-Chinese translation snapshot.
798	9654	傍	4	0	240	14	254	reusable_full_cn	reserved	B_zero_text_refs_binary_hits	1	0	Valid only for the current full-Chinese translation snapshot.
799	96B3	無	5	105	15	119	29	reusable_full_cn	used_original_script	B_zero_text_refs_binary_hits	1	0	Valid only for the current full-Chinese translation snapshot.
800	96E2	問	5	105	30	119	44	reusable_full_cn	used_original_script	B_zero_text_refs_binary_hits	1	0	Valid only for the current full-Chinese translation snapshot.
801	96F0	役	5	180	30	194	44	reusable_full_cn	used_original_script	B_zero_text_refs_binary_hits	1	0	Valid only for the current full-Chinese translation snapshot.
802	96F2	薬	5	210	30	224	44	reusable_full_cn	used_original_script	B_zero_text_refs_binary_hits	1	0	Valid only for the current full-Chinese translation snapshot.
803	9744	優	5	15	45	29	59	reusable_full_cn	used_original_script	B_zero_text_refs_binary_hits	1	0	Valid only for the current full-Chinese translation snapshot.
804	9764	妖	5	195	45	209	59	reusable_full_cn	used_original_script	B_zero_text_refs_binary_hits	1	0	Valid only for the current full-Chinese translation snapshot.
805	978D	絡	5	210	60	224	74	reusable_full_cn	used_original_script	B_zero_text_refs_binary_hits	1	0	Valid only for the current full-Chinese translation snapshot.
806	97A0	裏	5	45	75	59	89	reusable_full_cn	used_original_script	B_zero_text_refs_binary_hits	1	0	Valid only for the current full-Chinese translation snapshot.
807	97BC	両	5	225	75	239	89	reusable_full_cn	used_original_script	B_zero_text_refs_binary_hits	1	0	Valid only for the current full-Chinese translation snapshot.
808	9841	連	5	240	90	254	104	reusable_full_cn	used_original_script	B_zero_text_refs_binary_hits	1	0	Valid only for the current full-Chinese translation snapshot.
809	9872	腕	5	225	105	239	119	reusable_full_cn	used_original_script	B_zero_text_refs_binary_hits	1	0	Valid only for the current full-Chinese translation snapshot.
810	815C	―	0	135	90	149	104	reusable_full_cn	reserved	B_zero_text_refs_binary_hits	1	1	Valid only for the current full-Chinese translation snapshot.
811	8160	〜	0	180	90	194	104	reusable_full_cn	used_original_script	B_zero_text_refs_binary_hits	1	1	Valid only for the current full-Chinese translation snapshot.
812	81A8	→	0	90	135	104	149	reusable_full_cn	reserved	B_zero_text_refs_binary_hits	1	1	Valid only for the current full-Chinese translation snapshot.
813	81BE	∪	0	180	135	194	149	reusable_full_cn	reserved	B_zero_text_refs_binary_hits	1	1	Valid only for the current full-Chinese translation snapshot.
814	828A	ｊ	0	240	180	254	194	reusable_full_cn	reserved	B_zero_text_refs_binary_hits	1	1	Valid only for the current full-Chinese translation snapshot.
815	82B4	ざ	0	45	225	59	239	reusable_full_cn	used_original_script	B_zero_text_refs_binary_hits	1	1	Valid only for the current full-Chinese translation snapshot.
816	8AA8	勘	1	0	225	14	239	reusable_full_cn	reserved	B_zero_text_refs_binary_hits	1	1	Valid only for the current full-Chinese translation snapshot.
817	8C88	決	2	210	90	224	104	reusable_full_cn	used_original_script	B_zero_text_refs_binary_hits	1	1	Valid only for the current full-Chinese translation snapshot.
818	8CF8	効	2	225	135	239	149	reusable_full_cn	used_original_script	B_zero_text_refs_binary_hits	1	1	Valid only for the current full-Chinese translation snapshot.
819	8ED0	社	3	45	15	59	29	reusable_full_cn	reserved	B_zero_text_refs_binary_hits	1	1	Valid only for the current full-Chinese translation snapshot.
820	91E0	隊	3	240	225	254	239	reusable_full_cn	used_original_script	B_zero_text_refs_binary_hits	1	1	Valid only for the current full-Chinese translation snapshot.
821	92A6	懲	4	225	15	239	29	reusable_full_cn	reserved	B_zero_text_refs_binary_hits	1	1	Valid only for the current full-Chinese translation snapshot.
822	8180	÷	0	0	120	14	134	reusable_full_cn	reserved	B_zero_text_refs_binary_hits	1	2	Valid only for the current full-Chinese translation snapshot.
823	8268	Ｉ	0	90	165	104	179	reusable_full_cn	reserved	B_zero_text_refs_binary_hits	1	2	Valid only for the current full-Chinese translation snapshot.
824	9866	惑	5	195	105	209	119	reusable_full_cn	used_original_script	B_zero_text_refs_binary_hits	1	2	Valid only for the current full-Chinese translation snapshot.
825	8290	ｐ	0	75	195	89	209	reusable_full_cn	reserved	B_zero_text_refs_binary_hits	1	4	Valid only for the current full-Chinese translation snapshot.
826	82EA	れ	1	90	15	104	29	reusable_full_cn	used_original_script	B_zero_text_refs_binary_hits	1	7	Valid only for the current full-Chinese translation snapshot.
827	81BC	⊂	0	165	135	179	149	reusable_full_cn	reserved	B_zero_text_refs_binary_hits	2	0	Valid only for the current full-Chinese translation snapshot.
828	8281	ａ	0	105	180	119	194	reusable_full_cn	reserved	B_zero_text_refs_binary_hits	2	0	Valid only for the current full-Chinese translation snapshot.
829	8298	ｘ	0	195	195	209	209	reusable_full_cn	reserved	B_zero_text_refs_binary_hits	2	0	Valid only for the current full-Chinese translation snapshot.
830	8340	ァ	1	165	15	179	29	reusable_full_cn	used_original_script	B_zero_text_refs_binary_hits	2	0	Valid only for the current full-Chinese translation snapshot.
831	8350	ケ	1	150	30	164	44	reusable_full_cn	used_original_script	B_zero_text_refs_binary_hits	2	0	Valid only for the current full-Chinese translation snapshot.
832	8354	サ	1	210	30	224	44	reusable_full_cn	used_original_script	B_zero_text_refs_binary_hits	2	0	Valid only for the current full-Chinese translation snapshot.
833	8395	ヵ	1	105	90	119	104	reusable_full_cn	used_original_script	B_zero_text_refs_binary_hits	2	0	Valid only for the current full-Chinese translation snapshot.
834	8396	ヶ	1	120	90	134	104	reusable_full_cn	used_original_script	B_zero_text_refs_binary_hits	2	0	Valid only for the current full-Chinese translation snapshot.
835	83C0	β	1	150	90	164	104	reusable_full_cn	reserved	B_zero_text_refs_binary_hits	2	0	Valid only for the current full-Chinese translation snapshot.
836	8444	Д	1	240	90	254	104	reusable_full_cn	reserved	B_zero_text_refs_binary_hits	2	0	Valid only for the current full-Chinese translation snapshot.
837	8756		1	120	105	134	119	reusable_full_cn	reserved	B_zero_text_refs_binary_hits	2	0	Valid only for the current full-Chinese translation snapshot.
838	88E4	井	1	225	120	239	134	reusable_full_cn	reserved	B_zero_text_refs_binary_hits	2	0	Valid only for the current full-Chinese translation snapshot.
839	8968	栄	1	15	150	29	164	reusable_full_cn	used_original_script	B_zero_text_refs_binary_hits	2	0	Valid only for the current full-Chinese translation snapshot.
840	8AF0	嬉	1	210	240	224	254	reusable_full_cn	reserved	B_zero_text_refs_binary_hits	2	0	Valid only for the current full-Chinese translation snapshot.
841	8CD6	誇	2	0	135	14	149	reusable_full_cn	used_original_script	B_zero_text_refs_binary_hits	2	0	Valid only for the current full-Chinese translation snapshot.
842	905C	申	3	165	105	179	119	reusable_full_cn	used_original_script	B_zero_text_refs_binary_hits	2	0	Valid only for the current full-Chinese translation snapshot.
843	9082	垂	3	150	120	164	134	reusable_full_cn	reserved	B_zero_text_refs_binary_hits	2	0	Valid only for the current full-Chinese translation snapshot.
844	90A8	勢	3	45	135	59	149	reusable_full_cn	used_original_script	B_zero_text_refs_binary_hits	2	0	Valid only for the current full-Chinese translation snapshot.
845	92AA	潮	4	15	30	29	44	reusable_full_cn	used_original_script	B_zero_text_refs_binary_hits	2	0	Valid only for the current full-Chinese translation snapshot.
846	935C	貼	4	0	60	14	74	reusable_full_cn	reserved	B_zero_text_refs_binary_hits	2	0	Valid only for the current full-Chinese translation snapshot.
847	9360	伝	4	45	60	59	74	reusable_full_cn	used_original_script	B_zero_text_refs_binary_hits	2	0	Valid only for the current full-Chinese translation snapshot.
848	93C7	読	4	195	90	209	104	reusable_full_cn	reserved	B_zero_text_refs_binary_hits	2	0	Valid only for the current full-Chinese translation snapshot.
849	944C	猫	4	165	105	179	119	reusable_full_cn	reserved	B_zero_text_refs_binary_hits	2	0	Valid only for the current full-Chinese translation snapshot.
850	94F2	飛	4	180	150	194	164	reusable_full_cn	used_original_script	B_zero_text_refs_binary_hits	2	0	Valid only for the current full-Chinese translation snapshot.
851	95A1	複	4	45	195	59	209	reusable_full_cn	reserved	B_zero_text_refs_binary_hits	2	0	Valid only for the current full-Chinese translation snapshot.
852	95B1	奮	4	120	195	134	209	reusable_full_cn	used_original_script	B_zero_text_refs_binary_hits	2	0	Valid only for the current full-Chinese translation snapshot.
853	95B3	糞	4	135	195	149	209	reusable_full_cn	reserved	B_zero_text_refs_binary_hits	2	0	Valid only for the current full-Chinese translation snapshot.
854	964C	豊	4	210	225	224	239	reusable_full_cn	reserved	B_zero_text_refs_binary_hits	2	0	Valid only for the current full-Chinese translation snapshot.
855	9695	抹	5	165	0	179	14	reusable_full_cn	used_original_script	B_zero_text_refs_binary_hits	2	0	Valid only for the current full-Chinese translation snapshot.
856	8178	』	0	165	105	179	119	reusable_full_cn	used_original_script	B_zero_text_refs_binary_hits	2	1	Valid only for the current full-Chinese translation snapshot.
857	9044	織	3	195	90	209	104	reusable_full_cn	reserved	B_zero_text_refs_binary_hits	2	2	Valid only for the current full-Chinese translation snapshot.
858	819C	●	0	15	135	29	149	reusable_full_cn	reserved	B_zero_text_refs_binary_hits	2	8	Valid only for the current full-Chinese translation snapshot.
859	81DC	⌒	0	240	135	254	149	reusable_full_cn	reserved	B_zero_text_refs_binary_hits	3	0	Valid only for the current full-Chinese translation snapshot.
860	81F4	♪	0	60	150	74	164	reusable_full_cn	reserved	B_zero_text_refs_binary_hits	3	0	Valid only for the current full-Chinese translation snapshot.
861	8288	ｈ	0	210	180	224	194	reusable_full_cn	reserved	B_zero_text_refs_binary_hits	3	0	Valid only for the current full-Chinese translation snapshot.
862	82BC	ぞ	0	165	225	179	239	reusable_full_cn	used_original_script	B_zero_text_refs_binary_hits	3	0	Valid only for the current full-Chinese translation snapshot.
863	8374	フ	1	180	60	194	74	reusable_full_cn	used_original_script	B_zero_text_refs_binary_hits	3	0	Valid only for the current full-Chinese translation snapshot.
864	90B9	聖	3	210	135	224	149	reusable_full_cn	used_original_script	B_zero_text_refs_binary_hits	3	0	Valid only for the current full-Chinese translation snapshot.
865	9244	奪	3	150	240	164	254	reusable_full_cn	used_original_script	B_zero_text_refs_binary_hits	3	0	Valid only for the current full-Chinese translation snapshot.
866	9364	電	4	90	60	104	74	reusable_full_cn	reserved	B_zero_text_refs_binary_hits	3	0	Valid only for the current full-Chinese translation snapshot.
867	E8A6	隕	5	225	120	239	134	reusable_full_cn	used_original_script	B_zero_text_refs_binary_hits	3	0	Valid only for the current full-Chinese translation snapshot.
868	8278	Ｙ	0	75	180	89	194	reusable_full_cn	used_original_script	B_zero_text_refs_binary_hits	4	0	Valid only for the current full-Chinese translation snapshot.
869	8282	ｂ	0	120	180	134	194	reusable_full_cn	reserved	B_zero_text_refs_binary_hits	4	0	Valid only for the current full-Chinese translation snapshot.
870	82C8	な	0	90	240	104	254	reusable_full_cn	used_original_script	B_zero_text_refs_binary_hits	4	0	Valid only for the current full-Chinese translation snapshot.
871	8379	ペ	1	0	75	14	89	reusable_full_cn	used_original_script	B_zero_text_refs_binary_hits	4	0	Valid only for the current full-Chinese translation snapshot.
872	8385	ュ	1	165	75	179	89	reusable_full_cn	used_original_script	B_zero_text_refs_binary_hits	4	0	Valid only for the current full-Chinese translation snapshot.
873	8394	ヴ	1	90	90	104	104	reusable_full_cn	reserved	B_zero_text_refs_binary_hits	4	0	Valid only for the current full-Chinese translation snapshot.
874	8A5F	垣	1	15	210	29	224	reusable_full_cn	reserved	B_zero_text_refs_binary_hits	4	0	Valid only for the current full-Chinese translation snapshot.
875	8E84	私	2	30	240	44	254	reusable_full_cn	used_original_script	B_zero_text_refs_binary_hits	4	0	Valid only for the current full-Chinese translation snapshot.
876	E0F8	璧	5	105	120	119	134	reusable_full_cn	used_original_script	B_zero_text_refs_binary_hits	4	1	Valid only for the current full-Chinese translation snapshot.
877	8140	　	0	99	75	113	89	reusable_full_cn	used_original_script	B_zero_text_refs_binary_hits	4	3	Valid only for the current full-Chinese translation snapshot.
878	90D4	赤	3	180	150	194	164	reusable_full_cn	used_original_script	B_zero_text_refs_binary_hits	5	0	Valid only for the current full-Chinese translation snapshot.
879	9088	粋	3	195	120	209	134	reusable_full_cn	used_original_script	B_zero_text_refs_binary_hits	5	1	Valid only for the current full-Chinese translation snapshot.
880	82F0	を	1	135	15	149	29	reusable_full_cn	used_original_script	B_zero_text_refs_binary_hits	7	0	Valid only for the current full-Chinese translation snapshot.
881	8279	Ｚ	0	90	180	104	194	reusable_full_cn	reserved	B_zero_text_refs_binary_hits	9	0	Valid only for the current full-Chinese translation snapshot.
882	90B0	晴	3	135	135	149	149	reusable_full_cn	used_original_script	B_zero_text_refs_binary_hits	18	6	Valid only for the current full-Chinese translation snapshot.
883	8184	＞	0	60	120	74	134	reusable_full_cn	reserved	B_zero_text_refs_binary_hits	20	1	Valid only for the current full-Chinese translation snapshot.
884	828D	ｍ	0	30	195	44	209	reusable_full_cn	reserved	B_zero_text_refs_binary_hits	44	2	Valid only for the current full-Chinese translation snapshot.
885	8186	≧	0	75	120	89	134	reusable_full_cn	reserved	B_zero_text_refs_binary_hits	54	0	Valid only for the current full-Chinese translation snapshot.
886	8181	＝	0	15	120	29	134	reusable_full_cn	reserved	B_zero_text_refs_binary_hits	228	0	Valid only for the current full-Chinese translation snapshot.
