ID	脚本	剧情块	事件ID	指令序号	指令	简体中文
1	bmr	0	00002710	7	17	邪恶魔导师巴比迪……。
2	bmr	0	00002710	8	17	巴比迪放大了贝吉塔心中的邪念，\n并收集复活魔人布欧所需的\n能量。
3	bmr	0	00002710	14	12	贝吉塔\n被我放出来的魔人布欧，\n就由我来收拾……！
4	bmr	0	00002710	16	12	\n……魔人布欧很强。\n贝吉塔早已做好赴死的觉悟。
5	bmr	0	00002710	21	12	贝吉塔\n那张丑陋的蠢脸，\n就是魔人布欧吗……
6	bmr	0	00002710	24	12	魔人布欧\n唔！\n我生气啦——！\n杀了你——！
7	bmr	1	00002AF8	11	12	魔人布欧\n好痛啊……
8	bmr	1	00002AF8	14	12	魔人布欧\n我才不喜欢……\n你这家伙——！
9	bmr	1	00002AF8	32	12	\n就在这时，魔人布欧身上\n迸发出强烈的光芒。
10	bmr	1	00002AF8	33	12	\n贝吉塔勉强撑住后，\n使出了赌上性命的一击。
11	bmr	1	00002AF8	38	14	贝吉塔\n呜哦哦哦哦——！
12	bmr	1	00002AF8	55	17	魔人布欧看似被炸得粉碎，\n四散飞溅，\n却又让身体再生了。
13	bmr	1	00002AF8	62	12	\n获得特殊能力\n“再生能力”！
14	bmr	1	00002AF8	63	12	\n使用魔人布欧（善）时，\n气力达到100以上时，\n按L键！
15	bmr	2	00002711	9	17	魔人布欧在魔导师巴比迪的带领下\n四处行动。
16	bmr	2	00002711	10	17	并按照他的命令，\n把人们变成点心……
17	bmr	2	00002711	16	12	魔人布欧\n好！变成糖果吧！
18	bmr	2	00002711	30	12	\n他用吹出的气息摧毁了城市。
19	bmr	2	00002711	41	12	\n这时，悟空出现在了他的面前。
20	bmr	2	00002711	43	12	悟空\n我和贝吉塔都太小看你了……\n没想到魔人布欧这家伙，\n竟然强到了这种地步……
21	bmr	2	00002711	46	12	魔人布欧\n嘿嘿嘿嘿嘿……
22	bmr	2	00002711	54	12	悟空\n来吧……赶紧开打！
23	bmr	2	00002711	57	12	巴比迪\n干掉他，魔人布欧！
24	bmr	3	00002AF9	12	12	魔人布欧\n……不打了吗？\n和你打架很有意思。\n再打一会儿吧。
25	bmr	3	00002AF9	17	12	悟空\n那可真是我的荣幸。\n可我已经没时间了……\n抱歉啦。
26	bmr	3	00002AF9	23	12	\n悟空使用瞬间移动消失了。
27	bmr	3	00002AF9	25	12	巴比迪\n那家伙不是逃走了吗！\n都怪你磨磨蹭蹭的……\n你这个蠢货！
28	bmr	3	00002AF9	30	12	魔人布欧\n我想到一个好主意。\n你看……！
29	bmr	3	00002AF9	44	17	魔人布欧杀死了\n不停对他发号施令的巴比迪，\n重获自由。
30	bmr	4	00002712	9	17	魔人布欧摆脱了巴比迪的束缚。
31	bmr	4	00002712	10	17	他把破坏城镇当作消遣，\n饿了就把人们变成点心，\n再吃进肚子。
32	bmr	4	00002712	11	17	某一天……\n一个男人来到了魔人布欧面前。
33	bmr	4	00002712	17	12	撒旦先生\n出来吧，魔人布欧！\n撒旦先生大驾光临了！！\n看我把你打得落花流水！！
34	bmr	4	00002712	22	12	魔人布欧\n你好——！
35	bmr	4	00002712	27	12	撒旦先生\n……咿呀呀呀呀！！\n对、对不起，魔人布欧大人！！
36	bmr	4	00002712	28	12	撒旦先生\n刚……刚才那些话\n全都是假的，假的！！\n我一直很尊敬您啊——！！
37	bmr	4	00002712	31	12	魔人布欧\n这只狗受伤后被我治好了，\n就一直跟着我……也不害怕。\n它不逃跑，真没意思。
38	bmr	4	00002712	36	12	撒旦先生\n布欧大人这么温柔，\n还治好了它的伤，它当然喜欢您！
39	bmr	4	00002712	39	12	魔人布欧\n这样啊……\n那你也喜欢我吗？
40	bmr	4	00002712	44	12	撒旦先生\n当、当然喜欢！
41	bmr	4	00002712	47	12	魔人布欧\n嘿嘿……\n有点开心。
42	bmr	4	00002712	51	12	悟天克斯\n喂喂喂——！\n出来吧，魔人布欧！！\n悟天克斯大人驾到！！
43	bmr	4	00002712	54	12	魔人布欧\n你是谁？\n很强吗？
44	bmr	4	00002712	57	12	悟天克斯\n那还用说！
45	bmr	4	00002712	60	12	魔人布欧\n好，那我就毫发无伤地\n打倒你。
46	bmr	5	00002AFA	17	12	魔人布欧\n唔……唔唔……唔……\n快……逃……撒旦……！\n逃……远……一点……！
47	bmr	5	00002AFA	23	12	撒旦先生\n布欧先生！？
48	bmr	5	00002AFA	31	12	魔人布欧\n快点——！！！
49	bmr	5	00002AFA	43	14	魔人布欧\n嘎啊啊啊啊啊啊！
50	bmr	5	00002AFA	62	12	悟天克斯\n呜哇！\n那家伙不对劲！！！
51	bmr	5	00002AFA	68	17	魔人布欧强烈的愤怒，\n让沉睡在体内的邪恶不断膨胀，\n另一个魔人布欧从中分离而出。
52	bmr	5	00002AFA	69	17	与之前截然不同的纯粹邪恶，\n就此被释放到了世上。
53	bmr	5	00002AFA	76	12	\n新增角色\n“魔人布欧（恶）”！\n可在角色选择中使用！
54	bmr	6	00002EE2	11	12	悟天克斯\n疼疼疼……\n可恶，魔人布欧真不是一般的强！
55	bmr	6	00002EE2	14	12	撒旦先生\n嘎——哈哈哈哈！\n（就是现在！）\n接招……奇迹撒旦拳！
56	bmr	6	00002EE2	17	12	悟天克斯\n搞什么啊，大叔！
57	bmr	6	00002EE2	19	12	\n就在悟天克斯的一击\n即将打中撒旦脸庞的瞬间……！
58	bmr	6	00002EE2	21	12	魔人布欧\n不许欺负撒旦！
59	bmr	6	00002EE2	35	12	悟天克斯\n你给我记住——！
60	bmr	6	00002EE2	38	12	魔人布欧\n呼……\n那家伙还挺有意思的。
61	bmr	6	00002EE2	41	12	撒旦先生\n哪里哪里哪里！\n不愧是魔人布欧大人！！\n太感谢您了！
62	bmr	6	00002EE2	44	12	魔人布欧\n哼哼！
63	bmr	6	00002EE2	61	12	\n新增角色\n“撒旦先生”！\n可在角色选择中使用！
64	bmr	6	00002EE2	72	12	\n获得团队必杀技\n“撒旦大显身手”！
65	bmr	6	00002EE2	73	12	\n让魔人布欧（善）与撒旦先生\n组成队伍，并在气力达到200时，\n触摸团队必杀技按钮！
66	bmr	7	00002713	11	12	魔人布欧\n呜嘿嘿……嘿嘿嘿嘿……\n呀——哈哈哈哈！！\n……感觉到了……我感觉到了！！
67	bmr	7	00002713	23	12	比克\n糟、糟了！！\n这次的魔人布欧\n能够感知我们的气！
68	bmr	7	00002713	26	12	魔人布欧\n叫出来……
69	bmr	7	00002713	29	14	魔人布欧\n给我出来——！！！！！！！！
70	bmr	7	00002713	32	12	魔人布欧\n把强者叫出来！！\n不叫出来，我就杀了你们！！
71	bmr	7	00002713	35	12	比克\n可恶……跟我来。
72	bmr	7	00002713	45	12	悟天克斯\n锵锵锵锵——\n等你好久了，魔人布欧！！！
73	bmr	7	00002713	46	12	悟天克斯\n还以为我是以前的我，\n那你就大错特错了！
74	bmr	7	00002713	48	14	悟天克斯\n哈啊啊啊啊……！！！
75	bmr	7	00002713	56	12	魔人布欧\n嗯？好像变了一点……？\n算了……杀了你。\n嘻嘻嘻……
76	bmr	8	00002AFB	31	12	比克\n你到此为止了，魔人布欧……\n我已经毁掉连接这个世界\n与原来世界的唯一出入口。
77	bmr	8	00002AFB	32	12	比克\n无论你有多强，\n都不可能再从这里逃出去。
78	bmr	8	00002AFB	35	12	魔人布欧\n呜啊啊啊啊啊啊——！
79	bmr	8	00002AFB	39	14	魔人布欧\n我才不要——！！！！
80	bmr	8	00002AFB	56	12	比克\n怎……怎么可能……！！\n竟用如此惊人的气，\n在次元上打……打出了洞！！
81	bmr	8	00002AFB	57	12	比克\n幸好先消耗了他的体力……\n要是处于全盛状态，\n不知会贯穿多少层次元……！？
82	bmr	9	00002EE3	28	12	比克\n你到此为止了，魔人布欧……\n我已经毁掉连接这个世界\n与原来世界的唯一出入口。
83	bmr	9	00002EE3	29	12	比克\n无论你有多强，\n都不可能再从这里逃出去。
84	bmr	9	00002EE3	32	12	魔人布欧\n你说什——么！？
85	bmr	9	00002EE3	36	14	魔人布欧\n嘎啊啊啊啊啊啊！
86	bmr	9	00002EE3	53	12	比克\n怎……怎么可能……！！\n他竟……竟然用气的力量，\n打通了前往地狱的道路……
87	bmr	10	00002714	13	12	魔人布欧\n什么……？\n有一股强大的气正在靠近……
88	bmr	10	00002714	16	12	比克\n这……这股气……！\n是悟饭！！
89	bmr	10	00002714	19	12	魔人布欧\n……那我就夺走小鬼的力量，\n还有那个叫比克的家伙的头脑！
90	bmr	10	00002714	29	12	魔人布欧\n呵呵呵……现在我是最强。
91	bmr	10	00002714	30	12	魔人布欧\n而且还有了最强的手下。
92	bmr	10	00002714	32	12	\n魔人布欧吸收了悟天克斯，\n并将他化作自己的手下。
93	bmr	10	00002714	33	12	\n实力大增的魔人布欧面前，\n出现了在界王神界觉醒真正力量、\n获得宇宙最强力量的悟饭。
94	bmr	10	00002714	36	12	悟饭\n你赢不了……
95	bmr	10	00002714	39	12	魔人布欧\n那可不一定……
96	bmr	10	00002714	52	12	悟天克斯\n…………
97	bmr	10	00002714	55	12	悟饭\n悟天克斯，你怎么了……？
98	bmr	10	00002714	58	12	魔人布欧\n呵呵呵……\n我原本的力量，加上比克的头脑……\n还有悟天克斯的力量。
99	bmr	10	00002714	59	12	魔人布欧\n看来你能取胜的可能性，\n反而更小了吧？
100	bmr	10	00002714	62	12	悟饭\n原来如此……是这么回事。\n我明白了。
101	bmr	10	00002714	65	12	魔人布欧\n那么……就速战速决吧。\n我吸收的悟天克斯，\n可是有时间限制的。
102	bmr	10	00002714	83	12	\n获得团队必杀技\n“银河甜甜圈”！
103	bmr	10	00002714	84	12	\n让魔人布欧（恶）与悟天克斯（超3）\n组成队伍，并在气力达到200时，\n触摸团队必杀技按钮！
104	bmr	11	00002AFC	12	12	魔人布欧\n哈哈哈哈！！\n怎么了？再加把劲啊！\n你已经虚弱不少了！
105	bmr	11	00002AFC	15	12	悟饭\n可……可恶！
106	bmr	11	00002AFC	18	12	魔人布欧\n让你也成为最强魔人的一部分吧。
107	bmr	11	00002AFC	19	12	魔人布欧\n哈！！
108	bmr	11	00002AFC	39	17	布欧又吸收了悟饭，力量进一步增强。\n如今已经没有任何人\n能够阻止这个魔人了……
109	bmr	11	00002AFC	46	12	\n获得特殊能力\n“强力击打”！
110	bmr	11	00002AFC	47	12	\n使用魔人布欧（恶）时，\n气力达到100以上时，\n按L键！
111	bmr	12	00002715	10	17	魔人布欧开始拥有了可怕的力量。
112	bmr	12	00002715	11	17	魔人布欧被悟空和贝吉塔耍得团团转，\n最终遭到击退。
113	bmr	12	00002715	12	17	而就连魔人布欧（恶）都畏惧的\n更加凶暴的本性，也随之觉醒……
114	bmr	12	00002715	18	12	魔人布欧\n呜嘎嘎嘎嘎——！
115	bmr	12	00002715	25	17	魔人布欧在一瞬间\n将地球彻底毁灭。
116	bmr	12	00002715	26	17	但魔人布欧发现悟空使用瞬间移动\n逃走后，立刻追了上去。
117	bmr	12	00002715	35	12	魔人布欧\n哈哈——！
118	bmr	12	00002715	38	12	贝吉塔\n……卡卡罗特！\n我来尽量拖住他！\n用元气弹打倒他！
119	bmr	12	00002715	41	12	撒旦先生\n嘎哈哈哈……！\n交给我吧！\n还有我呢！
120	bmr	12	00002715	44	12	魔人布欧\n保护撒旦……！\n……战斗！
121	bmr	13	00002AFD	12	12	贝吉塔\n还没好吗，卡卡罗特！
122	bmr	13	00002AFD	15	12	悟空\n地球上的大家！\n拜托把你们的元气分给我！\n我需要大家的帮助！
123	bmr	13	00002AFD	18	12	撒旦先生\n我也拜托你们了！\n你们还不快来帮忙——！
124	bmr	13	00002AFD	33	12	悟空\n……来了！\n干得不错嘛，撒旦！\n你说不定真是救世主！
125	bmr	13	00002AFD	34	12	悟空\n布欧……等你转世以后，\n我们再一对一较量吧。
126	bmr	13	00002AFD	35	12	悟空\n再见了！
127	bmr	14	00002716	9	17	轻松击退悟天克斯后，\n布欧又像往常一样\n和撒旦玩耍。某一天……
128	bmr	14	00002716	15	12	悟天克斯\n喂喂喂——！
129	bmr	14	00002716	18	12	魔人布欧\n嗯？你是……\n又来了吗？
130	bmr	14	00002716	23	12	悟天克斯\n既然被本大爷盯上，\n你就别想逃！
131	bmr	14	00002716	26	12	撒旦先生\n真是的，拿这家伙没办法……
132	bmr	14	00002716	29	12	悟天克斯\n那就请你去死吧！
133	bmr	14	00002716	51	12	魔人布欧\n啊！！撒旦做的点心！！
134	bmr	14	00002716	56	12	魔人布欧\n……我生气了。
135	bmr	15	00002AFE	12	12	魔人布欧\n全——都是你的错！！\n变成点心吧！！
136	bmr	15	00002AFE	16	14	悟天克斯\n呜嘎啊啊啊啊！
137	bmr	15	00002AFE	27	12	撒旦先生\n这、这这这……\n人竟然变成了点心……
138	bmr	15	00002AFE	30	12	魔人布欧\n嗯——，这点还不够。\n把附近城镇里的人\n也都变成点心吧。
139	bmr	15	00002AFE	33	12	撒旦先生\n还……还是不行啊……\n不能杀人，也不能搞破坏……
140	bmr	15	00002AFE	36	12	魔人布欧\n你觉得，\n这些事不可以做吗？
141	bmr	15	00002AFE	39	12	撒旦先生\n是……是啊，算是吧……
142	bmr	15	00002AFE	42	12	魔人布欧\n那就不做了。\n也把这家伙变回来。
143	bmr	15	00002AFE	59	12	\n获得究极技\n“欢乐甜点”！
144	bmr	15	00002AFE	60	12	\n魔人布欧（善）的体力变红时，\n将气力提升至150以上，\n靠近对手按下X＋A键！
145	bmr	16	00002717	11	17	魔人布欧打开的次元裂缝\n贯穿了多个次元，\n一直延伸到了地狱入口。
146	bmr	16	00002717	17	12	贝吉塔\n你是……刚才那个\n什么魔王来着……
147	bmr	16	00002717	20	12	达普拉\n呵呵呵……反正都要下地狱。\n没必要非在这种寒酸的地方\n交手吧……
148	bmr	16	00002717	23	12	贝吉塔\n哼……你这家伙……\n刚才说赛亚人很弱吧。
149	bmr	16	00002717	29	12	贝吉塔\n不当着众人的面\n把你狠狠打倒，\n我就永远洗不掉耻辱……嗯？
150	bmr	16	00002717	32	12	魔人布欧\n呜呜呜呜呜……
151	bmr	16	00002717	35	12	达普拉\n魔人……！
152	bmr	16	00002717	38	12	贝吉塔\n布欧……！
153	bmr	16	00002717	39	12	贝吉塔\n这家伙为什么会出现在这里……！？
154	bmr	16	00002717	42	12	达普拉\n谁知道……\n不过，只要我们联手，\n说不定还能应付！
155	bmr	16	00002717	45	12	贝吉塔\n啧……暂时休战！
156	bmr	17	00002AFF	11	12	魔人布欧\n咕……呜……！
157	bmr	17	00002AFF	14	12	达普拉\n魔……\n魔人……布欧！？
158	bmr	17	00002AFF	17	12	魔人布欧\n这里……你来带路。\n带我去……强者那里。
159	bmr	17	00002AFF	20	12	达普拉\n……知、\n知道了！
160	bmr	17	00002AFF	37	12	\n新增角色\n“达普拉”！\n可在角色选择中使用！
161	bmr	18	00002718	9	17	布欧让达普拉担任向导，\n四处寻找能入他眼的\n强大气息。
162	bmr	18	00002718	15	12	魔人布欧\n没有……
163	bmr	18	00002718	16	12	魔人布欧\n没有……强者。
164	bmr	18	00002718	18	12	\n然而，感受到魔人布欧\n强烈杀气的地狱帝王，\n现身了。
165	bmr	18	00002718	22	12	沙鲁\n欢迎来到地狱……\n看来你拥有相当强大的力量。
166	bmr	18	00002718	25	12	弗利萨\n沙鲁先生……\n看来和这位野蛮人\n是讲不通道理的。
167	bmr	18	00002718	28	12	魔人布欧\n呼……哈……\n你很强，和我打。\n我要……杀了你。
168	bmr	18	00002718	32	12	达普拉\n那是沙鲁……！\n听说他转眼之间\n就统治了整个地狱……
169	bmr	18	00002718	35	12	魔人布欧\n你也一起打！
170	bmr	18	00002718	40	12	达普拉\n什么！？
171	bmr	19	00002B00	10	17	魔人布欧只打了一会儿，\n便对沙鲁的实力感到厌烦，\n最后甚至睡着了。
172	bmr	19	00002B00	11	17	但对达普拉而言，\n沙鲁却是实力相当的强敌。
173	bmr	19	00002B00	17	12	达普拉\n呃……！\n这家伙真的很强！
174	bmr	19	00002B00	20	12	魔人布欧\n哈啊啊啊啊……\n你们的战斗……\n真无聊！
175	bmr	19	00002B00	30	12	\n魔人布欧挥下的一击，\n轻而易举地贯穿了沙鲁。
176	bmr	19	00002B00	32	12	达普拉\n消失吧！！
177	bmr	19	00002B00	37	12	\n达普拉的攻击紧随而至，\n沙鲁就此倒下。
178	bmr	19	00002B00	39	12	魔人布欧\n这里……真无聊。\n我要回去了。
179	bmr	19	00002B00	42	12	达普拉\n什么！？\n等、等一下……
180	bmr	19	00002B00	47	14	魔人布欧\n呜啊啊啊啊啊啊啊——！
181	bmr	19	00002B00	56	17	布欧再次打开了次元之门。\n他究竟能不能\n回到原来的世界呢？
182	bmr	19	00002B00	63	12	\n获得团队必杀技\n“暗黑剑斩”！
183	bmr	19	00002B00	64	12	\n让魔人布欧（恶）与达普拉\n组成队伍，并在气力达到200时，\n触摸团队必杀技按钮！
184	bmr	19	00002B00	74	12	\n获得究极技\n“九头蛇粉碎击”！
185	bmr	19	00002B00	75	12	\n魔人布欧（恶）的体力变红时，\n将气力提升至150以上，\n面向侧方按下X＋A键！
186	bmr	20	00004E20	14	14	魔人布欧\n咕啊、啊啊啊……！
187	bmr	20	00004E20	27	12	\n悟空释放的元气弹，\n彻底消灭了魔人布欧。
188	bmr	20	00004E20	32	17	……布欧的灵魂留在了地球。
189	bmr	20	00004E20	33	17	并转世为新的战士——欧布。
190	bmr	20	00004E20	39	12	欧布\n那我去参加天下第一武道会了……\n我出发了！
191	bmr	21	00004E21	8	17	魔人布欧和撒旦\n过着悠闲自在的生活。
192	bmr	21	00004E21	9	17	在撒旦的影响下，\n魔人布欧的性格逐渐变得温和。
193	bmr	21	00004E21	10	17	然而，这份温柔终有一天\n会被一声枪响\n彻底击碎……！
194	brl	0	00002710	8	17	布罗利凭借强大的力量，\n被视为威胁贝吉塔王族地位的存在，\n险些与父亲帕拉伽斯一同被处决。
195	brl	0	00002710	9	17	然而，布罗利潜藏的力量\n帮助帕拉伽斯逃过绝境，\n父子二人就此立誓复仇。
196	brl	0	00002710	10	17	多年以后……\n帕拉伽斯现身在\n身处地球的贝吉塔面前。
197	brl	0	00002710	11	17	他以重建贝吉塔行星\n和传说中的超级赛亚人为诱饵，\n将贝吉塔引到了新行星……
198	brl	0	00002710	17	12	贝吉塔\n帕拉伽斯……\n你竟敢骗我！
199	brl	0	00002710	21	12	帕拉伽斯\n就连你这没脑子的家伙，\n也总算弄明白了！\n这一切都是为杀你设下的陷阱！
200	brl	0	00002710	22	12	帕拉伽斯\n本来打算让你随着彗星撞击，\n一起死在这里……
201	brl	0	00002710	23	12	帕拉伽斯\n布罗利！！\n用你真正的力量，\n把贝吉塔彻底消灭！！！
202	brl	0	00002710	36	12	布罗利\n呵呵呵……唯独你，\n我绝不会让你轻易死掉！！
203	brl	1	00002AF8	14	12	帕拉伽斯\n辛苦了，布罗利……\n接下来，该清理混进这颗星球的\n垃圾了。
204	brl	1	00002AF8	17	12	布罗利\n呜……呜呜……
205	brl	1	00002AF8	22	12	帕拉伽斯\n布罗利！\n用你的力量，\n把赛亚人斩草除根！！
206	brl	1	00002AF8	38	12	帕拉伽斯\n呵呵呵……\n只要能随心所欲地操纵这股力量，\n我就能统治全宇宙……
207	brl	3	00002711	14	17	帕拉伽斯施展计谋，\n成功击败了贝吉塔。
208	brl	3	00002711	15	17	但特兰克斯和悟饭\n追随贝吉塔的脚步，\n也赶到了这里。
209	brl	3	00002711	21	12	帕拉伽斯\n布罗利！\n给贝吉塔最后一击！！
210	brl	3	00002711	29	12	特兰克斯\n住手！！\n离我爸爸远点！
211	brl	3	00002711	32	12	帕拉伽斯\n哦……\n这不是特兰克斯王子吗……\n卡卡罗特的儿子也一起来了！
212	brl	3	00002711	33	12	帕拉伽斯\n来得正好……\n布罗利！\n干掉他们！！
213	brl	3	00002711	44	12	比克\n哈——！！
214	brl	3	00002711	54	12	布罗利\n又有一只虫子\n赶来送死吗……
215	brl	3	00002711	59	12	比克\n你这怪物……\n别以为能为所欲为！
216	brl	3	00002711	65	12	布罗利\n我是怪物……？\n不对……
217	brl	3	00002711	68	12	布罗利\n我是恶魔！
218	brl	4	00002AF9	13	12	悟饭\n爸……爸……
219	brl	4	00002AF9	18	12	比克\n可恶……要是以为\n来到这颗星球的只有我们……\n那你就大错特错了……！
220	brl	4	00002AF9	23	12	帕拉伽斯\n只要布罗利的力量受我控制，\n无论谁来都没有用！
221	brl	4	00002AF9	30	12	悟空\n来晚了，\n真是抱歉啊……
222	brl	4	00002AF9	33	12	布罗利\n卡卡罗特……！
223	brl	5	00002712	13	17	布罗利击败贝吉塔，\n又打倒了特兰克斯和悟饭。
224	brl	5	00002712	14	17	眼看一切都将按照\n帕拉伽斯的计划进行，\n卡卡罗特……悟空却出现了。
225	brl	5	00002712	22	12	布罗利\n卡……卡卡罗特——！！！\n先从你开始，\n把你变成血祭！！！
226	brl	5	00002712	25	12	帕拉伽斯\n等等，布罗利！没时间了！\n彗星马上就会撞上这颗星球，\n它很快就要爆炸了！
227	brl	5	00002712	30	12	布罗利\n闭嘴……
228	brl	5	00002712	35	12	帕拉伽斯\n可恶！
229	brl	5	00002712	52	12	帕拉伽斯\n不行……已经控制不住了！
230	brl	5	00002712	55	12	贝吉塔\n可恶……卡卡罗特……\n把仙豆给我……
231	brl	5	00002712	58	12	帕拉伽斯\n布罗利……快点分出胜负！\n拖得太久，\n我们就无法逃出去了！！
232	brl	5	00002712	67	12	\n获得特殊能力\n“打倒卡卡罗特！”
233	brl	5	00002712	68	12	\n使用布罗利时，\n对手阵容中有悟空，且气力达到150以上，\n按下L键！
234	brl	6	00002AFA	20	12	布罗利\n卡卡罗特——……
235	brl	6	00002AFA	23	12	帕拉伽斯\n很好，布罗利……干得漂亮。\n现在你已名副其实地成为银河最强。\n走吧……我们撤离！
236	brl	6	00002AFA	28	12	布罗利\n…………
237	brl	6	00002AFA	33	12	帕拉伽斯\n布罗利！！
238	brl	6	00002AFA	41	12	布罗利\n是……是，爸爸。
239	brl	7	00002EE2	15	12	悟空\n我也算很耐打了……\n可那家伙……根本不是一个级别……
240	brl	7	00002EE2	18	12	布罗利\n已经结束了吗……？\n垃圾终究只是垃圾……\n哈——哈哈哈哈哈哈！！
241	brl	7	00002EE2	29	12	帕拉伽斯\n不妙……！！\n布罗利已经\n完全不受控制了！
242	brl	7	00002EE2	30	12	帕拉伽斯\n……这颗星球只剩几个小时了。\n不再受控制的你，\n已经成了我的累赘。
243	brl	7	00002EE2	31	12	帕拉伽斯\n虽然很可怜，\n但你就和这颗星球一起死吧。
244	brl	7	00002EE2	34	12	布罗利\n你打算去哪里……
245	brl	7	00002EE2	41	12	帕拉伽斯\n呜啊——！\n住、住手——！
246	brl	7	00002EE2	58	17	就这样，新贝吉塔行星\n从宇宙中消失了。
247	brl	7	00002EE2	59	17	布罗利被卷入星球爆炸，\n所有人都以为他已经死去。\n然而……
248	brl	8	00002713	11	17	新贝吉塔行星爆炸后，\n七年过去了。
249	brl	8	00002713	12	17	布罗利乘宇宙飞船逃出生天，\n在宇宙中漂泊许久后，\n最终抵达了地球。
250	brl	8	00002713	13	17	然而在地球上，\n悟空早已在与沙鲁的战斗中\n牺牲了。
251	brl	8	00002713	14	17	就在布罗利坠落的地点附近，\n毫不知情的悟饭、悟天等人\n正好前来游玩……
252	brl	8	00002713	20	12	悟天\n特兰克斯，等等我～！
253	brl	8	00002713	23	12	特兰克斯\n喂——，悟天！\n咦……快看那边……
254	brl	8	00002713	25	12	\n看到长得酷似悟空的悟天瞬间，\n布罗利突然狂暴起来。
255	brl	8	00002713	29	14	布罗利\n呜呜呜……\n……卡……卡卡罗特！\n是卡卡罗特——！
256	brl	8	00002713	39	12	悟天\n哇……哇啊……！\n他追过来了，特兰克斯！
257	brl	8	00002713	42	12	特兰克斯\n既然这样……悟天！
258	brl	8	00002713	45	12	悟天\n嗯！
259	brl	8	00002713	57	12	悟天\n融——……！
260	brl	8	00002713	59	12	特兰克斯\n合！
261	brl	8	00002713	61	14	悟天＆特兰克斯\n嘿！
262	brl	8	00002713	86	12	悟天克斯\n锵锵——！
263	brl	8	00002713	87	12	悟天克斯\n不知道你是哪来的赛亚人，\n就让我告诉你，\n谁才是最强的！
264	brl	9	00002AFB	14	12	悟天克斯\n还……还挺强嘛……\n不过本大爷真正的力量，\n现在就让你看个够！
265	brl	9	00002AFB	21	12	悟天＆特兰克斯\n……
266	brl	9	00002AFB	23	12	悟天\n融合结束了……
267	brl	9	00002AFB	26	12	特兰克斯\n……悟天，快逃！
268	brl	10	00002714	11	17	悟天和特兰克斯通过融合\n迎战布罗利，\n却依然败下阵来。
269	brl	10	00002714	12	17	与此同时，\n悟饭正和比迪丽两人\n进行舞空术特训。
270	brl	10	00002714	18	12	悟天\n哥哥——！快救命——！\n你……你快看那边——！
271	brl	10	00002714	23	14	布罗利\n呜哦哦哦——！\n咕哦哦哦——！
272	brl	10	00002714	28	12	悟饭\n布、布……布罗利！？
273	brl	11	00002AFC	13	12	悟饭\n已……已经不行了吗……
274	brl	11	00002AFC	24	12	悟空\n还没有！\n还没结束……悟饭！\n你还没有使出全部力量！
275	brl	11	00002AFC	35	12	悟饭\n爸……爸爸！
276	brl	11	00002AFC	40	14	布罗利\n卡卡罗特——……！
277	brl	12	00002715	12	17	击败贝吉塔后，\n布罗利与帕拉伽斯一同\n逃离了新贝吉塔行星。
278	brl	12	00002715	13	17	他们的下一个目标，\n是毁灭贝吉塔行星、将赛亚人\n逼至灭族的弗利萨一伙。
279	brl	12	00002715	14	17	但弗利萨早已在地球上\n被特兰克斯打倒，\n如今一伙人由古拉掌权。
280	brl	12	00002715	27	12	古拉\n你是……\n竟然还有赛亚人\n活了下来。
281	brl	12	00002715	30	12	内兹\n古拉大人，这里请交给我们！
282	brl	12	00002715	33	12	多雷\n这种战斗力连一万都不到的废物，\n就由本大爷来收拾！
283	brl	12	00002715	36	12	帕拉伽斯\n呵呵呵……\n你们根本一无所知。
284	brl	12	00002715	37	12	帕拉伽斯\n这个布罗利，\n正是传说中的超级赛亚人！！
285	brl	12	00002715	44	14	布罗利\n呜哦哦哦哦！！
286	brl	13	00002AFD	12	12	帕拉伽斯\n呵呵呵……\n不愧是你……不愧是布罗利！！\n就这样建立我们的帝国吧！
287	brl	14	00002716	13	17	击败古拉后，\n布罗利和帕拉伽斯\n建立起了庞大的宇宙帝国。
288	brl	14	00002716	14	17	银河中似乎已经\n再没有他们的敌手。\n然而……
289	brl	14	00002716	15	17	地球再次出现强大能量反应，\n感知到它的布罗利\n一天比一天狂暴。
290	brl	14	00002716	21	12	布罗利\n咕……咕哦哦哦！\n战斗……敌人……敌人！
291	brl	14	00002716	24	12	帕拉伽斯\n自从打倒巴达克的儿子后，\n布罗利的意志越来越强，\n我的控制力也在减弱……
292	brl	14	00002716	25	12	帕拉伽斯\n这样下去太危险了。\n必须先让布罗利稳定下来！
293	brl	14	00002716	31	17	为了切断能量源头，\n帕拉伽斯带着布罗利\n飞往了地球。
294	brl	14	00002716	32	17	在地球上，沙鲁趁悟空等人死亡之机，\n轻易进化为完全体，\n四处大肆破坏。
295	brl	14	00002716	43	14	布罗利\n呜嘎啊啊啊啊啊！
296	brl	14	00002716	50	12	沙鲁\n……什么人？\n看起来像赛亚人，\n但似乎不是孙悟空。
297	brl	14	00002716	55	12	布罗利\n哈……哈……\n敌人……杀掉……\n敌人……杀掉！
298	brl	14	00002716	62	12	沙鲁\n也好。好不容易成为完全体，\n孙悟空却不在，正觉得无聊。\n我来陪你玩玩！
299	brl	15	00002AFE	12	12	沙鲁\n什……什么！\n我、我竟然会败……！
300	brl	15	00002AFE	17	14	布罗利\n呜哦哦哦哦哦哦……！\n哈啊啊啊啊啊啊！
301	brl	15	00002AFE	21	12	\n无数道光芒从愤怒至极的\n布罗利体内迸发而出！
302	brl	15	00002AFE	51	14	沙鲁\n咕哦哦哦哦哦……！
303	brl	15	00002AFE	73	12	\n获得究极技\n“爆裂流星”！
304	brl	15	00002AFE	74	12	\n布罗利的体力变红时，\n将气力提升至150以上，\n按下X＋A键！
305	brl	16	00002717	11	17	布罗利与沙鲁的激战，\n甚至撼动了整个地球……
306	brl	16	00002717	12	17	有人利用了这场战斗产生的\n庞大能量。\n那就是魔导师巴比迪。
307	brl	16	00002717	13	17	巴比迪利用这些能量，\n复活了魔人布欧。
308	brl	16	00002717	31	12	魔人布欧\n布欧——！\n你很强啊！\n我来陪你玩！
309	brl	16	00002717	34	12	布罗利\n什么……这可笑的家伙……\n这个银河中，怎么可能存在\n比我更强的人——！！
310	brl	17	00002AFF	13	12	巴比迪\n什……什么！\n我……我的魔人布欧竟然……
311	brl	17	00002AFF	16	12	魔人布欧\n呜……呜……
312	brl	17	00002AFF	19	12	布罗利\n呵呵呵……哈——哈哈哈哈！\n结束了……给你最后一击！\n消失吧——！！
313	brl	17	00002AFF	25	12	巴比迪\n怎么会……！\n我要死……了……\n为……什么…………
314	brl	17	00002AFF	30	14	魔人布欧\n布呜呜呜呜呜！
315	brl	18	00002718	13	17	在布罗利与悟空的战斗中，\n新贝吉塔行星毁灭了。
316	brl	18	00002718	14	17	本应随爆炸一同死去的布罗利，\n竟然被撒旦先生\n救了下来。
317	brl	18	00002718	15	17	在行星毁灭前一刻，\n布罗利乘宇宙飞船逃脱，\n最终坠落到了地球。
318	brl	18	00002718	16	17	而且他落地时头部受到重击，\n完全失去了记忆……
319	brl	18	00002718	22	12	布罗利\n呃……！？
320	brl	18	00002718	30	12	布罗利\n不行……想不起来……
321	brl	18	00002718	33	12	撒旦先生\n只记得自己的名字吗……\n真是的，竟然捡了个\n这么麻烦的家伙……
322	brl	18	00002718	45	12	18号\n撒旦！\n总算找到你了！！
323	brl	18	00002718	46	12	18号\n上次武道会答应的\n两千万泽尼！！\n一分不少地给我付清！
324	brl	18	00002718	49	12	撒旦先生\n咿！！\n对……对不起！\n奖金还没发下来呢！
325	brl	18	00002718	52	12	18号\n又来这套！\n再不老实点的话……！
326	brl	18	00002718	64	12	撒旦先生\n咿……咿呀呀呀！！\n救、救救我啊！
327	brl	18	00002718	75	12	布罗利\n住手……\n这个人……救过我的命。
328	brl	18	00002718	78	12	18号\n哼……！\n那跟我有什么关系！\n再碍事我可不会手下留情！
329	brl	18	00002718	81	12	布罗利\n呜……呜嘎啊啊啊！
330	brl	18	00002718	94	12	18号\n这、这家伙是什么人……？
331	brl	19	00002B00	13	12	18号\n什……！\n这家伙……是怪物吗！？
332	brl	19	00002B00	16	12	撒旦先生\n太……太厉害了！！好强！\n（对、对了……嘿嘿嘿嘿！\n我想到一个好主意！！）
333	brl	20	00002719	11	17	见识到布罗利的强大后，\n撒旦宣称他是自己的弟子，\n两人组成了双人队伍。
334	brl	20	00002719	12	17	随后，他又联系各大媒体，\n举办了世界第一双人锦标赛。
335	brl	20	00002719	13	17	正如撒旦所料，\n没有人是布罗利的对手，\n两人距离夺冠只差一步。
336	brl	20	00002719	19	12	撒旦先生\n呜哦哦——！\n有人能打倒我和这位\n最强弟子吗——！！
337	brl	20	00002719	22	12	布罗利\n…………
338	brl	20	00002719	25	12	雅木茶\n真是的……\n他还是老样子，\n一得意就忘形。
339	brl	20	00002719	28	12	天津饭\n是啊……\n确实让人火大。\n稍微教训他一下吧。
340	brl	20	00002719	31	12	克林\n……那个瘦高个，\n我好像在哪里见过……
341	brl	20	00002719	34	12	布罗利\n……撒旦先生，\n请退到安全的地方。
342	brl	21	00002B01	12	12	撒旦先生\n嘎——哈哈哈哈！\n不愧是布罗利！！\n干得漂亮！！
343	brl	21	00002B01	18	12	布罗利\n……卡卡……罗特……
344	brl	21	00002B01	21	12	撒旦先生\n嗯……？\n怎么了，布罗利？
345	brl	21	00002B01	27	12	悟空\n布罗利……！\n你……竟然还活着！
346	brl	21	00002B01	38	12	撒旦先生\n你……你们是什么人！！\n不许妨碍比赛！
347	brl	22	0000271A	11	17	在世界第一双人锦标赛的\n决赛现场看到悟空后，\n布罗利的样子骤然改变。
348	brl	22	0000271A	17	12	布罗利\n卡……卡罗特……\n卡卡……罗特……！！\n呜……呜哦哦哦！！！
349	brl	22	0000271A	23	12	撒旦先生\n怎、怎么了！？\n喂……振作一点！
350	brl	22	0000271A	26	12	布罗利\n卡卡罗特……卡卡罗特……\n卡卡罗特——！！！！！！
351	brl	22	0000271A	40	12	悟空\n不行……他已经\n完全失去理智了……！
352	brl	22	0000271A	43	12	贝吉塔\n蠢货……！\n都怪你们让这家伙活着！
353	brl	22	0000271A	46	12	悟饭\n爸爸……我们上吧！
354	brl	22	0000271A	49	12	布罗利\n你们这些虫子！！！\n这次一定杀了你们……！
355	brl	23	00002B02	14	12	悟空\n太……太强了！
356	brl	23	00002B02	17	12	布罗利\n哈——哈哈哈哈！\n这次就给你最后一击！！
357	brl	23	00002B02	21	12	\n然而，撒旦却挡在了\n悟空面前。
358	brl	23	00002B02	23	12	撒旦先生\n布……布罗利！！住手！\n你、你还认得我吗？
359	brl	23	00002B02	28	12	布罗利\n呜……嘎……！\n卡卡罗特……杀掉！\n……撒旦！
360	brl	23	00002B02	32	12	布罗利\n卡卡罗特……撒旦……！\n撒旦……！\n呜……呜嘎啊啊啊啊啊啊！
361	brl	23	00002B02	40	12	布罗利\n哈啊……哈啊……
362	brl	23	00002B02	51	12	悟空\n布罗利……\n你到底怎么了……
363	brl	23	00002B02	57	17	撒旦拼命的呼唤终于传达，\n布罗利奇迹般地平静下来。
364	brl	23	00002B02	58	17	从那以后，他偶尔在悟空附近\n仍会变得兴奋，却再也没有\n陷入过狂暴……
365	brl	24	00004E20	11	12	悟饭\n布罗利……接招！\n龟——派——气——功——\n波——！
366	brl	24	00004E20	15	12	悟天\n哥哥……我也来！\n哈啊啊啊！
367	brl	24	00004E20	23	12	悟空\n我也来助你们一臂之力！\n加油啊……你们两个！
368	brl	24	00004E20	28	14	布罗利\n咕啊啊啊啊啊……！
369	brl	24	00004E20	54	17	布罗利被龟派气功轰飞，\n消失在了岩浆之中。
370	brl	24	00004E20	55	17	然而……
371	brl	24	00004E20	58	12	布罗利\n卡卡罗特……\n我还不会死……！\n在杀死你之前绝不会！
372	brl	25	00004E21	10	12	帕拉伽斯\n哈——哈哈哈哈！！\n太棒了！太棒了！！！
373	brl	25	00004E21	11	12	帕拉伽斯\n只要有你，\n整个银河都是我们的！
374	brl	25	00004E21	14	12	布罗利\n是。谨遵爸爸的命令……
375	brl	25	00004E21	17	12	帕拉伽斯\n那么，下一颗要夺取哪颗星球呢？\n希望能遇上值得一战的敌人啊，\n布罗利！
376	brl	25	00004E21	18	12	帕拉伽斯\n卡卡罗特已经不在了……\n这个宇宙中，\n再没人能威胁布罗利！
377	brl	25	00004E21	19	12	帕拉伽斯\n哈——哈哈哈哈！
378	brl	25	00004E21	22	12	布罗利\n卡卡……罗……特……
379	brl	25	00004E21	36	17	但帕拉伽斯没有察觉，\n正是卡卡罗特……悟空的存在，\n让布罗利保持了稳定……
380	brl	25	00004E21	37	17	终有一天，布罗利会开始\n无人能够阻止的暴走。\n而那一天，已经不远了……
381	cel	0	00002710	8	17	格罗博士死后，\n他的电脑仍继续进行研究，\n最终创造出名为沙鲁的生命体。
382	cel	0	00002710	9	17	沙鲁只有一个目的……\n成为完全体。
383	cel	0	00002710	10	17	电脑也告诉了沙鲁\n成为完全体的方法：\n必须吸收人造人17号和18号。
384	cel	0	00002710	11	17	沙鲁寻找17号与18号时，\n却发现他们早已被人打倒。
385	cel	0	00002710	12	17	沙鲁杀死特兰克斯，\n夺取时光机，前往了\n人造人尚且存在的过去。
386	cel	0	00002710	18	12	比克\n你这家伙……是什么人！？
387	cel	0	00002710	21	12	沙鲁\n我知道你。\n比克大魔王……
388	cel	0	00002710	22	12	沙鲁\n我的名字是沙鲁。\n是用你、孙悟空等人的细胞\n制造出来的人造人……
389	cel	0	00002710	23	12	沙鲁\n高兴吧……\n只要吸收你这样的生命精华，\n我就能更接近完全体。
390	cel	0	00002710	26	12	比克\n什么！？\n完全体……
391	cel	1	00002AF8	11	12	沙鲁\n还挺有一套嘛……\n虽说现在的我还不是完全体……
392	cel	1	00002AF8	14	12	特兰克斯\n比克先生！！
393	cel	1	00002AF8	17	12	沙鲁\n特兰克斯！！\n他为什么会在这里……！\n难道也乘时光机……
394	cel	1	00002AF8	21	12	比克\n照现在的情况来看，\n你似乎没有胜算了……
395	cel	1	00002AF8	24	12	沙鲁\n17号和18号，我一定会得到！\n无论你们如何阻挠，\n都改变不了结果！！
396	cel	1	00002AF8	27	12	沙鲁\n太阳拳！！
397	cel	2	00002711	9	17	从比克等人手中逃走后，\n沙鲁为了提升力量，\n持续袭击并吸收人类。
398	cel	2	00002711	10	17	某一天……沙鲁感知到了\n比克与17号的战斗。
399	cel	2	00002711	11	17	通过吸收人类获得的力量，\n不知不觉已超越了比克……
400	cel	2	00002711	17	12	沙鲁\n呵呵呵……\n值得纪念的日子终于到来了。
401	cel	2	00002711	22	12	比克\n沙……沙鲁！！\n可恶……我只顾着战斗，\n竟没察觉他接近！
402	cel	2	00002711	25	12	17号\n那……那个怪人是谁！？\n虽然不知道他是什么人……但碍事！\n赶紧消失！
403	cel	2	00002711	28	12	沙鲁\n高兴吧……我的兄弟！\n只要将你们两人吸收，\n完美的超人就会诞生！
404	cel	2	00002711	31	12	17号\n玩笑也要有个限度……\n谁会让你这种家伙\n吸收掉……
405	cel	2	00002711	36	12	沙鲁\n你们的意愿根本无关紧要。\n被我吸收，\n早已是注定的结果。
406	cel	3	00002AF9	10	12	比克\n呃啊……可、可恶……\n快逃！17号！！
407	cel	3	00002AF9	13	12	沙鲁\n无谓的抵抗已经结束了吗……？\n那么，就让我吸收你吧。
408	cel	3	00002AF9	16	12	17号\n放、放开我！\n你这个丑陋的怪物！
409	cel	3	00002AF9	17	12	17号\n呜啊……呜啊啊啊——！！
410	cel	3	00002AF9	26	12	沙鲁\n好了……接下来轮到你了，18号。\n让我们一起打造\n完整的完全体吧。
411	cel	3	00002AF9	35	12	\n获得究极技\n“吸收”！
412	cel	3	00002AF9	36	12	\n沙鲁（未完成体）的体力变红时，\n将气力提升至150以上，\n靠近对手按下X＋A键！
413	cel	4	00002712	10	17	吸收17号后，\n沙鲁又将目标转向了18号。
414	cel	4	00002712	11	17	但在精神时光屋中\n大幅提升实力的贝吉塔和特兰克斯，\n挡在了他的面前。
415	cel	4	00002712	12	17	然而，渴望与完全体交手的\n贝吉塔主动放行，\n让沙鲁成功吸收了18号。
416	cel	4	00002712	18	12	沙鲁\n咕、呜哦哦哦……！
417	cel	4	00002712	37	12	沙鲁\n………………
418	cel	4	00002712	40	12	贝吉塔\n呵呵呵……\n看来所谓的完全体，\n也不过如此。
419	cel	4	00002712	41	12	贝吉塔\n个头还比之前缩小了。\n赶紧结束吧。
420	cel	4	00002712	50	12	沙鲁\n那就有劳了……贝吉塔。
421	cel	4	00002712	67	12	\n新增角色\n“沙鲁（完全体）”！\n可在角色选择中使用！
422	cel	5	00002AFA	13	12	沙鲁\n呵呵呵……\n这就是超级贝吉塔吗。
423	cel	5	00002AFA	16	12	贝吉塔\n去死吧……沙鲁！！\n终极闪光——！！
424	cel	5	00002AFA	26	12	沙鲁\n咕……呃……难、难道\n身为完全体的我竟然……\n可、可恶……
425	cel	5	00002AFA	32	12	沙鲁\n骗你的……\n难道你忘了，\n我体内也有比克的细胞？
426	cel	5	00002AFA	35	12	贝吉塔\n可……！！
427	cel	5	00002AFA	40	12	沙鲁\n刚才的气势到哪里去了？\n笑一个啊……贝吉塔。
428	cel	5	00002AFA	43	12	沙鲁\n热身也差不多该结束了。\n哈啊！
429	cel	5	00002AFA	65	12	特兰克斯\n爸、爸爸！！\n可恶！！
430	cel	5	00002AFA	68	12	沙鲁\n碍事……！
431	cel	5	00002AFA	77	12	特兰克斯\n呜啊啊啊啊……！！！
432	cel	5	00002AFA	81	12	贝吉塔\n特兰克斯……！
433	cel	5	00002AFA	91	12	\n就在这时，一枚\n万能胶囊从特兰克斯的战斗服中\n掉落出来。
434	cel	5	00002AFA	93	12	沙鲁\n……这枚胶囊里是时光机吗。\n或许能派上用场。\n我就收下了。
435	cel	5	00002AFA	94	12	沙鲁\n至于该怎么\n处置你们……\n我决定举办一场武道大会。
436	cel	5	00002AFA	95	12	沙鲁\n特别优待你们十天时间。\n在那之前尽量变强，\n好好取悦我吧。
437	cel	5	00002AFA	96	12	沙鲁\n我会独自出战，\n你们来多少人都无所谓……\n人数越多，对你们越有利。
438	cel	5	00002AFA	97	12	沙鲁\n名字嘛……对了，\n就叫“沙鲁游戏”吧。
439	cel	6	00002EE2	2	12	沙鲁\n给你最后一击前，我有个问题。\n只要有时间……\n你还能进一步提升力量吗？
440	cel	6	00002EE2	7	12	特兰克斯\n谁知道……不试试怎么会明白。\n……你为什么问这个？
441	cel	6	00002EE2	10	12	沙鲁\n那么……下一个问题。\n孙悟空在做什么？\n为什么还没有出现？
442	cel	6	00002EE2	13	12	特兰克斯\n……悟空先生正在修炼，\n为打倒你做准备！\n明天就会来和你战斗！
443	cel	6	00002EE2	18	12	沙鲁\n回答得不错。
444	cel	6	00002EE2	19	12	沙鲁\n那么……我就举办武道大会。\n特别优待你们十天时间，\n在那之前尽量变强吧。
445	cel	6	00002EE2	20	12	沙鲁\n我会独自出战，\n你们来多少人都无所谓……\n人数越多，对你们越有利。
446	cel	6	00002EE2	21	12	沙鲁\n名字嘛……对了，\n就叫“沙鲁游戏”吧。
447	cel	6	00002EE2	24	12	特兰克斯\n沙鲁！\n举办武道大会的目的是什么！！\n你最终到底想做什么！
448	cel	6	00002EE2	29	12	沙鲁\n武道大会的目的，是确认我的力量，\n并让全世界陷入恐惧。
449	cel	6	00002EE2	30	12	沙鲁\n我没有什么最终目的。\n非要说的话……就是享受乐趣。
450	cel	7	00002713	9	17	沙鲁占领电视台，\n向全世界宣布举办沙鲁游戏。
451	cel	7	00002713	10	17	十天后……\n决定全世界命运的战斗，\n正式拉开帷幕。
452	cel	7	00002713	16	12	沙鲁\n时间到了……谁都可以。\n赶紧出来。
453	cel	7	00002713	21	12	悟空\n好！那就先让我\n来和你打一场吧。
454	cel	7	00002713	27	12	沙鲁\n一开始就是你吗……\n我本想把最大的乐趣\n留到最后。
455	cel	7	00002713	30	12	沙鲁\n来吧！！
456	cel	8	00002AFB	12	12	悟空\n哈啊……哈啊……哈啊……
457	cel	8	00002AFB	17	12	沙鲁\n看来你消耗了不少体力。\n吃一颗所谓的仙豆吧。
458	cel	8	00002AFB	24	12	悟空\n我认输！\n你的强大我已经彻底明白了！\n我不打了。
459	cel	8	00002AFB	30	12	沙鲁\n孙悟空……\n你明白自己这句话的意思吗？
460	cel	8	00002AFB	31	12	沙鲁\n一旦再没人参加沙鲁游戏，\n地球上的所有人类\n都会死。
461	cel	8	00002AFB	34	12	悟空\n别误会。\n又不是已经\n没有人可以继续战斗了，对吧？
462	cel	8	00002AFB	35	12	悟空\n我可以指定下一个对手吗？
463	cel	8	00002AFB	40	12	沙鲁\n你这家伙……\n真的打算认输吗……
464	cel	10	00002714	10	17	悟空指定的人，正是自己的儿子悟饭。
465	cel	10	00002714	11	17	不仅如此，悟空还把仙豆交给了沙鲁。
466	cel	10	00002714	17	12	悟饭\n…………
467	cel	10	00002714	23	12	沙鲁\n真是个狂妄的小鬼……\n已经完全进入状态了吗……
468	cel	10	00002714	26	12	悟饭\n哈啊！
469	cel	10	00002714	34	12	沙鲁\n看来孙悟空说的话，\n似乎也不全是\n虚张声势……
470	cel	10	00002714	35	12	沙鲁\n不过，说你能够打败我，\n看来还是夸大其词了。
471	cel	10	00002714	38	12	沙鲁\n马上就杀了你……！
472	cel	11	00002AFC	11	12	沙鲁\n来吧，孙悟空！！\n无聊的玩笑该结束了！\n再和我战斗一次！！
473	cel	11	00002AFC	14	12	悟空\n笨——蛋！\n好好看看你身后！
474	cel	11	00002AFC	34	12	沙鲁\n什么！？\n变……变了……！？
475	cel	12	00002715	11	17	因愤怒而觉醒真正力量的悟饭，\n开始压倒沙鲁。
476	cel	12	00002715	17	12	沙鲁\n我……我怎么可能\n输给你这种家伙，\n绝不可能——！！
477	cel	12	00002715	20	12	悟饭\n哈啊！
478	cel	12	00002715	30	12	沙鲁\n啊……嘎……呜啊……嘎！！\n呜啊啊！！！
479	cel	12	00002715	35	12	沙鲁\n呜……呕……！！
480	cel	12	00002715	46	12	克林\n是18号！！！\n他把18号吐出来了……！！
481	cel	12	00002715	50	12	悟饭\n切，真没意思……\n这样的话……\n你也已经完了。
482	cel	12	00002715	53	12	沙鲁\n咕呃呃……不、不可饶恕……！\n不可饶恕——！！！！
483	cel	12	00002715	63	12	沙鲁\n既然这样，我就自爆！！\n我会死，你们也全都得死！\n连同整个地球一起……！
484	cel	12	00002715	72	12	\n获得特殊能力\n“自爆”！
485	cel	12	00002715	73	12	\n使用沙鲁（未完成体）时，\n体力变红后按L键！
486	cel	12	00002715	84	12	\n获得特殊能力\n“尊严”！
487	cel	12	00002715	85	12	\n使用沙鲁（完全体）时，\n体力变红后按L键！
488	cel	13	00002AFD	11	12	沙鲁\n啊——哈\n哈哈哈哈哈哈……！！！！
489	cel	14	00002716	8	17	距离沙鲁游戏举办还有一段时间，\n无所事事的沙鲁\n回到了诞生自己的研究所。
490	cel	14	00002716	9	17	但克林和特兰克斯\n也正在那里寻找\n仍处于研究阶段的沙鲁。
491	cel	14	00002716	15	12	克林\n这东西会变成沙鲁吗……\n不过现在毁掉也没意义吧？
492	cel	14	00002716	18	12	特兰克斯\n是的……但是，\n这样一来，这个时空的未来\n就不会再诞生沙鲁。
493	cel	14	00002716	21	12	克林\n好，动手吧！
494	cel	14	00002716	24	12	沙鲁\n遗憾……我不会让你得逞。
495	cel	14	00002716	27	12	特兰克斯\n沙……沙鲁！
496	cel	14	00002716	30	12	沙鲁\n对你们动真格，\n未免显得我太不成熟……\n就让你们看点有趣的东西吧。
497	cel	14	00002716	31	12	沙鲁\n小沙鲁……我的孩子们！\n……去吧！
498	cel	14	00002716	48	12	\n新增角色\n“小沙鲁”！\n可在角色选择中使用！
499	cel	14	00002716	58	12	\n获得团队必杀技\n“小沙鲁乱舞”！
500	cel	14	00002716	59	12	\n让沙鲁（完全体）与小沙鲁\n组成队伍，并在气力达到200时，\n触摸团队必杀技按钮！
501	cel	15	00002AFE	10	12	克林\n可……恶啊啊啊！
502	cel	15	00002AFE	13	12	沙鲁\n虽然现在的我不会受到影响，\n但眼看自己被杀，\n终究不是什么愉快的事……
503	cel	16	00002717	10	17	悟空认输激怒了沙鲁，\n他释放出了愤怒的力量。
504	cel	16	00002717	11	17	沙鲁发出的巨大龟派气功，\n将悟空等人彻底消灭。
505	cel	16	00002717	17	12	沙鲁\n啧……本来还想多享受一会儿，\n没想到算错了……\n连孙悟空也一起轰飞了……
506	cel	16	00002717	18	12	？？？？\n啪啦啪——！
507	cel	16	00002717	25	12	沙鲁\n这里是……！？
508	cel	16	00002717	28	12	达普拉\n呵呵呵……\n我是魔界之王达普拉。
509	cel	16	00002717	29	12	达普拉\n看你似乎很闲。\n要不要和我们交手？\n我还准备了一位特别嘉宾。
510	cel	16	00002717	30	12	达普拉\n就是那位号称宇宙最强的人……
511	cel	16	00002717	33	12	弗利萨\n…………
512	cel	16	00002717	37	12	沙鲁\n竟把弗利萨这种货色称为最强，\n看来魔界之王也不过如此。
513	cel	16	00002717	38	12	沙鲁\n也好……\n谁才是真正的最强，\n就让你的身体牢牢记住。
514	cel	17	00002AFF	11	12	达普拉\n咕啊啊啊……！！！
515	cel	17	00002AFF	14	12	弗利萨\n呜呜……为、为什么……！\n我为什么会在这种地方……！？
516	cel	17	00002AFF	17	12	沙鲁\n哦……\n所谓的魔界之王一死，\n控制似乎也解除了。
517	cel	17	00002AFF	28	12	巴比迪\n咿——嘻嘻嘻！\n达普拉，你干得很好！
518	cel	17	00002AFF	29	12	巴比迪\n多亏了他们的战斗，\n魔人布欧已经充满能量！\n魔人布欧终于要复活啦——！！
519	cel	18	00002718	23	12	魔人布欧\n布欧——！
520	cel	18	00002718	26	12	巴比迪\n这、这家伙就是魔人布欧！？
521	cel	18	00002718	27	12	巴比迪\n来吧，魔人布欧！第一道命令！\n拿那家伙试试身手，把他杀掉！
522	cel	18	00002718	30	12	沙鲁\n呵呵呵……有意思！\n正好当作余兴节目。
523	cel	18	00002718	33	12	弗利萨\n你叫沙鲁是吧……\n我也来助你一臂之力。\n我正想报被他们愚弄的仇。
524	cel	18	00002718	51	12	\n获得团队必杀技\n“绝对邪恶”！
525	cel	18	00002718	52	12	\n让沙鲁（完全体）与弗利萨\n组成队伍，并在气力达到200时，\n触摸团队必杀技按钮！
526	cel	19	00002B00	12	14	弗利萨\n为、为什么啊啊啊！\n我的身体正在消失！！
527	cel	19	00002B00	42	12	巴比迪\n那还用说……\n你本来就是靠我的力量才活着。\n真是个蠢货……
528	cel	19	00002B00	46	12	沙鲁\n呵呵呵。\n那个所谓的魔人布欧也消灭了吗……
529	cel	19	00002B00	49	12	沙鲁\n这下，我就是\n宇宙最强了吧……
530	cel	19	00002B00	50	12	沙鲁\n真是空虚。\n宇宙明明如此辽阔，\n却没有人能够超越我！
531	cel	19	00002B00	51	12	沙鲁\n算了……\n在能打败我的人出现之前，\n就先沉睡吧……
532	cel	19	00002B00	57	17	沙鲁就此陷入深眠。\n直到某个足够强大、\n能令他满足的人出现……
533	cel	20	00002719	8	17	等待沙鲁游戏举办期间，\n沙鲁想到了一个\n小小的消遣。
534	cel	20	00002719	14	12	沙鲁\n我手里还有从特兰克斯那里\n得到的时光机。
535	cel	20	00002719	15	12	沙鲁\n还能运作……\n返程所需的能量也很充足。
536	cel	20	00002719	21	17	沙鲁前往了未来。\n……为了与自己战斗。
537	cel	20	00002719	27	12	沙鲁\n那么……去找另一个我吧。
538	cel	20	00002719	30	12	沙鲁\n没有必要！\n我等你很久了，另一个我。
539	cel	20	00002719	33	12	沙鲁\n如果是你，\n一定能让我尽兴。\n毕竟你是宇宙最强！
540	cel	21	00002B01	10	12	沙鲁\n呵呵呵……真是不错的余兴。\n未来的我，\n竟然拥有这么有趣的招式……
541	cel	21	00002B01	22	12	\n获得究极技\n“全力猛攻”！
542	cel	21	00002B01	23	12	\n沙鲁（完全体）的体力变红时，\n将气力提升至150以上，\n面向上方按下X＋A键！
543	cel	22	00004E20	6	17	沙鲁自爆，摧毁了一切。\n然而……
544	cel	22	00004E20	12	12	沙鲁\n……！！\n……这里是哪里。\n我还活着吗……
545	cel	22	00004E20	15	12	沙鲁\n我明明已经自爆……\n看来核心幸运地完好无损。
546	cel	22	00004E20	18	12	沙鲁\n呵呵呵……\n而且战斗力也大幅提升了。
547	cel	22	00004E20	21	12	沙鲁\n……能感受到悟饭他们的气。\n也就是说，我失败了吗。
548	cel	22	00004E20	24	12	沙鲁\n哼……无所谓。\n现在返回地球，\n把他们全部解决掉……
549	col	0	00002710	10	17	弗利萨被悟空打倒，\n古拉一族的尊严也因此受损。
550	col	0	00002710	11	17	古拉抵达地球后，\n为了引出悟空，\n开始大肆破坏城市。
551	col	0	00002710	12	17	赶到现场的，\n是悟饭和比克。
552	col	0	00002710	18	12	沙维扎\n你是什么人？\n看样子，是个\n赛亚人的小鬼……
553	col	0	00002710	21	12	多雷\n呵，这家伙就是\n超级赛亚人吗？
554	col	0	00002710	24	12	悟饭\n你们这些家伙！\n为什么要做这种事！？
555	col	0	00002710	27	12	古拉\n你知道那个打倒弗利萨的\n超级赛亚人吗？
556	col	0	00002710	31	12	比克\n哼……！\n想知道就凭本事问出来！
557	col	1	00002AF8	11	12	沙维扎\n哈——哈哈哈哈！\n真是不知天高地厚！
558	col	1	00002AF8	14	12	古拉\n哼……区区那美克星人，\n也以为能战胜\n宇宙最强的我吗！
559	col	2	00002711	14	12	内兹\n古拉大人！！\n有一股巨大的战斗力正在接近！！
560	col	2	00002711	17	12	古拉\n总算……现身了吗……
561	col	2	00002711	25	12	悟空\n你……你是弗利萨！
562	col	2	00002711	28	12	古拉\n别把我和那个\n没用的弟弟混为一谈……
563	col	2	00002711	29	12	古拉\n你就是打倒弗利萨的\n所谓传说中的超级赛亚人吗。
564	col	2	00002711	32	12	悟空\n就为了把我引出来……！\n你这家伙……不可饶恕！！
565	col	2	00002711	37	12	古拉\n继承我族荣耀血脉之人，\n绝不允许失败！！
566	col	2	00002711	38	12	古拉\n弗利萨的软弱带来的屈辱，\n就由我在这里洗刷！！
567	col	2	00002711	39	12	古拉\n对付你们这种货色，\n我连一点伤都不会受……
568	col	2	00002711	57	12	\n获得特殊能力\n“洗刷污名”！
569	col	2	00002711	58	12	\n使用古拉时，\n同队的弗利萨被打倒后，\n将自动发动！
570	col	3	00002AF9	13	12	古拉\n哼！无聊……\n看来所谓的超级赛亚人，\n终究只是传说……
571	col	3	00002AF9	14	12	古拉\n我要把你连同这颗星球，\n一起化为宇宙尘埃！！
572	col	3	00002AF9	17	12	悟空\n可恶……
573	col	3	00002AF9	21	14	悟空\n呜哦哦哦哦哦哦！！
574	col	3	00002AF9	39	12	古拉\n这、这副变化是……！？
575	col	3	00002AF9	53	17	觉醒为超级赛亚人的悟空，\n将古拉轰飞到了\n宇宙空间……
576	col	4	00002EE1	11	12	古拉\n……废物。\n你根本没有变成\n超级赛亚人嘛！
577	col	4	00002EE1	14	12	古拉\n好，从现在起\n开始执行地球侵略计划。\n所有反抗者格杀勿论！
578	col	4	00002EE1	20	17	古拉军实力强大，\n地球军队转眼之间\n便被彻底击溃。
579	col	5	00002712	9	17	被悟空打倒的古拉，\n漂流在宇宙空间。
580	col	5	00002712	10	17	他的身体最终抵达巨型机械星\n比格盖特星，\n并与星球主电脑融合。
581	col	5	00002712	11	17	就这样，成为比格盖特星\n意志的古拉，开始了\n对新那美克星的侵略。
582	col	5	00002712	17	12	比克\n怎……怎么可能！？\n你是古拉！！\n竟然还活着……！
583	col	5	00002712	20	12	金属古拉\n那美克星人的垃圾。\n没想到你也还活着……
584	col	5	00002712	21	12	金属古拉\n正好……\n就先从你开始\n清理吧！
585	col	5	00002712	22	12	金属古拉\n对付你这种货色，\n我一具身体都不会损失！
586	col	6	00002AFA	15	12	金属古拉\n凭比格盖特星的科技复活后，\n你已经不是我的对手……！
587	col	6	00002AFA	16	12	金属古拉\n等比格盖特星吞噬这颗星球，\n下一个……就是地球！！\n等着吧，超级赛亚人！
588	col	6	00002AFA	25	12	\n新增角色\n“金属古拉”！\n可在角色选择中使用！
589	col	7	00002EE2	11	12	金属古拉\n呵呵呵……\n凭借比格盖特星的科技复活后，\n我已经无敌了！
590	col	7	00002EE2	12	12	金属古拉\n哈——哈哈哈哈哈哈！
591	col	8	00002713	9	17	比克被打倒，\n新那美克星即将被比格盖特星\n彻底吞噬。就在这时……
592	col	8	00002713	10	17	察觉到比克遭遇危机的悟空，\n抵达了新那美克星。
593	col	8	00002713	16	12	金属古拉\n呵呵呵……\n终于见到你了……超级赛亚人。
594	col	8	00002713	17	12	金属古拉\n就在这里分出胜负！\n看看谁才是宇宙第一强者！！
595	col	8	00002713	27	12	贝吉塔\n给我等一下！\n别小看赛亚人！
596	col	8	00002713	36	12	金属古拉\n什么！？\n竟然有……两个超级赛亚人……
597	col	8	00002713	39	12	贝吉塔\n打倒卡卡罗特的人，\n是我！！
598	col	8	00002713	42	12	金属古拉\n哼！\n猴子来多少只都一样……！\n把你们一起送进地狱！
599	col	9	00002AFB	20	12	悟空\n唔……！
600	col	9	00002AFB	23	12	贝吉塔\n可……可恶……！
601	col	9	00002AFB	26	12	金属古拉\n面对比格盖特星科技创造的\n最强之躯，\n竟然还能坚持到现在……
602	col	9	00002AFB	27	12	金属古拉\n你们那超乎常理的\n超级赛亚人生命能量，\n我就全部收下了！
603	col	10	00002714	14	12	贝吉塔\n我……我怎么可能会输！
604	col	10	00002714	20	17	贝吉塔被打倒后，\n地球上再没有战士\n能够与古拉抗衡。
605	col	10	00002714	21	17	古拉接连侵占地球各大城市，\n转眼之间便统治了整个地球。
606	col	10	00002714	22	17	身体机械化的弗利萨\n也加入了他的阵营，\n地球人已毫无胜算。
607	col	10	00002714	23	17	就这样，十年过去了……
608	col	10	00002714	29	12	古拉\n什么！？\n还没找到幸存的\n赛亚人吗！
609	col	10	00002714	32	12	沙维扎\n是！\n非常抱歉。
610	col	10	00002714	35	12	内兹\n可是，他们总能趁\n我们的监视出现空隙时……
611	col	10	00002714	38	12	古拉\n我不想听借口！\n好，我亲自出马。
612	col	10	00002714	41	12	沙维扎\n古拉大人亲自……！？\n太危险了！
613	col	10	00002714	44	12	古拉\n就是因为你们无能，\n才需要我亲自出马！\n跟我来！弗利萨！
614	col	10	00002714	47	12	机械弗利萨\n是……
615	col	10	00002714	53	17	幸存下来的悟饭，\n一直训练贝吉塔的遗子\n特兰克斯。
616	col	10	00002714	54	17	为了从古拉手中\n夺回地球，\n他们日夜奋战。
617	col	10	00002714	60	12	古拉\n孙悟饭……\n我那些无能的部下，\n似乎承蒙你关照了。
618	col	10	00002714	63	12	悟饭\n大将终于亲自出场了吗！\n我等这一刻很久了！
619	col	10	00002714	66	12	特兰克斯\n悟饭先生！一起上吧！
620	col	11	00002AFC	12	12	古拉\n……告诉我，\n你们为什么知道\n哪里的监视最薄弱？
621	col	11	00002AFC	15	12	机械弗利萨\n…………
622	col	11	00002AFC	18	12	悟饭\n谁会告诉你……\n快逃，特兰克斯！
623	col	11	00002AFC	27	17	悟饭的一击让古拉出现破绽，\n特兰克斯趁机逃走了。
624	col	11	00002AFC	33	12	古拉\n哼……该死的赛亚人！\n好好见识我的力量吧！
625	col	11	00002AFC	36	12	古拉\n弗利萨！你也来帮忙！\n以我们兄弟的力量，\n彻底了结他！
626	col	11	00002AFC	58	14	悟饭\n呜啊啊啊啊！
627	col	11	00002AFC	78	12	\n获得团队必杀技\n“冰冻风暴”！
628	col	11	00002AFC	79	12	\n让古拉与机械弗利萨组成队伍，\n并在气力达到200时，\n触摸团队必杀技按钮！
629	col	12	00002715	13	12	古拉\n之前逃走的赛亚人，\n竟然觉醒成了超级赛亚人！？
630	col	12	00002715	16	12	多雷\n是！\n而且他的力量已超越孙悟饭，\n我军部队正接连遭到击破。
631	col	12	00002715	19	12	古拉\n弗利萨……如果是你，\n能打倒他吗？
632	col	12	00002715	22	12	机械弗利萨\n……我曾经\n败给孙悟空。\n恐怕……做不到。
633	col	12	00002715	25	12	古拉\n呵呵呵……\n这可不像一向自负的你。
634	col	12	00002715	26	12	古拉\n看来能对付他的，\n只有我了。\n好……出发！
635	col	12	00002715	34	12	特兰克斯\n哈啊！
636	col	12	00002715	42	12	特兰克斯\n喝呀！
637	col	12	00002715	54	12	古拉\n很精彩……超级赛亚人。
638	col	12	00002715	57	12	特兰克斯\n古拉！
639	col	12	00002715	58	12	特兰克斯\n悟饭先生被杀的愤怒，\n让我觉醒成了超级赛亚人……
640	col	12	00002715	64	12	特兰克斯\n尝尝这愤怒的一击吧！
641	col	13	00002AFD	11	12	古拉\n你的战斗……确实很精彩。\n但终究还是不如我。
642	col	13	00002AFD	14	12	特兰克斯\n不……不甘心！
643	col	13	00002AFD	19	12	机械弗利萨\n……
644	col	13	00002AFD	22	12	古拉\n怎么了，弗利萨……
645	col	13	00002AFD	23	12	古拉\n把你变成这副模样的\n超级赛亚人已经全部灭亡。\n应该更高兴一点。
646	col	13	00002AFD	26	12	机械弗利萨\n是、是……
647	col	14	00002716	9	17	地球上已经没有人\n能够反抗古拉。
648	col	14	00002716	10	17	但古拉心中\n仍有一件事放心不下。
649	col	14	00002716	23	12	沙维扎\n……果然是\n弗利萨大人。
650	col	14	00002716	26	12	古拉\n真是的……麻烦的弟弟。\n好，执行那个计划。
651	col	14	00002716	31	12	内兹\n是……可是……
652	col	14	00002716	34	12	古拉\n不用顾虑。\n这是我的命令！
653	col	14	00002716	42	17	第二天，\n古拉与弗利萨一同出击。
654	col	14	00002716	48	12	古拉\n好，进攻西都！\n所有反抗者格杀勿论！
655	col	14	00002716	51	12	机械弗利萨\n西、西都……！？\n今天的目标不是东都吗？
656	col	14	00002716	54	12	古拉\n我改变主意了。\n还是说……？\n进攻西都对你有什么不便？
657	col	14	00002716	59	12	沙维扎\n报告，古拉大人！\n果然，东都\n已经空无一人。
658	col	14	00002716	62	12	古拉\n……弗利萨。\n今天进攻东都的计划，\n只有你知道。
659	col	14	00002716	63	12	古拉\n给我解释清楚这是怎么回事！
660	col	14	00002716	66	12	机械弗利萨\n…………
661	col	14	00002716	67	12	机械弗利萨\n既然已经到了这一步……\n也没有解释的必要了。\n请你去死吧！
662	col	16	00002717	9	17	击败比克后，古拉将\n比格盖特星的航向\n转向了地球。
663	col	16	00002717	10	17	为了收拾曾经\n打倒自己的悟空等人……
664	col	16	00002717	16	12	金属古拉\n呵呵呵……地球吗。\n上次是我一时大意，\n这次绝不会再输。
665	col	16	00002717	17	12	金属古拉\n说起来，\n这颗星球上似乎也有\n一种叫龙珠的东西。
666	col	16	00002717	18	12	金属古拉\n就让我用一用吧……
667	col	16	00002717	21	12	悟空\n古拉……你这家伙\n竟然还活着！
668	col	16	00002717	24	12	贝吉塔\n还不吸取教训，\n又来找我们送死吗！
669	col	16	00002717	27	12	金属古拉\n这就叫飞蛾扑火吧。\n也好……我来收拾你们！
670	col	17	00002AFF	20	12	贝吉塔\n可恶……你们到底\n有多少个……！
671	col	17	00002AFF	23	12	悟空\n可恶……！
672	col	17	00002AFF	26	12	金属古拉\n哼……一群杂鱼。\n都化作比格盖特星的\n能量吧！
673	col	17	00002AFF	32	12	金属古拉\n好了……该去收集\n所谓的龙珠了。
674	col	17	00002AFF	41	12	\n获得究极技\n“机械暴雨”！
675	col	17	00002AFF	42	12	\n金属古拉的体力变红时，\n将气力提升至150以上，\n面向侧方按下X＋A键！
676	col	18	00002718	11	17	集齐全部龙珠后，古拉将\n基纽特战队、萨博和多多利亚复活，\n收为自己的部下。
677	col	18	00002718	17	12	利库姆\n利库姆！
678	col	18	00002718	20	12	巴特\n巴特！
679	col	18	00002718	23	12	吉斯\n吉斯！
680	col	18	00002718	26	12	古尔多\n古尔多！
681	col	18	00002718	29	12	基纽\n基纽！
682	col	18	00002718	32	12	金属古拉\n…………
683	col	18	00002718	38	12	基纽\n古拉大人。\n感谢您让我们\n重获新生。
684	col	18	00002718	39	12	基纽\n您看，要不要\n和我们一起摆一个\n特别战斗姿势！
685	col	18	00002718	42	12	金属古拉\n……适可而止。\n别让我后悔\n把你们复活！
686	col	18	00002718	47	12	萨博\n真是的，完全不懂优雅。
687	col	18	00002718	50	12	多多利亚\n古拉大人！\n报告说地面上\n出现了一群强得离谱的家伙！
688	col	18	00002718	53	12	金属古拉\n好……走吧。\n让我看看你们的实力！
689	col	18	00002718	57	12	基纽\n是！
690	col	18	00002718	68	12	18号\n所以，那个叫孙悟空的家伙\n到底在哪里？
691	col	18	00002718	71	12	17号\n听说那些家伙很强吧。
692	col	18	00002718	74	12	格罗博士\n只要继续破坏，\n他们一定会现身。
693	col	18	00002718	79	12	金属古拉\n……机械身体吗。\n地球上竟有这么有趣的人。
694	col	18	00002718	82	12	18号\n你是什么人？
695	col	18	00002718	85	12	17号\n浑身亮闪闪的，\n就像装饰品一样。
696	col	18	00002718	88	12	金属古拉\n战斗力似乎也很高。\n正好成为优质能量……
697	col	19	00002B00	9	12	格罗博士\n这……这些家伙是什么人！\n竟敢对我的17号和18号下手！
698	col	19	00002B00	12	12	金属古拉\n既然你也是机械，\n就以被比格盖特星吸收\n为荣吧！
699	col	20	00002719	11	17	吸收人造人后，\n比格盖特星的力量\n变得更加强大。
700	col	20	00002719	12	17	然而……
701	col	20	00002719	18	12	基纽\n嗯……\n如果要把古拉大人、\n萨博他们也加入我们的姿势……
702	col	20	00002719	21	12	吉斯\n问题就在于，\n古拉大人该站在哪里。
703	col	20	00002719	24	12	利库姆\n当然是最前面吧？
704	col	20	00002719	28	12	巴特\n队长也得站在相称的位置才行。
705	col	20	00002719	31	12	利库姆\n让古拉大人骑在我肩上吧！
706	col	20	00002719	34	12	萨博\n我……我可不参加！
707	col	20	00002719	37	12	多多利亚\n大事不好了！
708	col	20	00002719	40	12	金属古拉\n吵什么！\n发生什么事了！
709	col	20	00002719	43	12	多多利亚\n西都地区出现了\n吸取士兵能量的\n怪物！
710	col	20	00002719	46	12	金属古拉\n有意思……\n全员出击！
711	col	20	00002719	56	12	沙鲁\n机械身体吗……\n没法吸取养分。
712	col	20	00002719	59	12	金属古拉\n那可真遗憾。\n不过，我倒能用你的能量\n变得更强。
713	col	21	00002B01	12	12	金属古拉\n好，把这家伙\n运到比格盖特星！\n吸干他的能量！
714	col	21	00002B01	15	12	萨博\n是！
715	col	21	00002B01	29	17	然而，这道命令\n却引发了意想不到的\n后果……
716	col	21	00002B01	32	12	沙鲁\n呵呵呵……17号和18号\n竟然会在这里，\n真是帮了大忙！
717	col	22	0000271A	13	12	基纽\n那么，我认为古拉大人\n还是站在最后面\n比较合适。
718	col	22	0000271A	16	12	利库姆\n那我该站哪里……？
719	col	22	0000271A	19	12	吉斯\n把古杜顶在头上，站最右边。
720	col	22	0000271A	22	12	巴特\n然后我和吉斯一组吗。
721	col	22	0000271A	25	12	萨博\n我奉陪不下去了……
722	col	22	0000271A	30	12	多多利亚\n大事不好了！
723	col	22	0000271A	33	12	萨博\n……你就只会说这一句吗？
724	col	22	0000271A	36	12	金属古拉\n这次又怎么了。
725	col	22	0000271A	39	12	多多利亚\n之前打倒的沙鲁怪物\n正在比格盖特星内部\n进行破坏！
726	col	22	0000271A	42	12	金属古拉\n你说什么！？
727	col	22	0000271A	56	17	完全体沙鲁\n已经摧毁了\n比格盖特星的一半。
728	col	22	0000271A	57	17	因此，绝大多数\n金属古拉都已经\n无法启动。
729	col	22	0000271A	66	12	金属古拉\n真有你的……
730	col	22	0000271A	69	12	沙鲁\n呵呵呵……多亏了你，\n我轻而易举地成为完全体。\n真该谢谢你。
731	col	22	0000271A	72	12	金属古拉\n看来还是不要吸取能量，\n直接杀了你比较好。\n来吧！
732	col	22	0000271A	76	12	基纽\n那……那家伙凭我们恐怕……
733	col	22	0000271A	79	12	萨博\n不用探测器也能看出来……\n那家伙实在太强了！
734	col	22	0000271A	82	12	基纽\n那、那个……只要我们参战，\n您就愿意和我们一起摆姿势吗！？
735	col	22	0000271A	87	12	金属古拉\n你、你说什么……！？
736	col	22	0000271A	88	12	金属古拉\n可恶……备用的金属古拉\n也无法召唤……没办法了。
737	col	22	0000271A	92	12	基纽\n好！\n特战队，出击！
738	col	23	00002B02	11	12	沙鲁\n呜嘎啊啊啊啊啊！\n我竟会败给你们这种货色——！
739	col	23	00002B02	17	12	基纽\n来吧，古拉大人！\n请加入我们的\n战斗姿势！
740	col	23	00002B02	20	12	金属古拉\n好、好吧……\n等你们想出一个\n能让我满意的姿势再说！
741	col	23	00002B02	23	12	基纽\n太令人感动了……！\n我们特战队全员，\n一生追随古拉大人！！
742	col	24	00004E20	15	12	金属古拉\n赛亚人的力量……\n看来已经全部吸干了……
743	col	24	00004E20	35	12	金属古拉\n怎、怎么可能！\n能量太多了！！\n要过热了！！
744	col	24	00004E20	38	12	悟空\n嘿嘿……\n你太小看我们了……
745	col	24	00004E20	55	17	无法吸尽悟空等人的能量，\n比格盖特星最终\n化作了宇宙尘埃。
746	col	24	00004E20	56	17	然而……
747	col	24	00004E20	62	12	金属古拉\n呵呵呵……\n说到底，被打倒的只有一具身体……
748	col	24	00004E20	63	12	金属古拉\n无论多少次我都能复活，\n想制造多少具身体都可以……
749	col	24	00004E20	64	12	金属古拉\n我永远不会死亡！\n给我等着吧！\n超级赛亚人！！
750	col	24	00004E20	73	12	\n获得特殊能力\n“复活”！
751	col	24	00004E20	74	12	\n使用金属古拉时，体力降至0后，\n若气力达到150以上，\n即可复活一次！
752	col	25	00004E21	9	12	古拉\n蠢货……\n要是老实听我的话，\n我至少还能饶你一命……
753	col	25	00004E21	12	12	沙维扎\n古拉大人。\n弗利萨大人该如何处置？
754	col	25	00004E21	15	12	古拉\n就当是最后的慈悲。\n由我亲手解决他吧……\n用古拉最强的招式。
755	col	25	00004E21	16	12	古拉\n不过，真正的问题还在后面……\n父亲应该一直在幕后操纵。\n也该到了决裂的时候……
756	col	25	00004E21	30	17	从这一天起，古拉与父亲\n库尔德王之间\n爆发了全面战争。
757	col	25	00004E21	31	17	据说那场战争惨烈至极。\n但地球人永远没有看到\n战争的结局……
758	col	25	00004E21	38	12	\n获得究极技\n“弧光爆破”！
759	col	25	00004E21	39	12	\n古拉的体力变红时，\n将气力提升至150以上，\n面向侧方按下X＋A键！
760	col	26	00004E22	29	12	基纽\n古拉大人！新姿势\n这样怎么样？
761	col	26	00004E22	32	12	金属古拉\n萨博，你有什么意见。
762	col	26	00004E22	35	12	萨博\n我应该站在一个\n更加优雅的位置……
763	col	26	00004E22	49	12	基纽\n古拉大人，这样如何？
764	col	26	00004E22	52	12	金属古拉\n这样吉斯就不够显眼了。
765	col	26	00004E22	66	12	基纽\n古拉大人，那这样呢？
766	col	26	00004E22	69	12	金属古拉\n你的位置不太好。
767	col	26	00004E22	84	17	就这样，特战队的姿势\n从此也一直\n没能确定下来……
768	crr	0	00002710	10	17	贝吉塔向地球发起猛烈进攻。\n克林修炼所得的\n“流星气功弹”也没有奏效。
769	crr	0	00002710	11	17	比克和天津饭相继倒下，\n最后只剩下\n克林和悟饭。
770	crr	0	00002710	12	17	复活后赶来的悟空\n以界王拳迎战，\n但贝吉塔依然占据上风。
771	crr	0	00002710	17	12	克林\n可恶！\n贝吉塔……那家伙强得太离谱了。\n连悟空都被逼成这样……
772	crr	0	00002710	20	12	悟空\n克、克林……
773	crr	0	00002710	21	12	悟空\n想打赢他，只能靠元气弹。\n可这招积聚气的时间\n实在太长了。
774	crr	0	00002710	22	12	悟空\n能不能想办法帮我争取一点时间？
775	crr	0	00002710	26	12	克林\n明白了！\n我和悟饭来拖住他！
776	crr	0	00002710	30	12	克林\n听好了，悟饭……\n在悟空完成元气弹之前，\n无论如何都要活下来！
777	crr	0	00002710	33	12	悟饭\n是！
778	crr	0	00002710	50	12	\n获得究极技\n“流星气功弹”！
779	crr	0	00002710	51	12	\n克林的体力变红时，\n将气力提升至150以上，\n面向侧方按下X＋A键！
780	crr	1	00002AF8	12	12	悟空\n……让你久等了！\n接招！\n元气弹——！
781	crr	1	00002AF8	17	12	\n然而，就在悟空准备释放元气弹时，\n贝吉塔的攻击命中了他，\n元气弹也随之散开。
782	crr	1	00002AF8	18	12	\n身受重伤、无法继续战斗的悟空，\n将仅存的元气弹\n托付给了克林。
783	crr	1	00002AF8	20	12	克林\n混账——！
784	crr	1	00002AF8	30	12	贝吉塔\n这是什么！？
785	crr	1	00002AF8	37	14	贝吉塔\n咕哇啊啊——！！！！
786	crr	1	00002AF8	54	17	贝吉塔被必杀的元气弹击倒，\n乘宇宙飞船逃走了……
787	crr	1	00002AF8	55	17	随后，克林带着悟饭\n前往了比克的故乡——\n那美克星。
788	crr	1	00002AF8	56	17	为了复活在这场战斗中\n牺牲的同伴们……
789	crr	2	00002711	9	17	抵达那美克星后，克林等人\n一边与贝吉塔和弗利萨一伙战斗，\n一边收集龙珠。
790	crr	2	00002711	10	17	弗利萨对克林等人与贝吉塔的行动\n感到恼火，于是将基纽特战队\n召到了那美克星。
791	crr	2	00002711	11	17	因形势所迫与贝吉塔会合的\n克林等人，遭到了\n基纽特战队的袭击。
792	crr	2	00002711	12	17	悟空及时赶到，\n却中了基纽的身体互换，\n身体被夺走了。
793	crr	2	00002711	16	12	悟空\n那家伙是基纽！\n凭现在的你们不会输！\n把他打飞！
794	crr	2	00002711	19	12	基纽\n这可是你原来的身体。\n战斗力超过18万！\n你们不可能获胜。
795	crr	2	00002711	28	12	\n获得特殊能力\n“潜在能力解放”！
796	crr	2	00002711	29	12	\n使用克林时，\n在气力达到100以上的状态下，\n按下L键！
797	crr	3	00002AF9	12	12	基纽\n我、我竟然会输！？\n这副身体应该能发挥\n超过18万的力量才对……！！！
798	crr	3	00002AF9	15	12	克林\n你根本无法\n熟练使用那具身体。\n趁现在投降怎么样？
799	crr	3	00002AF9	20	12	贝吉塔\n蠢货……\n看着卡卡罗特的外表，\n你们就下不了手吗。
800	crr	3	00002AF9	23	12	贝吉塔\n让开！
801	crr	3	00002AF9	32	12	基纽\n呜嘎！
802	crr	3	00002AF9	43	12	基纽\n嘎噗！
803	crr	3	00002AF9	44	12	基纽\n可、可恶……\n这副身体已经伤得太重了。\n贝吉塔的身体归我了！
804	crr	3	00002AF9	45	12	基纽\n互——换！
805	crr	3	00002AF9	52	12	悟空\n好机会！！\n我能回到自己的身体了！
806	crr	3	00002AF9	67	17	在克林等人的努力下，\n悟空夺回了自己的身体。
807	crr	3	00002AF9	68	17	然而，在等待负伤的悟空\n恢复期间，弗利萨的魔爪\n也在逐渐逼近。
808	crr	4	00002712	10	17	打倒基纽特战队后，克林等人\n集齐了所有龙珠，\n成功让比克复活。
809	crr	4	00002712	11	17	被抢先一步的贝吉塔怒不可遏，\n同样因愤怒而颤抖的弗利萨\n也在此时袭来。
810	crr	4	00002712	15	12	贝吉塔\n能赢！\n只要我和这两个家伙联手，\n一定能赢……！！
811	crr	4	00002712	20	12	弗利萨\n嚯嚯嚯……\n还以为你要说什么呢。
812	crr	4	00002712	23	12	弗利萨\n既然你都这么说了，\n就让你们稍微见识一下\n我真正的力量吧。
813	crr	4	00002712	39	12	弗利萨\n呵呵呵……\n请小心一点。\n这次可不会像之前那么温柔。
814	crr	4	00002712	42	12	克林\n好、好惊人的气！\n这……这是噩梦！
815	crr	4	00002712	45	12	比克\n你这宇宙垃圾……\n由我来清理！
816	crr	5	00002AFA	14	12	弗利萨\n呵呵呵……\n失礼了。\n看来我太小看你们了。
817	crr	5	00002AFA	15	12	弗利萨\n就再让你们见识更多实力吧。\n感到荣幸吧，\n我还是第一次做到这种程度……
818	crr	5	00002AFA	20	12	弗利萨\n嘎啊啊啊啊——！
819	crr	5	00002AFA	31	17	面对使出真正力量的弗利萨，\n贝吉塔败下阵来，\n克林也被打倒。
820	crr	5	00002AFA	32	17	但在战斗中，\n觉醒为超级赛亚人的悟空\n最终打倒了弗利萨。
821	crr	5	00002AFA	33	17	克林和贝吉塔通过那美克星的\n龙珠复活，\n宇宙再度恢复和平。
822	crr	5	00002AFA	34	17	然而……
823	crr	6	00002713	7	17	打倒弗利萨后没过多久，\n特兰克斯从未来赶来，\n告知众人人造人的威胁。
824	crr	6	00002713	8	17	三年后出现的人造人，\n就连贝吉塔和比克\n也只能勉强应战。
825	crr	6	00002713	9	17	新的威胁沙鲁也随之出现。\n他企图吸收人造人17号和18号，\n成为完全体。
826	crr	6	00002713	10	17	随后，克林拿着\n紧急停止控制器，\n站到了18号面前……
827	crr	6	00002713	14	12	克林\n18号还没有察觉……\n机……机会只有现在。
828	crr	6	00002713	15	12	克林\n……
829	crr	6	00002713	18	12	18号\n你是……！
830	crr	6	00002713	21	12	克林\n该破坏18号，还是\n就这样放她逃走……？\n可恶，到底该怎么办！
831	crr	7	00002AFB	18	12	\n克林最终毁掉了\n紧急停止控制器。
832	crr	7	00002AFB	29	12	18号\n！？
833	crr	7	00002AFB	32	12	克林\n快想办法逃走。\n绝对不要被沙鲁吸收。
834	crr	7	00002AFB	39	17	然而，由于贝吉塔失控，\n沙鲁还是吸收了18号，\n成为完全体。
835	crr	7	00002AFB	40	17	成为完全体的沙鲁，\n就连贝吉塔也毫无办法。\n然后……！？
836	crr	8	00002EE3	5	12	18号\n！？
837	crr	8	00002EE3	8	12	克林\n对不起……18号。\n我只能这么做！
838	crr	8	00002EE3	14	12	克林\n可恶……
839	crr	8	00002EE3	17	12	沙鲁\n什么……！18号竟然！？
840	crr	8	00002EE3	23	17	克林破坏了18号，\n阻止沙鲁成为完全体。
841	crr	8	00002EE3	24	17	此后，沙鲁销声匿迹，\n地球再度恢复和平。
842	crr	8	00002EE3	25	17	但克林的心中\n却充满了悔恨……
843	crr	9	00002714	9	17	成为完全体的沙鲁\n击败贝吉塔，将下一个目标\n锁定为特兰克斯。
844	crr	9	00002714	15	12	克林\n特兰克斯……你已经\n跨越了贝吉塔未能跨越的壁垒，\n对吧？
845	crr	9	00002714	18	12	特兰克斯\n爸爸已经越过超级赛亚人的壁垒。\n但我还进一步\n超越了那个境界……！
846	crr	9	00002714	21	12	沙鲁\n呵呵呵呵……\n没错。我感兴趣的，\n正是你真正的力量。
847	crr	9	00002714	25	12	克林\n好，我们两个一起上！\n至少我还能从旁支援！
848	crr	10	00002AFC	11	12	沙鲁\n哈——哈哈哈哈！\n真是天真……\n所谓的全力就只有这种程度吗。
849	crr	10	00002AFC	14	12	克林\n你说什么……！？\n沙鲁刚才还没有动真格吗！
850	crr	10	00002AFC	17	12	沙鲁\n只会依赖力量的战斗方式，\n是赢不了我的。\n让旁边那个小个子教教你吧！
851	crr	11	00002715	8	17	克林和悟饭乘坐\n布尔玛制造的宇宙飞船，\n前往那美克星。
852	crr	11	00002715	9	17	但宇宙无比辽阔，\n克林等人很快就\n闲得发慌。
853	crr	11	00002715	13	12	克林\n真无聊啊……\n本以为宇宙旅行\n会更有意思一点。
854	crr	11	00002715	14	12	克林\n……喂，悟饭。\n要不要做一下想象训练？
855	crr	11	00002715	17	12	悟饭\n好啊。\n离开地球后一直没修炼，\n身体都快生疏了。
856	crr	12	00002AFD	19	12	克林\n真有你的！果然很强啊。\n既继承了悟空的血统，\n又接受过比克的训练。
857	crr	12	00002AFD	22	12	悟饭\n不过，克林先生会的招式这么多，\n也让我大吃一惊！
858	crr	12	00002AFD	25	12	克林\n那就顺便\n练习一个我们两人\n能一起使用的必杀技吧！
859	crr	12	00002AFD	29	12	布尔玛\n你们在脑子里修炼是没关系，\n但这里越来越乱了，\n能不能顺手收拾一下？
860	crr	12	00002AFD	32	12	克林\n明明是布尔玛小姐\n弄乱的吧……
861	crr	12	00002AFD	49	12	\n获得团队必杀技\n“气之解放”！
862	crr	12	00002AFD	50	12	\n让克林与悟饭（普通）组成队伍，\n并在气力达到200时，\n触摸团队必杀技按钮！
863	crr	13	00002716	16	12	基纽\n呱呱……
864	crr	13	00002716	19	12	基纽\n不对不对！\n这是当青蛙时留下的习惯！
865	crr	13	00002716	25	17	基纽在那美克星的战斗中\n变成了青蛙，\n不过……
866	crr	13	00002716	26	17	他在那美克星毁灭前夺回身体，\n潜入新那美克星，暗中\n收集龙珠。
867	crr	13	00002716	27	17	随后，他复活了所有特战队员，\n为了寻找失踪的弗利萨的线索，\n降落到了地球。
868	crr	13	00002716	28	17	当时的地球，\n因人造人现身\n陷入了大混乱。
869	crr	13	00002716	34	12	悟空\n我要和悟饭去修炼。\n去一个一天能修炼一年的地方。
870	crr	13	00002716	40	17	趁悟空进入精神时光屋的机会，\n基纽特战队开始行动。\n克林等人及时赶到。
871	crr	13	00002716	47	12	天津饭\n真是惊人的气……\n听说远远弱于弗利萨，\n我们之前竟在对付这种家伙……
872	crr	13	00002716	50	12	雅木茶\n可恶！偏偏在这种时候……\n要叫悟空来吗？
873	crr	13	00002716	56	12	克林\n他待在精神时光屋时，\n好像没办法联系。\n偏偏贝吉塔也不在……
874	crr	13	00002716	59	12	克林\n嗯？那是……？
875	crr	13	00002716	66	12	特兰克斯\n我也来战斗！\n不能让大家\n陷入危险！
876	crr	14	00002AFE	13	12	基纽\n可恶，那个拿剑的家伙\n拥有惊人的力量！\n看来也是赛亚人……
877	crr	14	00002AFE	16	12	雅木茶\n认输了吧！吸取教训后，\n就再也别出现在地球！
878	crr	14	00002AFE	19	12	吉斯\n队长，这里应该战略撤退！\n有那个赛亚人在……
879	crr	14	00002AFE	22	12	基纽\n好……撤退！
880	crr	14	00002AFE	29	12	特兰克斯\n他们也许还会再来。\n我还是不进\n精神时光屋了。
881	crr	14	00002AFE	32	12	克林\n别顾虑我们，特兰克斯。\n下次他们再来，\n我们会想办法对付。
882	crr	14	00002AFE	35	12	天津饭\n你去精神时光屋，\n获得打倒人造人的力量吧。\n未来也还有战斗在等你吧？
883	crr	14	00002AFE	38	12	雅木茶\n对、对啊！\n而且地球果然应该\n由地球人亲手保护！
884	crr	14	00002AFE	41	12	特兰克斯\n各位……\n谢谢你们。
885	crr	14	00002AFE	58	12	\n新增角色\n“雅木茶＆天津饭”！\n可在角色选择中使用！
886	crr	15	00002717	10	17	克林等人追踪基纽，\n一路来到了冰原。
887	crr	15	00002717	16	12	亚奇洛贝\n呜呜呜……好冷啊。\n为什么连我也要来……
888	crr	15	00002717	19	12	雅木茶\n别抱怨了。\n连饺子都忍着呢。
889	crr	15	00002717	25	12	克林\n喂，大家！\n那是他们的宇宙飞船。\n他们可能就在附近……
890	crr	15	00002717	38	12	天津饭\n什、什么！
891	crr	15	00002717	41	12	基纽\n可恶，奇袭失败了吗！\n既然这样，就只能孤注一掷！\n拼上性命战斗！
892	crr	15	00002717	44	12	巴特\n可是队长，那个赛亚人\n好像不在……
893	crr	15	00002717	47	12	古杜\n这是个好机会！
894	crr	15	00002717	50	12	基纽\n什么，真的吗？\n好！那就另当别论！\n让他们见识基纽特战队的力量！
895	crr	15	00002717	53	12	吉斯\n明白！
896	crr	15	00002717	56	12	利库姆\n看我好好疼爱你们！
897	crr	16	00002AFF	13	12	基纽\n怎么可能！\n竟然会落后于\n区区地球人！
898	crr	16	00002AFF	16	12	克林\n就是现在！\n大家，一起上！
899	crr	16	00002AFF	35	14	克林\n最后一击！\n哈啊啊啊啊啊！！！
900	crr	16	00002AFF	42	14	基纽\n咕哇啊啊啊啊！！
901	crr	17	00002718	7	17	克林破坏了18号，\n阻止沙鲁成为完全体。
902	crr	17	00002718	8	17	获得更强力量的贝吉塔等人，\n应该能轻易打倒现在的沙鲁。\n地球得救了。
903	crr	17	00002718	9	17	然而，克林的心情依然无法平静。
904	crr	17	00002718	15	12	克林\n他们……原本也是人类啊。\n我……可恶！\n为什么什么都做不了……！
905	crr	17	00002718	21	17	克林无法接受\n自己做出的选择。
906	crr	17	00002718	22	17	为了给自己的心情做个了结，\n克林开始\n收集龙珠……
907	crr	17	00002718	25	12	克林\n我不知道会有什么结果。\n但是……18号\n一定要由我复活！
908	crr	17	00002718	27	12	\n而龙珠雷达\n最后指向的地方，\n正是天神殿。
909	crr	17	00002718	32	12	比克\n我知道你在想什么。\n把她复活后，\n你又打算怎么办。
910	crr	17	00002718	35	12	克林\n不知道……我也不知道。\n但我……做了不该做的事。\n所以……
911	crr	17	00002718	36	12	克林\n比克……拜托了！\n把龙珠交给我！
912	crr	17	00002718	39	12	比克\n就算说不行，你也不会接受吧。\n那么……凭力量来抢吧。\n放马过来！
913	crr	18	00002B00	10	12	比克\n可恶……今天的他有些不同。\n看来只能\n毫不留情地出手了？
914	crr	18	00002B00	12	12	\n经历过无数激战的克林，\n没有错过比克\n一瞬间的犹豫。
915	crr	18	00002B00	14	12	克林\n就是那里！
916	crr	18	00002B00	15	12	克林\n龟派气功！
917	crr	18	00002B00	27	12	比克\n呜！
918	crr	18	00002B00	30	12	克林\n比克……\n对不起。\n龙珠我拿走了。
919	crr	19	00002719	9	17	克林使用龙珠，\n让18号复活。
920	crr	19	00002719	10	17	但沙鲁绝不会\n对此坐视不管。
921	crr	19	00002719	16	12	沙鲁\n蠢货……\n竟然特意让18号复活。
922	crr	19	00002719	19	12	克林\n……才不是为了你。\n快逃，18号！\n别被他抓住！
923	crr	19	00002719	22	12	18号\n啊、啊！\n我一定会活下去！
924	crr	20	00002B01	11	12	沙鲁\n在那里！
925	crr	20	00002B01	14	12	克林\n可恶……不行吗！
926	crr	20	00002B01	18	12	18号\n大叔！
927	crr	21	00004E20	27	17	沙鲁宣布举办“沙鲁游戏”。\n但在悟空与悟饭手中，\n沙鲁被打倒，地球也得救了。
928	crr	21	00004E20	28	17	沙鲁在被打倒前吐出了18号，\n17号也通过龙珠\n重新复活。
929	crr	21	00004E20	33	12	克林\n神龙！\n能不能把人造人\n恢复成普通人类！
930	crr	21	00004E20	35	12	神龙\n无法实现。\n那两名人造人的力量\n远远超过我。
931	crr	21	00004E20	37	12	克林\n那么……\n至少能不能取出\n他们体内的爆炸装置？
932	crr	21	00004E20	42	12	\n神龙实现了克林的愿望，\n取出了17号和18号\n体内的炸弹……
933	crr	21	00004E20	44	12	18号\n我可没感谢你！秃子！
934	crr	21	00004E20	47	12	克林\n18号……！
935	crr	21	00004E20	50	12	18号\n……再见。
936	crr	21	00004E20	53	12	克林\n“再见”吗……
937	crr	21	00004E20	59	17	18号离开了。\n克林和18号还会再见吗？\n那就是另一个故事了……
938	crr	21	00004E20	66	12	\n新增角色\n“18号”！\n可在角色选择中使用！
939	crr	22	00004E21	8	17	克林等人没有依靠悟空他们，\n成功从基纽特战队手中\n守住了地球。
940	crr	22	00004E21	9	17	多亏如此，悟空和特兰克斯\n也得以充分完成修炼。
941	crr	22	00004E21	16	12	\n获得团队必杀技\n“地球战士们”！
942	crr	22	00004E21	17	12	\n让克林与雅木茶＆天津饭组成队伍，\n并在气力达到200时，\n触摸团队必杀技按钮！
943	crr	23	00004E22	13	12	\n千钧一发之际，\n18号救下了克林。
944	crr	23	00004E22	14	12	\n但沙鲁趁着这个破绽，\n反而将\n18号抓住。
945	crr	23	00004E22	16	12	克林\n18号！
946	crr	23	00004E22	19	12	沙鲁\n这样就能成为完全体……
947	crr	23	00004E22	30	12	沙鲁\n咕哇！？
948	crr	23	00004E22	33	12	克林\n刚才那是……龟派气功！？
949	crr	23	00004E22	39	12	18号\n就是现在！\n给他最后一击！
950	crr	23	00004E22	40	12	克林\n哦、哦！气圆斩！
951	crr	23	00004E22	41	12	18号\n再来一发，吃我这招！
952	crr	23	00004E22	58	12	沙鲁\n只差一点……\n明明只差一点！\n可……可恶啊啊啊！
953	crr	23	00004E22	75	12	\n及时赶到的悟空发出龟派气功，\n决定了战斗的胜负。\n沙鲁没能成为完全体便被打倒。
954	crr	23	00004E22	80	12	克林\n悟空……
955	crr	23	00004E22	83	12	悟空\n比克都告诉我了。\n没想到你会做出这种事，\n我真是吓了一跳。
956	crr	23	00004E22	84	12	悟空\n不过，这种地方\n说不定也很像你。
957	crr	23	00004E22	86	12	\n就这样，地球从\n沙鲁的恐怖中获救。\n至于克林和18号……
958	crr	23	00004E22	98	12	18号\n先杀了我，又把我复活……\n你是笨蛋吧！
959	crr	23	00004E22	99	12	18号\n不过……算了，这次\n姑且还是向你道声谢。
960	crr	23	00004E22	102	12	克林\n嘿、嘿嘿嘿……
961	crr	23	00004E22	119	12	\n获得团队必杀技\n“双重气圆斩”！
962	crr	23	00004E22	120	12	\n让克林与18号组成队伍，\n并在气力达到200时，\n触摸团队必杀技按钮！
963	drg	0	00002710	11	17	红缎带军团的幸存者\n格罗博士将自己改造成了人造人，\n企图夺取悟空的性命。
964	drg	0	00002710	17	12	悟空\n哈啊……哈啊……\n你们……就是人造人吗……
965	drg	0	00002710	20	12	克林\n悟空……！？\n你的样子不对劲！\n怎么了！？
966	drg	0	00002710	23	12	悟饭\n果然是心脏病！
967	drg	0	00002710	26	12	格罗博士\n虽然不知道怎么回事……\n但正合我意！
968	drg	1	00002AF8	12	12	悟空\n咕……哈啊！哈啊！\n呜……啊啊啊……！！！
969	drg	1	00002AF8	15	12	格罗博士\n呵呵呵……孙悟空正在衰弱。\n太好了。现在正好为红缎带军团\n报仇雪恨！
970	drg	1	00002AF8	22	12	贝吉塔\n打倒卡卡罗特是我的事。\n轮不到废铁人偶插手！
971	drg	2	00002711	7	17	格罗博士准备击倒\n因心脏病而虚弱的悟空时，\n贝吉塔挡在了面前。
972	drg	2	00002711	13	12	贝吉塔\n谁去把那家伙\n拖回家，\n让他把药吃了！
973	drg	2	00002711	16	12	格罗博士\n……先把这些\n烦人的苍蝇\n清理掉吧。
974	drg	3	00002AF9	10	12	格罗博士\n成功了吗……！？
975	drg	3	00002AF9	13	12	贝吉塔\n……哼。\n看来你们并没有传闻中\n那么了不起。
976	drg	3	00002AF9	33	17	贝吉塔在格罗博士眼前\n变成了超级赛亚人。\n但格罗博士并未退缩。
977	drg	3	00002AF9	40	12	格罗博士\n真是可怕的力量。\n但你们获胜的可能性\n依然为零……！
978	drg	4	00002712	7	17	格罗博士不知为何\n没有与贝吉塔正面交战，\n而是借助地形不断逃跑。
979	drg	4	00002712	8	17	他打算先吸收其他战士的能量，\n变得更强后再战斗。
980	drg	4	00002712	14	12	格罗博士\n先从仅次于贝吉塔的\n比克开始吧……
981	drg	4	00002712	20	12	比克\n呜咕！
982	drg	4	00002712	23	12	格罗博士\n你的能量归我了！
983	drg	4	00002712	40	12	比克\n（悟饭，快来……马上！\n人造人正在……）
984	drg	6	00002EE2	13	12	格罗博士\n可恶……\n只能回去……！\n回研究所……
985	drg	6	00002EE2	17	12	比克\n给我老实一点！
986	drg	6	00002EE2	20	12	格罗博士\n你们没有胜算！\n16号、17号和18号\n会来杀掉你们！
987	drg	7	000032CA	16	12	\n战斗中，格罗博士\n吸收了悟饭的力量。
988	drg	7	000032CA	22	12	格罗博士\n这……这股异常的力量是什么！\n哈哈哈……我得到了\n难以想象的强大力量！
989	drg	7	000032CA	25	12	比克\n……悟饭！
990	drg	7	000032CA	31	12	格罗博士\n呵呵呵……那个小鬼的力量，\n说不定已经超过了你。\n马上来试一试吧……
991	drg	7	000032CA	34	12	格罗博士\n哈！
992	drg	7	000032CA	43	12	比克\n咕啊啊啊啊啊啊！
993	drg	7	000032CA	49	12	格罗博士\n太棒了……太棒了！
994	drg	7	000032CA	58	12	\n获得究极技\n“能量吸收”！
995	drg	7	000032CA	59	12	\n格罗博士的体力变红时，\n将气力提升至150以上，\n靠近对手按下X＋A键！
996	drg	8	00002713	10	17	被贝吉塔等人追赶的格罗博士\n逃回研究所，启动了作为王牌的\n三名人造人。
997	drg	8	00002713	16	12	格罗博士\n你们几个！\n去打倒外面的贝吉塔等人！
998	drg	8	00002713	19	12	17号\n……少啰嗦。\n我们想什么时候动手，就什么时候动手。
999	drg	8	00002713	22	12	格罗博士\n竟……竟敢反抗我。\n你们这两个失败品！
1000	drg	8	00002713	25	12	18号\n吵死了……\n杀了你哦！
1001	drg	8	00002713	36	12	16号\n…………
1002	drg	9	00002AFB	13	12	格罗博士\n可……可恶……\n你……你们这群废铁……
1003	drg	9	00002AFB	16	12	18号\n去死吧！
1004	drg	9	00002AFB	38	17	格罗博士死了。\n从此以后，再也不会有\n新的人造人诞生。
1005	drg	9	00002AFB	39	17	然而……
1006	drg	9	00002AFB	40	17	在研究所的地下，\n格罗博士的电脑\n仍在暗中持续运作。
1007	drg	9	00002AFB	51	12	\n新的威胁\n即将出现在地面……
1008	drg	10	00002714	7	17	获得悟饭强大气息的格罗博士，\n主动向追赶自己的\n贝吉塔发起战斗。
1009	drg	10	00002714	22	12	格罗博士\n呵呵呵……我的力量\n已经轻易超过了\n身为超级赛亚人的你。
1010	drg	10	00002714	25	12	贝吉塔\n哦……有意思。\n就让我好好看看，\n你的自信究竟有几分真材实料。
1011	drg	11	00002AFC	9	12	贝吉塔\n怎……我竟然……\n身为超级赛亚人的我，\n竟败给这种老头……！
1012	drg	11	00002AFC	12	12	格罗博士\n去死吧……贝吉塔！
1013	drg	12	00002715	10	17	回到研究所后，\n格罗博士启动了18号、17号，\n以及16号。
1014	drg	12	00002715	16	12	格罗博士\n过去你们根本不听命令，\n但现在的我能彻底支配你们。\n靠力量来支配……
1015	drg	12	00002715	19	12	17号\n早上好……\n格罗博士大人。
1016	drg	12	00002715	22	12	18号\n看来您也\n把自己变成了人造人。
1017	drg	12	00002715	25	12	格罗博士\n哼……别演这种拙劣的戏。\n你们想要的是\n这个吧……
1018	drg	12	00002715	26	12	\n格罗博士亮出了\n17号和18号的停止控制器。
1019	drg	12	00002715	29	12	17号\n……死老头！
1020	drg	12	00002715	32	12	18号\n把那个交出来！
1021	drg	12	00002715	35	12	格罗博士\n呵呵呵……不过，\n我已经不需要这种东西！\n我要用力量重新教育你们！
1022	drg	13	00002AFD	10	12	格罗博士\n怎么了，只有这点本事？\n刚才的气势去哪里了？
1023	drg	13	00002AFD	13	12	17号\n这个死老头……\n什么时候变得\n这么强了……
1024	drg	13	00002AFD	16	12	18号\n虽然很不爽……\n但现在看来只能服从了。
1025	drg	13	00002AFD	30	17	就这样，人造人们\n屈服于格罗博士。
1026	drg	14	00002716	12	12	特兰克斯\n……爸爸和悟饭先生都倒下了。\n我又失去了重要的人……
1027	drg	14	00002716	18	12	特兰克斯\n绝不饶恕……他们！
1028	drg	14	00002716	25	12	格罗博士\n哼……是特兰克斯吗。\n你是主动来\n把力量送给我的？
1029	drg	14	00002716	28	12	特兰克斯\n我是来杀你们的。\n接连伤害我重要的人……不可饶恕！
1030	drg	14	00002716	31	12	格罗博士\n以18号为基础研究出的\n新型能量吸收屏障……\n就在这里测试它的性能！
1031	drg	14	00002716	49	12	\n获得特殊能力\n“能量吸收屏障”！
1032	drg	14	00002716	50	12	\n使用格罗博士时，\n在气力达到20以上的状态下，\n按下L键！
1033	drg	15	00002AFE	12	12	特兰克斯\n好……不甘心……
1034	drg	15	00002AFE	15	12	17号\n格罗那家伙，\n连这种东西都造出来了吗。
1035	drg	15	00002AFE	18	12	18号\n真是的……不得了的发明老头。
1036	drg	16	00002717	9	17	不久后，\n世界各地开始流传奇怪的新闻。
1037	drg	16	00002717	10	17	城市接连变成鬼城，\n人们身体干瘪而死……\n新闻都是这类内容。
1038	drg	16	00002717	11	17	格罗博士从这些新闻中\n察觉到异常，\n开始展开调查。
1039	drg	16	00002717	12	17	随后，他遇到了\n来自未来的沙鲁……
1040	drg	16	00002717	18	12	沙鲁\n……事情就是这样，\n为了成为完全体，我需要这个时代的\n17号和18号。
1041	drg	16	00002717	21	12	格罗博士\n可以。这两个想暗算我的家伙，\n已经没有用了。\n沙鲁，随你吸收！
1042	drg	16	00002717	25	12	17号\n玩笑也要有个限度……\n谁会让你这种家伙\n吸收掉……
1043	drg	16	00002717	29	12	沙鲁\n你们的意志根本无关紧要。\n被我吸收，\n已经是注定的结果。
1044	drg	17	00002AFF	12	12	17号\n可恶……开什么玩笑！
1045	drg	17	00002AFF	15	12	格罗博士\n还要抵抗吗……！
1046	drg	17	00002AFF	16	12	格罗博士\n我也来帮忙！
1047	drg	17	00002AFF	33	12	沙鲁\n呵呵呵……真是美妙的力量。\n格罗博士，多谢了！
1048	drg	17	00002AFF	36	12	格罗博士\n拥有这种力量的存在，\n竟然是由我创造的……！
1049	drg	17	00002AFF	53	12	\n获得团队必杀技\n“双重吸收”！
1050	drg	17	00002AFF	54	12	\n让格罗博士与沙鲁（未完成体）\n组成队伍，并在气力达到200时，\n触摸团队必杀技按钮！
1051	drg	18	00002718	7	17	作为科学家，格罗博士\n为沙鲁的强大感到无比欣喜。
1052	drg	18	00002718	8	17	但他也开始意识到，\n沙鲁同样有可能\n背叛自己。
1053	drg	18	00002718	9	17	沙鲁已经打倒了\n地球最强战士孙悟空……
1054	drg	18	00002718	15	12	格罗博士\n到目前为止，我一直吸收\n赛亚人的能量来提升力量。
1055	drg	18	00002718	16	12	格罗博士\n但是即便如此……\n仍远远不及那家伙。
1056	drg	18	00002718	17	12	格罗博士\n虽然就这样消灭实在可惜……\n但要动手，就只能趁现在。
1057	drg	18	00002718	19	12	\n格罗博士让沙鲁带路，\n前往沙鲁乘坐的时光机\n所在之处。
1058	drg	18	00002718	21	12	沙鲁\n格罗博士……\n你也打算乘时光机\n跨越时代吗。
1059	drg	18	00002718	24	12	格罗博士\n我想看看遥远的未来。\n遥远到这里的人都不复存在的未来。
1060	drg	18	00002718	27	12	沙鲁\n去那种时代\n又能做什么？
1061	drg	18	00002718	30	12	格罗博士\n要去的不是我……\n而是你，沙鲁！
1062	drg	18	00002718	31	12	格罗博士\n（只需要吸走他一点体力。\n这样就能把我制造的病毒\n注入体内……！）
1063	drg	19	00002B00	10	12	沙鲁\n身、身体动不了！是病毒吗！！\n可恶……竟然被你这种家伙！
1064	drg	19	00002B00	13	12	格罗博士\n我已经在时光机上\n安装了自爆装置……
1065	drg	19	00002B00	14	12	格罗博士\n当然，你应该不会有事，\n但再也无法回到这个时代……\n永别了，沙鲁！
1066	drg	20	00004E20	24	17	格罗博士将沙鲁\n流放到了遥远的未来。
1067	drg	20	00004E20	25	17	格罗博士接下来的兴趣，\n转向了宇宙生命。
1068	drg	20	00004E20	28	12	格罗博士\n红缎带军团已经无所谓了。\n我要去宇宙寻找新的研究材料！
1069	drg	20	00004E20	31	17	格罗博士制造宇宙飞船，\n消失在宇宙深处。\n没有人知道他的去向……
1070	drg	20	00004E20	38	12	\n新增角色\n“沙鲁（未完成体）”！\n可在角色选择中使用！
1071	egh	0	00002710	8	17	红缎带军团的幸存者\n格罗博士将自己改造成人造人，\n企图取悟空性命，却遭到反杀。
1072	egh	0	00002710	9	17	被贝吉塔等人追赶的格罗博士\n逃回研究所，启动了作为王牌的\n两名人造人。
1073	egh	0	00002710	15	12	格罗博士\n你们两个！\n去打倒外面的贝吉塔他们！
1074	egh	0	00002710	18	12	17号\n……少啰嗦。\n我们想什么时候动手，就什么时候动手。
1075	egh	0	00002710	21	12	格罗博士\n竟……竟敢反抗我。\n你们这两个失败品！
1076	egh	0	00002710	24	12	18号\n吵死了……\n杀了你哦！
1077	egh	1	00002AF8	9	12	格罗博士\n可……可恶……\n你……你们这群废铁……
1078	egh	1	00002AF8	12	12	18号\n去死吧！
1079	egh	2	00002711	9	17	18号等人怨恨格罗博士\n将自己改造成了人造人，\n于是杀死了他。
1080	egh	2	00002711	10	17	随后，他们启动了人造人16号，\n准备去杀死原本的目标——\n孙悟空。
1081	egh	2	00002711	11	17	这时，贝吉塔与特兰克斯\n挡在了他们面前。
1082	egh	2	00002711	17	12	贝吉塔\n你们几个……\n本来打算去哪里，\n不妨说来听听。
1083	egh	2	00002711	20	12	18号\n去找孙悟空。\n……然后杀了他。
1084	egh	2	00002711	23	12	贝吉塔\n是吗……不过，你们哪儿也去不了。\n因为本大爷……\n会在这里收拾掉你们！！
1085	egh	2	00002711	26	12	17号\n赛亚人这种家伙\n似乎都自信过头了。\n孙悟空大概也一样……
1086	egh	2	00002711	29	12	18号\n……行啊。\n让我来。
1087	egh	2	00002711	34	12	特兰克斯\n您没事吧！？\n贝吉塔先生！！！
1088	egh	2	00002711	37	12	17号\n18号，要我帮忙吗？
1089	egh	2	00002711	40	12	18号\n用不着。\n我一个人就够了。
1090	egh	2	00002711	41	12	18号\n有永久能量炉，\n根本不用在意什么气。
1091	egh	2	00002711	44	12	17号\n好，来玩个游戏吧。\n看你能不能在我数到2000前打倒他。
1092	egh	2	00002711	47	12	18号\n开什么玩笑……\n一半，数到1000就够了。
1093	egh	2	00002711	64	12	\n获得特殊能力\n“永久能量炉”！
1094	egh	2	00002711	65	12	\n使用18号时，\n气力达到200时，\n按L键！
1095	egh	3	00002AF9	21	12	18号\n……是我赢了。
1096	egh	3	00002AF9	24	12	17号\n好了，游戏也结束了，\n差不多该出发了。\n……坐汽车去吧。
1097	egh	3	00002AF9	27	12	18号\n男人还真喜欢做这种\n毫无意义的事。\n你倒还留着点人情味嘛。
1098	egh	4	00002EE1	18	12	17号\n真让人意外……\n那些赛亚人\n还挺有两下子的。
1099	egh	4	00002EE1	21	12	18号\n切……是我输了吗！
1100	egh	4	00002EE1	24	12	17号\n别那么不服气嘛。\n下次拿孙悟空来玩这个游戏就好。
1101	egh	4	00002EE1	27	12	18号\n下次我绝不会输！
1102	egh	5	00002712	10	17	18号等人从16号\n残存的头脑资料中，\n得知了龟仙屋的信息。
1103	egh	5	00002712	11	17	悟空若不在家，\n最有可能去的就是那里。
1104	egh	5	00002712	17	12	18号\n孙悟空在吗？
1105	egh	5	00002712	22	12	比克\n……！！！\n赶紧滚吧。\n孙悟空不在这里！
1106	egh	5	00002712	25	12	17号\n看来确实不在……那么，\n告诉我们他在哪里吧。
1107	egh	5	00002712	28	12	比克\n……！！！\n你以为我会老实告诉你们吗？
1108	egh	5	00002712	31	12	18号\n谁知道呢。\n你不肯说，\n我们就逼你说出来。
1109	egh	5	00002712	34	12	比克\n……原来如此。\n那就来试试吧。\n可不会再像上次那么轻松了……！
1110	egh	5	00002712	39	12	18号\n这才像话！
1111	egh	6	00002AFA	11	12	18号\n这家伙，很强啊……
1112	egh	6	00002AFA	14	12	17号\n明明不是人造人，\n却有如此惊人的力量。\n不过……
1113	egh	6	00002AFA	17	12	16号\n……！？
1114	egh	6	00002AFA	18	12	16号\n17号！！\n后面！！
1115	egh	6	00002AFA	21	12	17号\n什、什么！？
1116	egh	6	00002AFA	30	12	沙鲁\n呵呵呵……\n终于吸收掉17号了。\n接下来轮到你了！18号！
1117	egh	6	00002AFA	33	12	16号\n快逃，18号……
1118	egh	6	00002AFA	36	12	18号\n……？\n那你怎么办？
1119	egh	6	00002AFA	39	12	16号\n……消灭沙鲁。
1120	egh	7	00002713	8	17	16号向沙鲁发起挑战，\n却败在了那股强大力量之下。
1121	egh	7	00002713	9	17	18号与16号一同逃走，\n但带着负伤的16号无法脱身，\n只好藏到一座无人岛上。
1122	egh	7	00002713	10	17	无法行动的18号，\n只能静观沙鲁的动向。
1123	egh	7	00002713	11	17	这时，结束修行的贝吉塔与特兰克斯\n向沙鲁发起了挑战。
1124	egh	7	00002713	12	17	随后，手持人造人\n紧急停止控制器的克林，\n出现在18号面前……
1125	egh	7	00002713	19	12	克林\n…………
1126	egh	7	00002713	24	12	18号\n你是……！！\n那……那难道是\n紧急停止控制器……！
1127	egh	7	00002713	29	12	克林\n唔……！
1128	egh	8	00002AFB	14	12	克林\n布尔玛……\n你特意把它做了出来，\n对不起……！
1129	egh	8	00002AFB	23	12	18号\n……！？
1130	egh	8	00002AFB	28	12	克林\n快想办法逃走！！\n绝不能被沙鲁吸收！\n……拜托了！
1131	egh	8	00002AFB	31	12	18号\n为什么……！？\n为什么要毁掉它！？\n你明明有的是机会吧！
1132	egh	8	00002AFB	34	12	克林\n这……这个嘛……
1133	egh	8	00002AFB	64	12	沙鲁\n……！！！
1134	egh	8	00002AFB	67	12	特兰克斯\n喂——！！\n沙鲁发现你们了——！！
1135	egh	8	00002AFB	70	12	18号\n……！！
1136	egh	8	00002AFB	76	17	18号一度被沙鲁吸收。\n但当她再次醒来时，\n与沙鲁的战斗已经结束了。
1137	egh	8	00002AFB	77	17	悟饭等人救出18号、打倒沙鲁后，\n正用龙珠让\n死去的人们复活。
1138	egh	8	00002AFB	102	12	克林\n能帮他们两人\n拆掉体内的炸弹吗！？
1139	egh	8	00002AFB	105	12	18号\n…………
1140	egh	8	00002AFB	116	12	雅木茶\n……为什么要许这种愿望？
1141	egh	8	00002AFB	119	12	悟饭\n我知道了！\n克林叔叔喜欢18号！！
1142	egh	8	00002AFB	123	12	克林\n别说得那么直白啊！！
1143	egh	8	00002AFB	133	12	18号\n……
1144	egh	8	00002AFB	144	12	天津饭\n话说回来，克林……\n你为什么连17号的炸弹\n也要一起拆掉？
1145	egh	8	00002AFB	148	12	克林\n我……我的确\n喜欢18号，可是\n18号和17号不是很般配吗？
1146	egh	8	00002AFB	151	12	比克\n这似乎就是所谓的恋爱吧……\n真搞不懂……
1147	egh	8	00002AFB	156	12	18号\n哼。
1148	egh	8	00002AFB	157	12	18号\n大——笨蛋！\n17号和我是双胞胎姐弟！！
1149	egh	8	00002AFB	158	12	18号\n可别因此就得意忘形！\n炸弹的事，\n我也一点都不感谢你！章鱼脑袋！！
1150	egh	8	00002AFB	159	12	18号\n……再见。
1151	egh	9	00002714	7	17	数年后……\n18号与克林结婚，\n住在了龟仙屋。
1152	egh	9	00002714	8	17	某一天，悟饭前来\n邀请他们参加\n天下第一武道会。
1153	egh	9	00002714	9	17	听说奖金数额后，\n18号便与克林一同\n参加了天下第一武道会。
1154	egh	9	00002714	15	12	18号\n那么，我的对手是谁？
1155	egh	9	00002714	18	12	克林\n哎呀……是我。
1156	egh	9	00002714	21	12	18号\n哦……\n就算是克林，我也不会手下留情。
1157	egh	9	00002714	24	12	克林\n我可是瞒着你\n偷偷修炼过的！\n不会轻易输给你！
1158	egh	10	00002AFC	9	12	克林\n疼疼疼疼……
1159	egh	10	00002AFC	12	12	18号\n真遗憾啊……\n不过，你打得还算不错。\n接下来就交给我吧。
1160	egh	11	00002715	8	17	武道会原本进行得十分顺利，\n却因魔导师巴比迪突然闯入，\n会场陷入一片混乱。
1161	egh	11	00002715	9	17	随后，克林等人\n追着巴比迪，\n不知去了哪里。
1162	egh	11	00002715	10	17	由于半数选手离场，\n决赛改为由所有剩余选手参战的\n大混战。
1163	egh	11	00002715	16	12	18号\n嗯。决赛的对手是……\n撒旦先生和\n蒙面超人吗……
1164	egh	11	00002715	19	12	悟天\n特、特兰克斯！！\n那个！！快看那个！！！
1165	egh	11	00002715	22	12	特兰克斯\n怎么了，悟天。会暴露的……\n呃，糟了！？是18号！\n这样下去赢不了啊！！！
1166	egh	11	00002715	25	12	悟天\n变成超级赛亚人吧，\n特兰克斯！！
1167	egh	11	00002715	28	12	18号\n超级赛亚人……！？\n我知道你们是谁了，小鬼头！
1168	egh	11	00002715	32	12	特兰克斯\n被、被发现了！！\n那就只好融合了！
1169	egh	11	00002715	35	12	18号\n开、开什么玩笑……\n现在可顾不上手下留情了！
1170	egh	11	00002715	36	12	18号\n就用我为今天准备的招式，\n赢下这场比赛吧！！
1171	egh	11	00002715	53	12	\n获得究极技\n“能量地雷”！
1172	egh	11	00002715	54	12	\n18号体力变红时，\n将气力提升至150以上，\n面向侧方同时按下X键＋A键！
1173	egh	12	00002AFD	12	12	18号\n呼……\n接下来……只剩你了。
1174	egh	12	00002AFD	15	12	撒旦先生\n呀啊啊——！！！！！\n求、求求你！别杀我！！！\n我、我什么都答应！！！！
1175	egh	12	00002AFD	38	12	18号\n闭嘴！别嚷嚷！\n安静点！
1176	egh	12	00002AFD	39	12	18号\n给我两千万杰尼。\n我就故意输给你……
1177	egh	12	00002AFD	40	12	18号\n这交易不亏吧……
1178	egh	12	00002AFD	43	12	撒旦先生\n我、我付！！
1179	egh	12	00002AFD	48	12	18号\n那就说定了……
1180	egh	12	00002AFD	51	12	18号\n多谢惠顾。
1181	egh	13	00002716	10	17	人造人们为寻找孙悟空\n继续踏上旅途，\n却遭到了比克等人的袭击。
1182	egh	13	00002716	16	12	比克\n你们几个……\n别想再继续为所欲为了。
1183	egh	13	00002716	19	12	17号\n杂鱼又聚到一起了啊……
1184	egh	13	00002716	22	12	18号\n孙悟空呢？\n该不会逃了吧？
1185	egh	13	00002716	25	12	天津饭\n悟空……死了。\n死于心脏病……
1186	egh	13	00002716	28	12	17号\n你说什么！？
1187	egh	13	00002716	31	12	18号\n真扫兴啊……\n没想到游戏\n会以这种方式结束。
1188	egh	13	00002716	34	12	贝吉塔\n游戏！？\n还真被你们小瞧了。\n看我把你们拆成碎片……！
1189	egh	14	00002AFE	18	12	17号\n这么说，我们已经\n失去目标了啊……
1190	egh	14	00002AFE	21	12	18号\n接下来怎么办？
1191	egh	14	00002AFE	24	12	17号\n………
1192	egh	14	00002AFE	27	12	18号\n打起精神来。\n以后总会碰上好事的。
1193	egh	15	00002717	10	17	十年后……\n人造人们已经\n将全世界的城市破坏殆尽……
1194	egh	15	00002717	11	17	人类最后的希望，\n是悟空留下的儿子悟饭，\n以及接受悟饭修行指导的特兰克斯。
1195	egh	15	00002717	17	12	悟饭\n人造人……又来了吗！\n特兰克斯！\n你藏在这里！
1196	egh	15	00002717	20	12	特兰克斯\n我也要去！\n我已经不会再拖后腿了！
1197	egh	15	00002717	36	12	18号\n不去别的城市吗？\n这附近已经没剩下\n多少活人了……
1198	egh	15	00002717	39	12	17号\n别这么说嘛……\n你看，客人不是在等我们吗。
1199	egh	15	00002717	44	12	18号\n……孙悟饭。\n没想到你还活着，\n还真是命硬啊……
1200	egh	15	00002717	47	12	悟饭\n为了不再败给你们，我一直在修行。\n这次该轮到你们倒下了。
1201	egh	16	00002AFF	10	12	18号\n真遗憾。\n不用拿出真本事，也只有这点程度吗。
1202	egh	16	00002AFF	13	12	17号\n这次不会再放你逃走……\n杀了你！
1203	egh	16	00002AFF	16	12	18号\n也很久没见17号\n这么开心了。\n作为奖励，就让你死个痛快！
1204	egh	16	00002AFF	30	17	人造人终于杀死了\n悟饭和特兰克斯……\n
1205	egh	16	00002AFF	31	17	然而，暗处却有一个人\n正盯上他们……\n
1206	egh	16	00002AFF	34	12	沙鲁\n呵呵呵呵呵呵……
1207	egh	17	00002718	9	17	人造人打倒了悟饭与特兰克斯。\n然而，他们面前\n又出现了新的敌人。
1208	egh	17	00002718	15	12	沙鲁\n真是惊人的力量……\n不过，这股力量归我了。
1209	egh	17	00002718	18	12	18号\n……！？\n这家伙……是谁。
1210	egh	17	00002718	21	12	沙鲁\n我是沙鲁。\n格罗博士制造的终极生命体。\n……也算是你们的兄弟。
1211	egh	17	00002718	24	12	16号\n别轻举妄动。\n他的力量\n在我们之上。
1212	egh	17	00002718	27	12	沙鲁\n你选择乖乖\n让我吸收吗……\n看来你很聪明。
1213	egh	17	00002718	30	12	18号\n光有力气大\n可不代表什么！
1214	egh	17	00002718	31	12	18号\n17号！16号！\n就用那一招！！
1215	egh	17	00002718	49	12	\n获得团队必杀技\n“地狱螺旋”！
1216	egh	17	00002718	50	12	\n让18号与17号＆16号组队，\n在气力达到200的状态下，\n触碰团队必杀技按钮！
1217	egh	18	00002B00	10	12	17号\n格罗那家伙，\n连这种东西都造出来了吗。
1218	egh	18	00002B00	13	12	18号\n真是的……衣服全破了。\n我还挺喜欢这身的。
1219	egh	18	00002B00	16	12	16号\n衣服还能从别处弄到，\n但你们只有一个。\n能平安无事就好。
1220	egh	19	00004E20	29	12	18号\n那我出门了。
1221	egh	19	00004E20	32	12	克林\n别做得太\n过火啊。
1222	egh	19	00004E20	50	12	18号\n喂，大叔，你也该适可而止了……\n答应好的两千万杰尼，\n一分不少地给我付清。
1223	egh	19	00004E20	56	12	撒旦先生\n这、这个，奖金\n还没发到我手上……
1224	egh	19	00004E20	62	12	18号\n看来你很想吃点苦头啊……
1225	egh	19	00004E20	65	12	撒旦先生\n噫噫噫……！
1226	egh	19	00004E20	79	17	18号等人就这样\n继续过着和平的生活……
1227	egh	20	00004E21	8	17	人造人们已经\n毁掉了大半个地球。
1228	egh	20	00004E21	23	12	18号\n看来已经没有\n像样的对手了。
1229	egh	20	00004E21	26	12	16号\n根据我的力量传感器……\n地球上已经没有\n能与我们一战的人了。
1230	egh	20	00004E21	29	12	18号\n好像做得有点过头了。\n接下来怎么办？
1231	egh	20	00004E21	34	12	17号\n对了……去宇宙吧！\n到宇宙里，找更强的家伙\n好好打一场。
1232	egh	20	00004E21	37	12	16号\n这主意不错，\n但你打算怎么去宇宙？
1233	egh	20	00004E21	40	12	17号\n让活下来的人\n给我们造一艘宇宙飞船就行。
1234	egh	20	00004E21	43	12	18号\n就这么定了。\n那就赶快出发吧。
1235	egh	20	00004E21	46	12	17号\n先别急嘛。\n这次坐船过去吧。\n乘船旅行应该也挺有意思。
1236	egh	20	00004E21	60	17	人造人们的流浪之旅，\n才刚刚开始……
1237	egh	20	00004E21	61	17	前方会有什么敌人在等待？\n对他们而言，\n这将成为最棒的游戏。
1238	egh	20	00004E21	68	12	\n新增角色\n“17号＆16号”！\n可在角色选择中使用！
1239	frz	0	00002710	10	17	为了寻找龙珠，\n弗利萨来到了那美克星。
1240	frz	0	00002710	11	17	然而，寻找龙珠的进展\n并不顺利……
1241	frz	0	00002710	17	12	弗利萨\n太慢了！\n你们到底还要\n浪费多少时间！
1242	frz	0	00002710	20	12	萨博\n非、非常抱歉……
1243	frz	0	00002710	23	12	多多利亚\n看来，我们有几支部队\n被贝吉塔\n彻底消灭了……
1244	frz	0	00002710	26	12	弗利萨\n萨博先生，联系弗利萨行星，\n命令基纽特战队\n立刻赶来这里！
1245	frz	0	00002710	29	12	萨博\n是！
1246	frz	0	00002710	37	12	弗利萨\n贝吉塔就由我\n亲自来收拾。
1247	frz	0	00002710	45	12	贝吉塔\n可恶……\n要是卡卡罗特能早一点\n来到这颗星球……
1248	frz	0	00002710	48	12	弗利萨\n卡卡罗特？\n听名字像是赛亚人呢。\n居然还有幸存者……
1249	frz	0	00002710	49	12	弗利萨\n也罢。\n胆敢反抗我的人，\n统统杀掉就是了。
1250	frz	0	00002710	53	12	萨博\n弗利萨大王！
1251	frz	0	00002710	56	12	多多利亚\n区区贝吉塔，根本用不着\n弗利萨大王亲自动手。
1252	frz	0	00002710	59	12	弗利萨\n好吧。\n那就由你们二位来招待他。
1253	frz	1	00002AF8	11	12	弗利萨\n好了，贝吉塔\n总算已经解决了。
1254	frz	1	00002AF8	14	12	多多利亚\n嘿……\n真是个蠢货。\n竟敢反抗弗利萨大王。
1255	frz	1	00002AF8	23	12	\n新增角色\n“萨博＆多多利亚”！\n可在角色选择中使用！
1256	frz	2	00002711	14	12	弗利萨\n已经过去这么久，\n你们还没集齐\n所有龙珠吗？
1257	frz	2	00002711	17	12	基纽\n非、非常抱歉。\n似乎有两个地球人\n一直从中妨碍……
1258	frz	2	00002711	25	12	弗利萨\n原来如此……\n看来只能由我亲自出马了。
1259	frz	2	00002711	26	12	弗利萨\n再拖下去……父王或许会\n追问我为何\n迟迟不归。
1260	frz	2	00002711	27	12	弗利萨\n毕竟，我还没有\n向任何人透露\n龙珠的事……
1261	frz	2	00002711	43	12	多多利亚\n弗利萨大王！！
1262	frz	2	00002711	46	12	萨博\n我们发现了\n那几个疑似地球人的家伙。
1263	frz	2	00002711	49	12	弗利萨\n嚯嚯嚯。\n干得不错。把他们带来。
1264	frz	2	00002711	58	12	弗利萨\n就是你们这些地球人\n妨碍了我们的行动吗……\n还真敢给我添麻烦。
1265	frz	2	00002711	59	12	弗利萨\n萨博先生，多多利亚先生。
1266	frz	2	00002711	62	12	萨博\n是！
1267	frz	2	00002711	65	12	多多利亚\n要用那一招了吧……\n交给我们！在数到800之前，\n一定解决他们！
1268	frz	2	00002711	82	12	\n获得团队必杀技\n“致盲流星”！
1269	frz	2	00002711	83	12	\n让弗利萨与萨博＆多多利亚组队，\n在气力达到200的状态下，\n触碰团队必杀技按钮！
1270	frz	3	00002AF9	17	12	弗利萨\n嚯嚯嚯。\n来，给他们最后一击吧……
1271	frz	3	00002AF9	21	12	悟空\n休想！！
1272	frz	3	00002AF9	28	12	弗利萨\n……！\n刚才的攻击竟然被弹开了……
1273	frz	3	00002AF9	31	12	悟空\n你们两个，还能动吗？
1274	frz	3	00002AF9	34	12	克林\n悟、悟空……
1275	frz	3	00002AF9	37	12	悟空\n已经没事了……\n这里交给我吧……
1276	frz	3	00002AF9	40	12	克林\n对、对不起……\n拜托你了，悟空……
1277	frz	3	00002AF9	43	12	弗利萨\n你们在做什么！\n萨博先生！多多利亚先生！\n退下……
1278	frz	3	00002AF9	46	12	悟空\n你竟敢对无辜的人下手……
1279	frz	3	00002AF9	49	12	弗利萨\n原来如此……就是你吗？\n贝吉塔提到的那个赛亚人……
1280	frz	4	00002EE1	19	12	多多利亚\n弗利萨大王！
1281	frz	4	00002EE1	22	12	萨博\n那是……古拉大王的飞船！
1282	frz	4	00002EE1	25	12	弗利萨\n啧……被他察觉了吗？
1283	frz	5	00002712	11	12	悟空\n唯独你，我绝不会原谅……\n我真的生气了——！\n弗利萨——！！
1284	frz	5	00002712	19	12	悟空\n我拥有平静的心，\n却因强烈的愤怒而觉醒……\n我是传说中的战士——超级赛亚人孙悟空！
1285	frz	5	00002712	22	12	弗利萨\n……看来，\n你真的是超级赛亚人……\n我还以为那只是传说。
1286	frz	5	00002712	23	12	弗利萨\n但我不会败。\n死的人是你。
1287	frz	5	00002712	26	12	悟空\n你说什么……？
1288	frz	5	00002712	29	12	弗利萨\n和这颗星球一起消失吧！！
1289	frz	5	00002712	32	14	悟空\n糟了……！！
1290	frz	5	00002712	53	12	弗利萨\n看来力量压得稍微过头了……
1291	frz	5	00002712	56	12	悟空\n因为你怕自己也被\n星球爆炸波及……\n你失算了。
1292	frz	5	00002712	59	12	弗利萨\n我可没有失算。\n这颗星球的核心已经被我破坏。
1293	frz	5	00002712	60	12	弗利萨\n用不了多久，\n那美克星就会大爆炸。
1294	frz	5	00002712	63	12	悟空\n这些时间已经足够了。\n我要打倒你，再和同伴一起\n逃离这颗星球。
1295	frz	5	00002712	71	12	弗利萨\n打倒我……？别笑死人了。\n做好觉悟吧……\n这就是我100%的力量！！
1296	frz	5	00002712	89	12	\n获得究极技\n“死亡弹”！
1297	frz	5	00002712	90	12	\n弗利萨体力变红时，\n将气力提升至150以上，\n面向下方同时按下X键＋A键！
1298	frz	5	00002712	100	12	\n获得特殊能力\n“100%全力”！
1299	frz	5	00002712	101	12	\n使用弗利萨时，\n在气力达到100以上的状态下，\n按下L键！
1300	frz	6	00002AFA	9	12	弗利萨\n那美克星快要爆炸了……\n必须尽快逃出去……
1301	frz	7	00002713	9	17	被卷入那美克星爆炸的弗利萨，\n以机械弗利萨的姿态\n再次复活。
1302	frz	7	00002713	10	17	随后，机械弗利萨\n与库尔德王一同来到地球，\n准备展开复仇……
1303	frz	7	00002713	16	12	机械弗利萨\n这里就是地球吗……还不错。
1304	frz	7	00002713	17	12	机械弗利萨\n等那家伙回来时，\n我想看看他懊悔的表情，\n不如先把地球人全杀了吧。
1305	frz	7	00002713	20	12	特兰克斯\n我不会让你得逞，弗利萨……
1306	frz	7	00002713	23	12	库尔德王\n你是什么人……？
1307	frz	7	00002713	26	12	特兰克斯\n你们有一个误算。\n超级赛亚人并不只有孙悟空先生。\n这里还有一个……
1308	frz	7	00002713	27	12	特兰克斯\n哈啊啊！！！
1309	frz	7	00002713	36	12	机械弗利萨\n这、这是……\n和那个叫孙悟空的\n超级赛亚人一样……！？
1310	frz	7	00002713	39	12	特兰克斯\n一击解决你！
1311	frz	7	00002713	42	12	机械弗利萨\n呵呵呵呵……\n凭你的攻击，也想打中我！
1312	frz	7	00002713	59	12	\n获得究极技\n“库尔德重击”！
1313	frz	7	00002713	60	12	\n机械弗利萨体力变红时，\n将气力提升至150以上，\n面向下方同时按下X键＋A键！
1314	frz	8	00002AFB	10	14	机械弗利萨\n…………！
1315	frz	8	00002AFB	17	12	\n弗利萨甚至来不及开口，\n就被一刀斩断。
1316	frz	9	00002EE3	8	12	机械弗利萨\n我、我竟然被压制了！？\n这、这是什么力量……\n先、先撤退！
1317	frz	10	00002714	11	17	弗利萨被特兰克斯一刀两断，\n就此死去，\n坠入地狱。
1318	frz	10	00002714	12	17	起初，地狱一度由弗利萨称霸。\n但大约三年后，名为沙鲁的\n人造人也来到了地狱。
1319	frz	10	00002714	13	17	弗利萨与沙鲁为争夺势力激战不休，\n令地狱陷入一片混乱，\n也成了天界的一大烦恼。
1320	frz	10	00002714	19	12	界王\n要不请悟空想想办法……
1321	frz	10	00002714	26	12	悟空\n你们……又在干坏事吗？\n都已经死了，\n就不能老实一点吗。
1322	frz	10	00002714	29	12	沙鲁\n没想到竟会在地狱\n与你重逢……
1323	frz	10	00002714	32	12	机械弗利萨\n说得正是。\n没能向你复仇，\n让我有多么不甘！
1324	frz	10	00002714	35	12	悟空\n真是一群执念深重的家伙……
1325	frz	10	00002714	39	12	机械弗利萨\n沙鲁先生，今天不如……
1326	frz	10	00002714	42	12	沙鲁\n你想联手战斗吧。
1327	frz	10	00002714	45	12	机械弗利萨\n正是如此……\n超级赛亚人……受死吧！
1328	frz	10	00002714	48	12	悟空\n可我本来就已经死了啊……
1329	frz	11	00002AFC	9	12	机械弗利萨\n成……成功了！\n我们赢了，沙鲁先生！
1330	frz	11	00002AFC	12	12	沙鲁\n哦……哦哦！
1331	frz	12	00002715	8	17	弗利萨总算将\n龙珠的秘密\n隐瞒了下来。
1332	frz	12	00002715	9	17	然而，父亲库尔德王担心弗利萨，\n便派他的哥哥古拉\n前来查看情况。
1333	frz	12	00002715	15	12	弗利萨\n没想到哥哥\n竟会亲自前来。
1334	frz	12	00002715	18	12	古拉\n不必谢我。要谢就谢命令我\n前来救你的父王吧。\n我也只是碰巧在附近。
1335	frz	12	00002715	33	17	然而，此后弗利萨\n却屡次遭到暗杀。
1336	frz	12	00002715	34	17	感到生命受到威胁的弗利萨，\n拼死逃回了自己的星球。
1337	frz	12	00002715	35	17	此后，他重整势力，\n准备向古拉复仇……
1338	frz	12	00002715	41	12	弗利萨\n躲在这种机械星球里，\n你究竟在做什么。\n真是没出息……
1339	frz	12	00002715	44	12	古拉\n哼，你不明白这颗比克高星\n有多么强大吗？而且，你真以为\n弟弟能胜过哥哥吗！！
1340	frz	12	00002715	47	12	弗利萨\n当然能。\n因为和你不同，我一直都在\n与比自己更强的敌人战斗！
1341	frz	13	00002AFD	9	12	金属古拉\n呵呵……\n凭这点程度可杀不了我！
1342	frz	13	00002AFD	12	12	弗利萨\n什、什么？\n竟然这么快就再生了……？\n而且还变成了机械……
1343	frz	14	00002716	8	17	古拉化为金属古拉，\n再次复活……
1344	frz	14	00002716	9	17	原来，古拉早已成为\n比克高星的核心。
1345	frz	14	00002716	15	12	金属古拉\n我早就料到你会来。\n你的力量\n对我是没有用的！
1346	frz	14	00002716	16	12	金属古拉\n弗利萨，杀了你以后\n就轮到父王！\n整个宇宙都将属于我！
1347	frz	14	00002716	19	12	库尔德王\n古拉，你太令我失望了！
1348	frz	14	00002716	22	12	弗利萨\n爸爸！！
1349	frz	14	00002716	44	12	金属古拉\n呜哇啊！！
1350	frz	14	00002716	47	12	库尔德王\n上吧，弗利萨！\n解决掉你那个愚蠢的哥哥！
1351	frz	14	00002716	50	12	弗利萨\n是……爸爸！
1352	frz	15	00002AFE	10	14	金属古拉\n咕哦哦哦哦哦哦哦哦……！\n咕嘎……！
1353	frz	16	00002717	9	17	数年后……力量增强的弗利萨\n为了除掉特兰克斯，\n再次来到了地球……
1354	frz	16	00002717	15	12	机械弗利萨\n这里真是地球……？\n竟然荒废成这样……\n和上次来时完全不同。
1355	frz	16	00002717	18	12	多多利亚\n弗利萨大王！\n探测器捕捉到了\n疑似超级赛亚人的反应。
1356	frz	16	00002717	21	12	机械弗利萨\n地球荒废成这样，\n我还以为他早就死了。\n看来是我多虑了……
1357	frz	16	00002717	29	12	特兰克斯\n你、你是……弗利萨！？\n为什么现在才来……？
1358	frz	16	00002717	32	12	机械弗利萨\n当然是为了复仇。\n我正是为此\n提升了力量……
1359	frz	16	00002717	33	12	机械弗利萨\n哦？\n那是龙珠吗？
1360	frz	16	00002717	34	12	机械弗利萨\n比那美克星的要小呢……算了。\n当时没能实现的长生不老，\n这次就在这里实现吧。
1361	frz	16	00002717	37	12	特兰克斯\n休想让我把\n龙珠交给你！！
1362	frz	17	00002AFF	9	12	机械弗利萨\n哈——哈哈哈哈哈！\n我打倒超级赛亚人了！\n这下再也没有什么值得害怕！
1363	frz	17	00002AFF	12	12	特兰克斯\n把、把龙珠还回来……\n否则整个宇宙\n都会遭殃……
1364	frz	18	00002718	19	12	神龙\n说出你的愿望吧。\n任何愿望，\n我都可以实现一个。
1365	frz	18	00002718	21	12	机械弗利萨\n那么，就让我长生不……嗯？
1366	frz	18	00002718	28	12	机械弗利萨\n那是什么？\n看起来像是一艘宇宙飞船……
1367	frz	18	00002718	31	12	\n随后，从宇宙飞船中\n出现的人是……
1368	frz	18	00002718	33	12	机械弗利萨\n呵……呵呵呵……！\n今天还真是个好日子！
1369	frz	18	00002718	34	12	机械弗利萨\n我最想打倒的家伙\n竟然主动出现在我面前。
1370	frz	18	00002718	37	12	悟空\n你的性格还是\n一点没变啊……\n还想再被我打败一次吗？
1371	frz	18	00002718	40	12	机械弗利萨\n见识过我的真正实力后，\n你还能说出同样的话吗？\n哈啊！
1372	frz	18	00002718	48	12	悟空\n这股气确实厉害……\n看来会很有意思……
1373	frz	18	00002718	51	12	机械弗利萨\n呵呵呵。\n我连一半的力量\n都还没拿出来呢。
1374	frz	18	00002718	54	12	悟空\n嘿。\n还挺从容嘛，弗利萨……！
1375	frz	18	00002718	72	12	\n获得特殊能力\n“从容”！
1376	frz	18	00002718	73	12	\n使用机械弗利萨时，\n在气力达到100以上的状态下，\n按下L键！
1377	frz	19	00002B00	7	12	机械弗利萨\n虽然受了不少妨碍，\n这一刻终于还是到来了……
1378	frz	19	00002B00	8	12	机械弗利萨\n来吧，龙珠！\n实现我的愿望！
1379	frz	20	00004E20	11	12	悟空\n真是的……\n界王大人也会给人出难题啊。
1380	frz	20	00004E20	17	12	界王\n你要故意输给他们。\n他们就是因为没能赢过你们而不甘心，\n才会在地狱里闹事。
1381	frz	20	00004E20	23	12	悟空\n不过，弗利萨先不说，\n我当时或许还真\n赢不了沙鲁呢！
1382	frz	20	00004E20	26	12	机械弗利萨\n……你说什么？\n这话我可不能当作没听见。\n你说今天是故意输的！？
1383	frz	20	00004E20	29	12	悟空\n没、没有，才不是那么回事。\n啊、啊哈哈哈……
1384	frz	20	00004E20	32	12	机械弗利萨\n很好……在战胜你之前，\n我会一次又一次向你挑战！\n别想逃走！
1385	frz	20	00004E20	35	12	悟空\n什么——！？那段时间\n我得一直留在地狱吗？
1386	frz	20	00004E20	38	12	机械弗利萨\n当然！
1387	frz	20	00004E20	75	12	\n新增角色\n“机械弗利萨”！\n可在角色选择中使用！
1388	frz	21	00004E21	8	12	库尔德王\n弗利萨！你终于超越了哥哥。\n这才是我的儿子。
1389	frz	21	00004E21	11	12	弗利萨\n谢谢爸爸！
1390	frz	21	00004E21	12	12	弗利萨\n不过，这颗机械星球\n还真是不错……
1391	frz	21	00004E21	15	12	库尔德王\n是啊……\n今后就把这里作为据点，\n统治整个宇宙吧。
1392	frz	21	00004E21	18	12	弗利萨\n呵呵呵……\n宇宙是我们的了……
1393	frz	21	00004E21	38	12	\n新增角色\n“古拉”！\n可在角色选择中使用！
1394	frz	22	00004E22	6	12	神龙\n你的愿望已经实现……\n那么，再会。
1395	frz	22	00004E22	52	12	机械弗利萨\n终于……终于\n得到永恒的生命了！
1396	frz	22	00004E22	58	17	实现长生不老夙愿的弗利萨，\n正式开始了\n征服全宇宙的行动。
1397	frz	22	00004E22	59	17	他的野心必将实现。\n因为弗利萨拥有的，\n是无穷无尽的时间……
1398	gnu	0	00002710	16	17	奉弗利萨之命，基纽等人\n被召往那美克星。
1399	gnu	0	00002710	17	17	他们接到的任务，\n是追击抢走龙珠的\n贝吉塔。
1400	gnu	0	00002710	23	12	利库姆\n利库姆！
1401	gnu	0	00002710	26	12	巴特\n巴特！
1402	gnu	0	00002710	29	12	吉斯\n吉斯！
1403	gnu	0	00002710	32	12	古尔多\n古尔多！
1404	gnu	0	00002710	35	12	基纽\n基纽！
1405	gnu	0	00002710	37	14	众人\n全员到齐！
1406	gnu	0	00002710	48	12	众人\n基纽特战队！
1407	gnu	0	00002710	81	12	贝吉塔\n可……\n可恶的混蛋们……
1408	gnu	0	00002710	84	12	基纽\n好久没活动筋骨了。\n就好好陪你们玩玩吧。
1409	gnu	1	00002AF8	13	12	基纽\n弗利萨大王的命令，\n是活捉贝吉塔……
1410	gnu	1	00002AF8	16	12	吉斯\n是要问出龙珠的下落吧。
1411	gnu	1	00002AF8	19	12	古尔多\n那边那几个垃圾一样的小矮子，\n就由我来送他们上路。
1412	gnu	1	00002AF8	24	12	克林\n要、要被干掉了……！
1413	gnu	1	00002AF8	27	12	贝吉塔\n哈啊！
1414	gnu	1	00002AF8	37	12	\n挡下袭向克林那一击的，\n竟是贝吉塔。
1415	gnu	1	00002AF8	39	12	基纽\n古尔多！
1416	gnu	1	00002AF8	42	12	古尔多\n……！？\n卑……卑鄙啊……贝、贝吉塔……\n竟、竟然装、装昏……
1417	gnu	1	00002AF8	45	12	贝吉塔\n战争里哪有什么\n卑鄙不卑鄙……
1418	gnu	2	00002711	11	17	古尔多被打倒后，\n特战队的造型无法完美摆出，\n基纽因此勃然大怒。
1419	gnu	2	00002711	12	17	就在这时，一艘神秘飞船从天而降。
1420	gnu	2	00002711	18	12	巴特\n队、队长……
1421	gnu	2	00002711	21	12	基纽\n那……那是什么……
1422	gnu	2	00002711	34	12	悟空\n克林，让你久等了……
1423	gnu	2	00002711	37	12	克林\n悟、悟空……
1424	gnu	2	00002711	40	12	悟空\n这里由我来对付。\n你们先走吧！
1425	gnu	2	00002711	43	12	克林\n对、对不起……
1426	gnu	2	00002711	66	12	\n悟空轻而易举地\n打倒了巴特与利库姆。
1427	gnu	2	00002711	68	12	悟空\n同伴都被打倒了，\n你为什么还在笑……？
1428	gnu	2	00002711	73	12	基纽\n因为你很强……\n我看上你这副强壮的身体了！\n用身体互换夺过来！
1429	gnu	2	00002711	76	12	基纽\n先削弱你，\n再慢慢夺走你的身体……
1430	gnu	3	00002AF9	15	12	基纽\n就是现在！
1431	gnu	3	00002AF9	16	12	基纽\n身体互换！！！
1432	gnu	3	00002AF9	22	12	基纽\n呵呵呵呵……你的身体，\n我就收下了……
1433	gnu	3	00002AF9	24	12	\n基纽使用身体互换，\n与悟空交换了身体。
1434	gnu	3	00002AF9	26	12	悟空\n究、究竟发生了什么……\n为、为什么我会在那边……？
1435	gnu	3	00002AF9	29	12	基纽\n我刚才已经说过了。\n我们交换了身体。
1436	gnu	3	00002AF9	32	12	悟空\n竟、竟然还能这样……？
1437	gnu	3	00002AF9	35	12	吉斯\n基纽队长！！
1438	gnu	4	00002EE1	11	12	悟空\n你是个堂堂正正的战士。\n可以的话，我不想杀你。\n离开这里吧。
1439	gnu	4	00002EE1	14	12	基纽\n你这家伙……是在小瞧我吗！
1440	gnu	4	00002EE1	17	12	悟空\n哈！
1441	gnu	4	00002EE1	35	12	基纽\n咕……咕哦……
1442	gnu	4	00002EE1	49	17	悟空没有痛下杀手，\n只是将基纽打昏。\n随后……
1443	gnu	4	00002EE1	50	17	悟空与弗利萨的战斗\n令那美克星毁灭时，\n基纽独自来到了地球。
1444	gnu	4	00002EE1	51	17	原来，他与那美克星人一同，\n借助龙珠的力量\n逃离了那美克星。
1445	gnu	5	00002712	11	17	得到悟空身体的基纽\n追向贝吉塔。
1446	gnu	5	00002712	12	17	但由于尚未适应新的身体，\n他无法发挥出应有的力量。\n这时，悟空追了上来。
1447	gnu	5	00002712	18	12	基纽\n为、为什么……！！\n这、这副身体应该能爆发出\n惊人的战斗力才对……！！
1448	gnu	5	00002712	21	12	悟空\n那当然了……\n那可是我的身体。\n不熟悉的身体怎么可能用好气！
1449	gnu	5	00002712	24	12	吉斯\n队长！！\n我来支援您！！
1450	gnu	5	00002712	30	12	贝吉塔\n慢着……\n你的对手是本大爷！！
1451	gnu	5	00002712	33	12	贝吉塔\n哈啊——！！
1452	gnu	5	00002712	51	12	\n贝吉塔一击便\n打倒了吉斯……
1453	gnu	5	00002712	53	12	基纽\n吉、吉斯竟然被贝吉塔……\n怎、怎么会这样……\n可恶……
1454	gnu	7	00002713	9	17	唯一幸存下来的基纽，\n开始寻找\n地球上的龙珠。
1455	gnu	7	00002713	15	12	克林\n你是……！？\n为什么会在地球！？
1456	gnu	7	00002713	18	12	基纽\n原因不重要。\n我有些事要问你——关于龙珠。
1457	gnu	7	00002713	21	12	克林\n唔！我绝不会把\n这些龙珠\n交给你！
1458	gnu	7	00002713	26	12	基纽\n什么！？原来在你手里……\n倒省了我寻找的工夫。
1459	gnu	7	00002713	29	12	基纽\n来吧……交出来！
1460	gnu	8	00002AFB	10	12	基纽\n竟然带着三颗龙珠……\n运气真不错。
1461	gnu	8	00002AFB	13	12	基纽\n嗯？这个雷达是什么？\n……原来如此，用它就能\n寻找龙珠吗！
1462	gnu	9	00002714	9	12	基纽\n根据雷达显示，\n龙珠应该就在\n这附近……
1463	gnu	9	00002714	12	12	格罗博士\n你是什么人……\n看起来似乎是外星人……
1464	gnu	9	00002714	15	12	基纽\n嗯！？雷达有反应……\n原来龙珠\n在你手里！
1465	gnu	9	00002714	18	12	格罗博士\n你也是为龙珠而来吗。\n不过，这是完成我的研究\n所必需的。
1466	gnu	9	00002714	21	12	基纽\n我才不管你有什么理由！\n把龙珠交出来！\n不愿意，就用武力抢过来！
1467	gnu	10	00002AFC	12	12	基纽\n哈哈哈！\n想挑战本基纽大人，\n你还早了一千年！
1468	gnu	10	00002AFC	16	12	基纽\n嗯……心情真不错！\n基纽特战队！\n特别战斗姿势！
1469	gnu	10	00002AFC	29	12	基纽\n………果、果然\n一个人摆不出气势……\n好、好空虚……
1470	gnu	10	00002AFC	38	12	\n获得特殊能力\n“特别战斗姿势”\n！
1471	gnu	10	00002AFC	39	12	\n使用基纽时，按下L键！
1472	gnu	11	00002715	9	17	打倒格罗博士后，基纽\n追踪新的龙珠反应，\n来到格罗博士的研究所。
1473	gnu	11	00002715	10	17	原来，格罗博士将\n找到的龙珠\n保存在研究所中。
1474	gnu	11	00002715	11	17	在昏暗的研究所内搜索时，\n基纽不小心按下了\n某个开关。
1475	gnu	11	00002715	17	12	基纽\n……嗯？
1476	gnu	11	00002715	20	12	18号\n………\n你是谁？
1477	gnu	11	00002715	23	12	基纽\n什么……？\n刚才那个地球人也是，\n这颗星球怎么尽是些没礼貌的家伙……
1478	gnu	11	00002715	24	12	基纽\n我的名字是基纽！\n基纽特战队的……
1479	gnu	11	00002715	32	12	18号\n谁问你这个了！\n格罗博士\n在哪儿？
1480	gnu	11	00002715	33	12	\n就在此时，从未来而来的\n特兰克斯也出现了。
1481	gnu	11	00002715	40	12	特兰克斯\n什、什么……！？\n18号竟然已经苏醒……\n这也太早了！
1482	gnu	11	00002715	43	12	基纽\n喂！那边的年轻人！\n看起来挺强啊……\n要不要合作？
1483	gnu	11	00002715	46	12	特兰克斯\n那身战斗服，是弗利萨一伙……！？\n可恶……不过现在必须先\n消灭人造人！
1484	gnu	12	00002AFD	10	12	基纽\n（这个男人……是什么人！？\n赛亚人吗……！！）
1485	gnu	12	00002AFD	13	12	特兰克斯\n话说回来……\n你是弗利萨的手下吧？
1486	gnu	12	00002AFD	21	12	基纽\n呃……啊……\n（被……被发现了！）
1487	gnu	12	00002AFD	24	12	基纽\n啊！！\n弗利萨大王！！
1488	gnu	12	00002AFD	27	12	特兰克斯\n什……！？你说什么！！\n在哪里！？
1489	gnu	12	00002AFD	30	12	基纽\n趁现在……快逃！
1490	gnu	13	00002716	13	12	基纽\n嗯……\n龙珠的反应\n就在这附近才对……
1491	gnu	13	00002716	14	12	基纽\n………不过，\n这地方还真冷……\n嗯……那是什么！？
1492	gnu	13	00002716	17	12	布罗利\n咕嘎……！
1493	gnu	13	00002716	20	12	基纽\n……那、那家伙是什么人？
1494	gnu	13	00002716	22	12	\n没想到，龙珠反应的附近\n竟然有布罗利！
1495	gnu	13	00002716	24	12	悟空\n咦，你不是基纽吗？\n怎么会在\n这种地方？
1496	gnu	13	00002716	27	12	基纽\n呜哇！\n你是……当时那个赛亚人！
1497	gnu	13	00002716	35	12	悟空\n我们的对手是布罗利。\n没空管你。
1498	gnu	13	00002716	38	12	基纽\n什么……要打倒那家伙吗？\n原来如此！既然这样，\n就暂时合作吧！
1499	gnu	13	00002716	43	12	贝吉塔\n啧……\n你只会拖后腿！
1500	gnu	13	00002716	46	12	悟空\n别这么说嘛。\n那家伙很强……\n战力当然越多越好。
1501	gnu	14	00002AFE	14	12	基纽\n哈啊……哈啊……\n身体互——换！！\n特别版！！
1502	gnu	14	00002AFE	25	12	悟空\n咦咦！？
1503	gnu	14	00002AFE	28	12	基纽\n哈哈哈——！接招！\n给我飞到宇宙去吧——！
1504	gnu	14	00002AFE	33	12	\n没想到，基纽竟在一瞬间\n借用悟空的身体\n发出了龟派气功。
1505	gnu	14	00002AFE	35	12	基纽\n好了……\n龙珠已经到手，\n也没必要再理会他们了。
1506	gnu	14	00002AFE	36	12	基纽\n……啊！古拉大王！！
1507	gnu	14	00002AFE	39	12	贝吉塔\n什么！？
1508	gnu	14	00002AFE	47	12	基纽\n笨蛋！\n趁现在……
1509	gnu	14	00002AFE	51	12	悟空\n……啊！\n基纽那家伙逃了！
1510	gnu	14	00002AFE	60	12	\n获得团队必杀技\n“身体互换特别版”！
1511	gnu	14	00002AFE	61	12	\n让基纽与悟空（常态）组队，\n在气力达到200的状态下，\n触碰团队必杀技按钮！
1512	gnu	15	00002717	8	17	集齐六颗龙珠的基纽，\n为了寻找最后一颗，\n来到了卡林圣地。
1513	gnu	15	00002717	14	12	基纽\n这就是最后一颗吗……\n嗯……！？\n什么人！
1514	gnu	15	00002717	17	12	比克\n你这家伙……\n是那美克星上弗利萨的同伙吧。\n你想用龙珠做什么……
1515	gnu	15	00002717	25	12	基纽\n唔……
1516	gnu	16	00002AFF	13	12	比克\n呜哇啊！
1517	gnu	16	00002AFF	16	12	基纽\n看来你大意了！\n可别以为我还是从前那个我！
1518	gnu	16	00002AFF	19	12	比克\n……绝、绝不能让你\n使用龙珠！
1519	gnu	16	00002AFF	24	12	基纽\n都走到这一步了，\n哪有笨蛋会乖乖回答\n“好吧”然后放弃！
1520	gnu	16	00002AFF	25	12	基纽\n好……这就是\n最后一颗龙珠！
1521	gnu	16	00002AFF	29	12	基纽\n终于集齐七颗了！
1522	gnu	17	00002718	7	17	基纽集齐了\n全部龙珠，\n悟空却在此时赶到。
1523	gnu	17	00002718	13	12	悟空\n如今的地球上到处都是\n比弗利萨更强的家伙……你挺能干嘛！
1524	gnu	17	00002718	14	12	悟空\n不过，我也\n需要龙珠。\n能把它们交给我吗？
1525	gnu	17	00002718	17	12	基纽\n怎么可能交给你！
1526	gnu	17	00002718	18	12	基纽\n（不过，这家伙似乎比\n在那美克星交手时\n更强了……）
1527	gnu	17	00002718	19	12	基纽\n事到如今……无论如何\n也要逃出去！！
1528	gnu	18	00002B00	14	12	基纽\n哈啊、哈啊……\n总、总算甩掉他了……
1529	gnu	18	00002B00	15	12	基纽\n趁、趁现在使用龙珠\n……！！
1530	gnu	18	00002B00	57	12	神龙\n说出你的愿望吧。\n任何愿望，我都可以实现一个。
1531	gnu	18	00002B00	59	12	基纽\n请、请让我的重要伙伴们\n复活！！
1532	gnu	18	00002B00	61	12	神龙\n可以。
1533	gnu	18	00002B00	72	12	\n新增角色\n“神龙”！\n可在角色选择中使用！
1534	gnu	19	00002B6E	4	12	基纽\n哈啊、哈啊……\n我、我竟然打倒了\n那个传说中的超级赛亚人……
1535	gnu	19	00002B6E	8	14	基纽\n呜……呜哦哦哦哦哦！！
1536	gnu	19	00002B6E	10	12	基纽\n我……我竟然……！\n不知不觉获得了宇宙第一的力量！？
1537	gnu	19	00002B6E	11	12	基纽\n原来我是超级天才战士！！
1538	gnu	19	00002B6E	12	12	基纽\n呵呵呵……\n哈哈哈……\n哈——哈哈哈哈哈！
1539	gnu	19	00002B6E	13	12	基纽\n呼……\n高兴归高兴，差点忘了\n一件重要的事。
1540	gnu	19	00002B6E	14	12	基纽\n必须用舞蹈纪念这一刻！
1541	gnu	19	00002B6E	17	12	基纽\n要开始了……
1542	gnu	19	00002B6E	20	12	基纽\n喝！！
1543	gnu	19	00002B6E	38	14	\n…………
1544	gnu	19	00002B6E	42	12	基纽\n嗯……唔……\n总觉得不太对……
1545	gnu	19	00002B6E	45	12	基纽\n呵呵呵……\n我想到一个好主意！！
1546	gnu	19	00002B6E	48	14	基纽\n宇宙最强！！\n天才战士！！
1547	gnu	19	00002B6E	69	12	基纽\n基纽！！
1548	gnu	19	00002B6E	71	14	\n…………
1549	gnu	19	00002B6E	73	12	基纽\n好！太好了！\n要是把这个加入\n胜利之舞！！
1550	gnu	19	00002B6E	79	17	就这样，基纽为了将新的\n战斗姿势加入\n胜利之舞，
1551	gnu	19	00002B6E	80	17	继续不断练习……
1552	gnu	19	00002B6E	102	12	基纽\n嗯？\n总觉得好像忘了什么……
1553	gnu	19	00002B6E	119	12	基纽\n啊！
1554	gnu	20	00002719	11	12	神龙\n那么，愿望已经实现……\n再会……
1555	gnu	20	00002719	20	12	利库姆\n利库姆！
1556	gnu	20	00002719	23	12	巴特\n巴特！
1557	gnu	20	00002719	26	12	吉斯\n吉斯！
1558	gnu	20	00002719	29	12	古尔多\n古尔多！
1559	gnu	20	00002719	32	12	基纽\n你、你们……
1560	gnu	20	00002719	35	12	利库姆\n大家……
1561	gnu	20	00002719	38	12	巴特\n全员到齐！
1562	gnu	20	00002719	41	12	吉斯\n基纽……
1563	gnu	20	00002719	44	12	古尔多\n特战队！
1564	gnu	20	00002719	47	12	基纽\n好——！你们几个，\n这才是最棒的战斗姿势！！
1565	gnu	20	00002719	83	12	基纽\n什！！你、你是……
1566	gnu	20	00002719	86	12	布罗利\n竟敢戏弄我……\n杀了你们……！
1567	gnu	20	00002719	89	12	基纽\n那、那不是本该被\n打飞到宇宙里的\n赛亚人吗！
1568	gnu	20	00002719	90	12	基纽\n对、对不起……\n好不容易让你们复活，\n却又要分别了吗……
1569	gnu	20	00002719	93	12	弗利萨\n哎呀呀，基纽先生。\n这可不像你啊……
1570	gnu	20	00002719	96	12	基纽\n弗、弗、弗利萨大王！？\n您、您平安无事吗！？
1571	gnu	20	00002719	100	12	萨博\n可不只有弗利萨大王……
1572	gnu	20	00002719	103	12	基纽\n萨博，连多多利亚也……\n原、原来如此！因为我许愿\n让伙伴们复活了！！
1573	gnu	20	00002719	106	12	布罗利\n你是……弗利萨！\n正好！\n现在就在这里杀了你！！
1574	gnu	20	00002719	110	12	基纽\n弗利萨大王！\n只要我们集结，\n整个宇宙便无人能敌！
1575	gnu	21	00002B01	10	12	弗利萨\n要上了！\n基纽先生！
1576	gnu	21	00002B01	13	12	基纽\n是！
1577	gnu	21	00002B01	34	12	布罗利\n咕哦哦哦哦哦！
1578	gnu	21	00002B01	37	12	基纽\n接下来……必杀的\n特战队风暴！
1579	gnu	22	00004E20	14	12	基纽\n事到如今，就夺走\n贝吉塔的身体吧……\n互——换！！
1580	gnu	22	00004E20	25	12	悟空\n好机会！\n我能变回原来的自己了！
1581	gnu	22	00004E20	30	12	悟空\n好……好！
1582	gnu	22	00004E20	33	12	基纽\n可恶！\n那就再来一次！！
1583	gnu	22	00004E20	34	12	基纽\n互——……
1584	gnu	22	00004E20	36	12	悟空\n这里怎么会有只青蛙……\n对了，就用它！！
1585	gnu	22	00004E20	37	12	悟空\n和青蛙交换吧——！
1586	gnu	22	00004E20	39	12	基纽\n……换！？
1587	gnu	22	00004E20	52	12	基纽\n……呱呱。
1588	gnu	22	00004E20	72	12	\n身体互换遭到阻挠的基纽，\n与悟空扔出的青蛙\n交换了身体。
1589	gnu	22	00004E20	74	12	贝吉塔\n哼。\n一想到你今后的生活，\n我都开始同情你了……
1590	gnu	22	00004E20	80	17	就这样，变成青蛙的基纽\n沉浸在悲伤中，\n蹦向了远方……
1591	gnu	23	00004E21	17	12	利库姆\n利库姆！
1592	gnu	23	00004E21	20	12	巴特\n巴特！
1593	gnu	23	00004E21	23	12	吉斯\n吉斯！
1594	gnu	23	00004E21	26	12	古尔多\n古尔多！
1595	gnu	23	00004E21	29	12	基纽\n基纽！
1596	gnu	23	00004E21	31	14	众人\n全员到齐！
1597	gnu	23	00004E21	42	12	众人\n基纽特战队！
1598	gnu	23	00004E21	73	12	基纽\n嗯……特别战斗姿势\n果然还是要五个人\n一起摆才行！
1599	gnu	23	00004E21	76	12	利库姆\n这个姿势才是最美的！
1600	gnu	23	00004E21	79	12	巴特\n其他家伙根本\n无法理解这种美！
1601	gnu	23	00004E21	82	12	吉斯\n能做到这一切，\n全都多亏了队长！
1602	gnu	23	00004E21	85	12	古尔多\n不愧是队长！
1603	gnu	23	00004E21	90	12	基纽\n是吗，是吗。
1604	gnu	23	00004E21	93	12	基纽\n……哦，是弗利萨大王的命令。\n全员出动！
1605	gnu	23	00004E21	95	12	众人\n噢！
1606	gnu	23	00004E21	100	17	所有伙伴都复活了。\n特战队的战斗还将继续。\n加油吧，基纽特战队！
1607	gnu	23	00004E21	107	12	\n获得团队必杀技\n“爆裂阵形”！
1608	gnu	23	00004E21	108	12	\n让弗利萨与基纽组队，\n在气力达到200的状态下，\n触碰团队必杀技按钮！
1609	gnu	23	00004E21	117	12	\n获得究极技\n“特战队风暴”！
1610	gnu	23	00004E21	118	12	\n基纽体力变红时，\n将气力提升至150以上，\n靠近对手按X键＋A键！
1611	goh	0	00002710	7	17	成为完全体的沙鲁，\n宣布举办沙鲁游戏。
1612	goh	0	00002710	8	17	为了修行，悟饭与悟空一同\n进入了精神与时间之屋。
1613	goh	0	00002710	14	12	悟空\n首先得让悟饭变成超级赛亚人。\n我要让你超越我。
1614	goh	0	00002710	17	12	悟饭\n变成超级赛亚人……我吗？\n而且，我、我还要变得\n比爸爸更强……！？
1615	goh	0	00002710	20	12	悟空\n真正的修行从那之后才开始。\n来，以愤怒为契机，\n试着变成超级赛亚人！
1616	goh	0	00002710	25	14	悟饭\n呜啊啊啊啊！
1617	goh	0	00002710	38	12	\n获得特殊能力\n“超级赛亚人”！
1618	goh	0	00002710	39	12	\n使用悟饭（常态）时，\n气力达到100以上时，\n按L键！
1619	goh	1	00002AF8	9	12	悟饭\n这股力量是什么……！？\n我竟然赢了爸爸！？
1620	goh	1	00002AF8	12	12	悟空\n超级赛亚人配上比克的招式吗！\n……果然和我想的一样。\n你会变得比我更强！
1621	goh	1	00002AF8	13	12	悟空\n把今天学会的招式\n也用在沙鲁身上吧！
1622	goh	1	00002AF8	30	12	\n获得究极技\n“魔激闪光弹”！
1623	goh	1	00002AF8	31	12	\n悟饭（常态）体力变红时，\n将气力提升至150以上，\n面向侧方同时按下X键＋A键！
1624	goh	2	00002711	11	17	沙鲁游戏开始后，\n悟空第一个与沙鲁交战。
1625	goh	2	00002711	12	17	然而，悟空向沙鲁认输，\n并选择悟饭作为接替他的战士。
1626	goh	2	00002711	18	12	沙鲁\n只要孙悟饭愤怒，\n真正的力量就会觉醒吧。
1627	goh	2	00002711	19	12	沙鲁\n那么……去吧，小沙鲁！
1628	goh	2	00002711	22	12	小沙鲁\n叽——！
1629	goh	2	00002711	33	12	\n小沙鲁实力强劲，\n就连悟空和贝吉塔也陷入苦战。\n目睹这一幕的悟饭……！？
1630	goh	2	00002711	35	12	悟饭\n大、大家……
1631	goh	2	00002711	40	14	悟饭\n呜哦啊啊啊啊啊——！
1632	goh	2	00002711	61	12	沙鲁\n终于显露真正的姿态了吗。\n这下有意思了！\n我也让你见识真正的力量。
1633	goh	2	00002711	67	12	悟饭\n……那又怎样！
1634	goh	2	00002711	84	12	\n获得究极技\n“狂怒连击”！
1635	goh	2	00002711	85	12	\n悟饭（超2）体力变红且\n气力达到150以上时，\n靠近对手同时按下X键＋A键！
1636	goh	3	00002AF9	15	17	败给悟空与悟饭的沙鲁，\n企图自爆并让地球一同毁灭。
1637	goh	3	00002AF9	30	12	悟空\n……再见了，大家。\n我要带这家伙瞬间移动离开。\n悟饭，替我向妈妈问好。
1638	goh	3	00002AF9	43	12	贝吉塔\n……这股气是！？
1639	goh	3	00002AF9	58	12	沙鲁\n多亏核心幸存下来，\n我才能够再生……
1640	goh	3	00002AF9	61	12	沙鲁\n我绝不会放过你们！\n和地球一起消失吧！
1641	goh	3	00002AF9	85	12	悟空\n听得到吗，悟饭……\n我正在从另一个世界和你说话。\n你也用尽全力轰过去！
1642	goh	3	00002AF9	94	12	悟饭\n是、是！
1643	goh	3	00002AF9	95	12	悟饭\n龟……派……气……功……\n波啊啊——！！！
1644	goh	3	00002AF9	103	12	悟空\n还没结束，悟饭！\n你的力量应该远不止如此！
1645	goh	3	00002AF9	113	14	悟饭\n哈啊啊啊啊啊啊啊！
1646	goh	3	00002AF9	131	14	沙鲁\n咿呀啊啊……！\n怎……怎么可能！！！
1647	goh	3	00002AF9	146	12	\n悟饭打倒了沙鲁。
1648	goh	3	00002AF9	147	12	\n然而，悟空已经曾被龙珠\n复活过一次，\n无法再回到人世。
1649	goh	3	00002AF9	148	12	\n但悟饭跨越了悟空之死，\n发誓要坚强地活下去。
1650	goh	3	00002AF9	157	12	\n新增角色\n“悟饭（超2）”！\n可在角色选择中使用！
1651	goh	3	00002AF9	166	12	\n获得团队必杀技\n“父子龟派气功”！
1652	goh	3	00002AF9	167	12	\n让悟空（常态）与悟饭（超2）组队，\n在气力达到200的状态下，\n触碰团队必杀技按钮！
1653	goh	4	00002712	9	17	地球从沙鲁的魔爪中获救。\n数年后，\n悟饭已成为16岁的高中生。
1654	goh	4	00002712	15	12	悟饭\n今天开始上学！\n不快点就要迟到了！
1655	goh	4	00002712	23	12	古拉\n这里就是地球吗……真无聊。\n打倒我弟弟弗利萨的赛亚人，\n真的在这种地方吗。
1656	goh	4	00002712	26	12	比迪丽\n外……外星人！？\n虽然不知道是不是坏人……\n总之得先和他谈谈。
1657	goh	4	00002712	27	12	比迪丽\n我是撒旦先生的女儿，\n比迪丽！
1658	goh	4	00002712	30	12	古拉\n我对地球人没兴趣！
1659	goh	4	00002712	41	14	比迪丽\n呀啊！
1660	goh	4	00002712	46	12	悟饭\n……那是弗利萨！？\n感觉又有点不一样……\n不管怎样，那个女孩有危险！
1661	goh	5	00002AFA	11	12	比迪丽\n你是同班的孙悟饭……？\n原来你就是“金色战士”！？
1662	goh	5	00002AFA	14	12	悟饭\n（金色战士……？\n我变成超级赛亚人帮助别人，\n已经传成了传闻吗……）
1663	goh	5	00002AFA	17	12	比迪丽\n喂……一个月后\n要举办天下第一武道会。\n我们来比比谁更强吧！
1664	goh	5	00002AFA	20	12	悟饭\n咦！那种事……！？
1665	goh	5	00002AFA	23	12	比迪丽\n你不参加，我就把你的身份告诉大家！
1666	goh	5	00002AFA	40	12	悟空\n这不是挺好吗，悟饭。\n我也会复活一天，\n去参加比赛！
1667	goh	5	00002AFA	48	12	悟饭\n爸爸！？\n你又在从另一个世界和我说话吗！？
1668	goh	5	00002AFA	51	12	比迪丽\n悟饭？\n你在和谁说话？
1669	goh	5	00002AFA	54	12	悟饭\n爸爸要回来了……！
1670	goh	5	00002AFA	71	12	\n新增角色\n“悟饭（青年）”！\n可在角色选择中使用！
1671	goh	6	00002713	9	17	悟饭参加了武道会。\n然而，在武道会进行期间，\n发生了可怕的事件。
1672	goh	6	00002713	10	17	企图复活魔人布欧的\n魔导师巴比迪闯入了会场。
1673	goh	6	00002713	16	12	悟饭\n你们是什么人！！
1674	goh	6	00002713	27	12	巴比迪\n嘻嘻嘻嘻……\n这家伙的能量归我了！\n这下就能复活魔人布欧！
1675	goh	6	00002713	30	12	界王神\n悟饭，我现在就恢复你的体力！\n请和我一起\n追上他们！
1676	goh	6	00002713	38	12	悟饭\n巴比迪……\n我一定会亲手阻止\n魔人布欧复活……
1677	goh	6	00002713	41	12	巴比迪\n已经太晚喽——\n出来吧——！\n魔人布欧——！
1678	goh	6	00002713	65	12	魔人布欧\n布欧——！
1679	goh	7	00002AFB	13	12	悟饭\n成功了！打倒魔人布欧了！
1680	goh	7	00002AFB	20	12	巴比迪\n可恶……！\n但我不会白白被打倒！
1681	goh	7	00002AFB	21	12	巴比迪\n巴巴拉巴——！
1682	goh	7	00002AFB	37	12	比克\n危险，悟饭！
1683	goh	7	00002AFB	43	12	悟饭\n比克叔叔！\n糟了……！\n他为了保护我，被光线……！
1684	goh	8	00002EE3	2	12	悟空\n悟饭！\n要上了……用龟派气功！\n波啊啊啊啊啊啊！
1685	goh	8	00002EE3	4	12	悟饭\n好的，爸爸！\n波啊啊啊啊啊啊！
1686	goh	8	00002EE3	13	12	贝吉塔\n等等！那是什么……！
1687	goh	8	00002EE3	16	12	巴比迪\n真可惜！\n是你们的攻击\n唤醒了邪恶的魔人布欧！
1688	goh	8	00002EE3	29	12	魔人布欧\n呼啊啊……
1689	goh	8	00002EE3	34	14	魔人布欧\n嘎啊啊啊——！
1690	goh	8	00002EE3	39	12	悟饭\n这……这是何等强大的力量！\n要被……\n呜哇啊啊——！
1691	goh	8	00002EE3	51	12	\n获得团队必杀技\n“超绝龟派气功”！
1692	goh	8	00002EE3	52	12	\n让超级赛亚人悟空与悟饭（青年）组队，\n在气力达到200的状态下，\n触碰团队必杀技按钮！
1693	goh	9	00002714	10	17	悟饭被魔人布欧打倒。\n但界王神救下悟饭，\n将他带到了界王神界。
1694	goh	9	00002714	16	12	界王神\n悟饭，听说只要拔出那把Z神剑，\n就能获得宇宙第一的力量。\n请用那股力量打倒魔人布欧。
1695	goh	9	00002714	20	12	悟饭\n宇宙第一！？我明白了！\n只要把山上的剑拔出来就行吧！
1696	goh	9	00002714	25	14	悟饭\n咕哦哦哦哦哦……！\n呜叽叽咕……！
1697	goh	9	00002714	36	14	悟饭\n喝啊啊啊啊！
1698	goh	9	00002714	52	12	悟饭\n哈啊……哈啊……\n呼——！总算拔出来了！\n这样我就是宇宙最强……了吗？
1699	goh	9	00002714	55	12	？？？？\n光这样可不行哦～
1700	goh	9	00002714	56	12	老界王神\n老夫是十五代以前的\n界王神。\n一直被封印在那把剑里。
1701	goh	9	00002714	57	12	老界王神\n只要用老夫的超能力，\n就能让你一口气变强，\n甚至超越自身极限。
1702	goh	9	00002714	60	12	悟饭\n真的吗……
1703	goh	9	00002714	63	12	老界王神\n你不相信吧！\n别管那些细节，\n先和那边的人打一场！
1704	goh	9	00002714	66	12	悟空\n哟，悟饭。\n界王让我过来的。
1705	goh	9	00002714	69	12	悟饭\n爸爸！？\n和爸爸战斗就能变强吗！？
1706	goh	9	00002714	73	12	老界王神\n没错，要拿出真本事哦～\n这样一来，你应该就能\n掌握真正的力量。
1707	goh	10	00002AFC	11	12	悟饭\n……好厉害！\n这样或许能战胜布欧！
1708	goh	10	00002AFC	14	12	悟空\n哇……你这家伙……\n真的把\n爸爸超过了啊。
1709	goh	10	00002AFC	31	12	\n获得特殊能力\n“真力解放”！
1710	goh	10	00002AFC	32	12	\n使用悟饭（青年）时，\n气力达到200时，\n按L键！
1711	goh	11	00002715	10	17	觉醒真正力量的悟饭，\n追随魔人布欧回到了地球。
1712	goh	11	00002715	11	17	地球上，比克与悟天克斯\n正在抵挡魔人布欧的攻击。
1713	goh	11	00002715	18	12	悟饭\n太好了，赶上了……
1714	goh	11	00002715	21	12	悟天\n哥哥！
1715	goh	11	00002715	24	12	特兰克斯\n悟饭哥哥！
1716	goh	11	00002715	27	12	比克\n那真的是悟饭吗……！？\n就连气的性质也与从前不同！
1717	goh	11	00002715	30	12	魔人布欧\n嘻嘻嘻……\n你该不会想和我打吧？
1718	goh	11	00002715	33	12	悟饭\n……不对。\n我是来杀你的。
1719	goh	11	00002715	34	12	悟饭\n……你赢不了。
1720	goh	12	00002AFD	12	12	魔人布欧\n唯独你不可原谅！\n绝对、绝对、\n绝——对要杀了你！
1721	goh	12	00002AFD	15	12	悟饭\n那是不可能的。\n你自己应该最清楚。
1722	goh	12	00002AFD	19	14	悟饭\n喝呀——！
1723	goh	13	00002716	12	17	悟饭与比迪丽为修行，\n来到了远离都市的冰原。
1724	goh	13	00002716	18	12	悟天\n哥～哥，这边这边！
1725	goh	13	00002716	21	12	比迪丽\n真是的……！\n明明说好只有我们两个人……！
1726	goh	13	00002716	24	12	悟饭\n对不起，比迪丽。\n他们擅自跟过来了。
1727	goh	13	00002716	29	12	特兰克斯\n嘴上说是修行，\n果然还是约会嘛～\n悟天！咱们这些电灯泡撤吧！
1728	goh	13	00002716	32	12	比迪丽\n才、才不是！\n接下来悟饭要教我\n怎么发射气弹！
1729	goh	13	00002716	35	12	悟饭\n啊哈哈……\n到底像谁啊，真是的……
1730	goh	13	00002716	43	12	悟天\n特兰克斯，等等我～！
1731	goh	13	00002716	46	12	特兰克斯\n喂，悟天！快看！\n那里有一座超帅的研究所。\n咦？你看那边……
1732	goh	13	00002716	58	12	布罗利\n呜呜呜……\n……卡……卡卡罗特！\n是卡卡罗特啊啊啊！
1733	goh	13	00002716	75	12	悟天\n哥～哥！救命——！\n你、你快看那个～！
1734	goh	13	00002716	79	12	布罗利\n呜哦哦哦——！\n咕哦哦哦——！
1735	goh	13	00002716	82	12	悟饭\n布、布……布罗利！？
1736	goh	14	00002AFE	13	12	布罗利\n咕哦哦哦——……！
1737	goh	14	00002AFE	16	12	悟饭\n最后一击！\n龟——派——气——功……\n波啊啊啊啊啊啊！
1738	goh	14	00002AFE	24	12	比迪丽\n刚才那个……到底是什么！？\n那个人也、也是悟饭的同伴？
1739	goh	14	00002AFE	27	12	悟饭\n算、算是吧……大概？
1740	goh	14	00002AFE	44	12	\n获得究极技\n“超级龟派气功”！
1741	goh	14	00002AFE	45	12	\n悟饭（青年）体力变红时，\n将气力提升至150以上，\n面向侧方同时按下X键＋A键！
1742	goh	15	00002717	13	12	特兰克斯\n悟饭哥哥！\n终于找到您了！
1743	goh	15	00002717	16	12	悟饭\n未来的特兰克斯……！？\n究竟发生什么事了？
1744	goh	15	00002717	19	12	特兰克斯\n我来借助您的力量。\n那之后，我在未来与沙鲁交战……\n却让他逃走了。
1745	goh	15	00002717	20	12	特兰克斯\n现在，沙鲁为了成为完全体\n正在四处肆虐。
1746	goh	15	00002717	21	12	特兰克斯\n请和我一起前往未来，\n打倒沙鲁！
1747	goh	15	00002717	24	12	悟饭\n什么！？\n去未来——！？
1748	goh	15	00002717	38	17	悟饭就这样启程前往未来。\n挡在他面前的，\n是人造人18号。
1749	goh	15	00002717	44	12	18号\n特兰克斯……好久不见，\n竟然带了个小鬼过来……\n终于承认自己连孩子都不如了吗？
1750	goh	15	00002717	47	12	特兰克斯\n人造人！？\n正好！
1751	goh	15	00002717	53	12	特兰克斯\n悟饭哥哥，上吧！
1752	goh	15	00002717	56	12	18号\n今天倒是挺勇敢嘛。\n难道学会了什么新的必杀技？
1753	goh	15	00002717	60	12	悟饭\n是18号啊～\n她现在可是好人……\n真不容易下手……
1754	goh	15	00002717	63	12	18号\n……这个小鬼，\n到底在说什么\n莫名其妙的话？
1755	goh	16	00002AFF	13	12	特兰克斯\n成功了，悟饭哥哥！\n接下来只剩17号和沙鲁。
1756	goh	16	00002AFF	16	12	沙鲁\n哇——哈哈哈哈！\n蠢货！
1757	goh	16	00002AFF	17	12	沙鲁\n谢谢你们\n替我打倒18号。
1758	goh	16	00002AFF	18	12	沙鲁\n换作从前的我，\n要吸收她还得费不少工夫！
1759	goh	16	00002AFF	21	12	悟饭\n沙、沙鲁！
1760	goh	16	00002AFF	24	12	沙鲁\n18号我就收下了。\n只剩17号……\n今天先告辞。
1761	goh	16	00002AFF	32	12	特兰克斯\n可恶……\n又没能阻止沙鲁！
1762	goh	16	00002AFF	35	12	悟饭\n一定会有办法的……\n我们一起想办法！
1763	goh	17	00002718	11	17	吸收18号的沙鲁\n轻易打倒17号，\n变成了完全体。
1764	goh	17	00002718	12	17	感受到那股庞大气息的\n悟饭与特兰克斯，\n赶往沙鲁所在之处。
1765	goh	17	00002718	18	12	特兰克斯\n沙鲁……\n又……又变成完全体了……！
1766	goh	17	00002718	21	12	沙鲁\n呵呵呵……真可惜。\n这就是完全体的力量吗……太美妙了。
1767	goh	17	00002718	35	14	悟饭\n哈啊啊啊啊！
1768	goh	17	00002718	52	12	悟饭\n特兰克斯……\n一起打倒沙鲁吧！\n我再也不想经历那种痛苦了……！
1769	goh	17	00002718	55	12	沙鲁\n想打倒我吗！\n胆敢反抗我，就算是孩子，\n也不会只是吃点苦头那么简单……
1770	goh	17	00002718	72	12	\n获得特殊能力\n“暴怒”！
1771	goh	17	00002718	74	12	\n使用悟饭（超2）时，\n当其他队员全部被击败后\n便会发动！
1772	goh	18	00002B00	12	12	特兰克斯\n成功了！\n打倒沙鲁了！
1773	goh	18	00002B00	15	12	悟饭\n还没有！\n他的核心会像那时一样再生！
1774	goh	18	00002B00	26	12	沙鲁\n呜哦哦哦哦哦哦……
1775	goh	18	00002B00	29	12	悟饭\n给他最后一击！\n特兰克斯！
1776	goh	18	00002B00	33	12	特兰克斯\n好的，悟饭哥哥！
1777	goh	18	00002B00	39	14	悟饭\n哈啊啊啊啊啊！
1778	goh	18	00002B00	55	14	特兰克斯\n呜哦哦哦哦哦哦！
1779	goh	18	00002B00	73	14	沙鲁\n咕啊啊啊啊——！！！
1780	goh	19	00002719	11	17	打倒沙鲁的悟饭与特兰克斯，\n按照布尔玛提供的线索，\n寻找格罗博士的研究所。
1781	goh	19	00002719	12	17	只要研究所的电脑还在，\n就可能再次制造出\n沙鲁或人造人。
1782	goh	19	00002719	18	12	悟饭\n这就是格罗博士的研究所……\n只要这里还存在，\n就会诞生新的沙鲁……
1783	goh	19	00002719	21	12	格罗博士\n呵呵呵……正是如此。\n这里也将成为你们的坟墓。
1784	goh	19	00002719	26	12	特兰克斯\n格罗博士！\n你还活着！？
1785	goh	19	00002719	32	12	格罗博士\n我是这座研究所的电脑。\n其中保存着\n格罗博士的记忆。
1786	goh	19	00002719	35	12	格罗博士\n我要利用你们赛亚人的数据，\n为自己制造新的肉体。
1787	goh	19	00002719	39	12	悟饭\n你说什么……！？\n绝不会让你得逞！
1788	goh	19	00002719	51	12	格罗博士\n没用的……你们赢不了。\n更赢不了我的格罗博士军团！
1789	goh	20	00002B01	12	12	特兰克斯\n悟饭哥哥！\n把剩下的格罗博士\n和电脑也一起摧毁！
1790	goh	20	00002B01	15	12	悟饭\n好！\n龟——派——气——功……波啊啊啊！
1791	goh	21	0000271A	11	17	比克为保护悟饭，\n被巴比迪的诡异光线\n击中了……
1792	goh	21	0000271A	20	12	比克\n呜嘎啊啊啊啊啊！
1793	goh	21	0000271A	23	12	悟饭\n比克叔叔！！！\n可恶，你对比克叔叔做了什么！
1794	goh	21	0000271A	28	12	巴比迪\n唔呵呵……\n被这道光线照到的人，\n内心的邪恶就会膨胀。
1795	goh	21	0000271A	29	12	巴比迪\n去吧……比克！\n把他们全都杀掉！
1796	goh	21	0000271A	41	12	比克\n……闭嘴。
1797	goh	21	0000271A	44	12	巴比迪\n！？
1798	goh	21	0000271A	47	12	比克\n谁会听从你这种家伙的命令。\n去死吧！
1799	goh	21	0000271A	56	12	巴比迪\n噫咿咿！？\n怎、怎么会……！\n我竟然会死！
1800	goh	21	0000271A	59	12	比克\n终于找回真正的自己了。\n布欧、达普拉！\n从今以后，我就是你们的主人！
1801	goh	21	0000271A	61	12	\n邪恶之心膨胀的比克，\n凭借更加强大的魔力，\n将布欧与达普拉收为部下。
1802	goh	21	0000271A	63	12	悟饭\n比克叔叔……！\n不过爸爸也在，一定会……
1803	goh	21	0000271A	66	12	悟空\n关于这个，我的时间到了。\n已经不能继续留在人间……
1804	goh	21	0000271A	67	12	悟空\n悟饭，还有孩子们……\n对不起……\n地球就交给你们保护了！
1805	goh	22	00002B02	13	12	悟饭\n比克叔叔！\n不能输给邪恶之心！\n请变回原来的比克叔叔……
1806	goh	22	00002B02	16	12	比克\n悟饭！别和我套近乎！\n今天暂且撤退，\n下次就是你们的末日！
1807	goh	22	00002B02	19	12	悟饭\n比克叔叔——！
1808	goh	23	0000271B	15	12	比克\n可恶的赛亚人！\n现在的我还赢不了他们。
1809	goh	23	0000271B	16	12	比克\n可是……\n布欧！化为我的力量吧！
1810	goh	23	0000271B	19	12	魔人布欧\n嘎啊啊啊～～～！！！
1811	goh	23	0000271B	29	12	\n比克吸收了\n布欧的力量。
1812	goh	23	0000271B	31	12	比克\n呵呵呵……多么惊人的力量！\n现在的我，就连孙悟空\n也不是对手！
1813	goh	23	0000271B	39	12	悟天\n快看，哥哥！\n比克叔叔上电视了！
1814	goh	23	0000271B	42	12	\n比克以大魔王的身份，\n宣布将统治世界。
1815	goh	23	0000271B	43	12	\n他还向全世界宣告，\n任何自认能打倒他的人\n都可以随时前来挑战。
1816	goh	23	0000271B	46	12	悟饭\n比克叔叔……！\n我必须过去！
1817	goh	23	0000271B	49	12	丹迪\n我也去！\n我也要和你一起救比克叔叔！
1818	goh	23	0000271B	59	12	比克\n你终于来了，悟饭。\n从这股气来看……是想和我战斗吗。
1819	goh	23	0000271B	60	12	比克\n这有多么鲁莽，\n去问问旁边那只虫子吧。
1820	goh	23	0000271B	63	12	贝吉塔\n呜……呜呜！\n快……快逃……悟饭！\n那家伙强得不正常……
1821	goh	23	0000271B	66	12	悟饭\n贝吉塔先生……\n比克叔叔，请找回\n真正的自己！
1822	goh	23	0000271B	69	12	比克\n呵呵呵呵……\n还是那么天真。\n教了你那么多，依旧没改吗！
1823	goh	23	0000271B	95	12	贝吉塔\n你们……沙鲁和弗利萨！\n比克这混蛋！连这种力量也……！
1824	goh	23	0000271B	98	12	比克\n我把他们从另一个世界召来了。\n怎么样……？\n是不是更加绝望了？
1825	goh	23	0000271B	102	12	悟饭\n那又怎样……！\n我一定会让比克叔叔恢复原状。\n贝吉塔先生、丹迪，请帮助我！
1826	goh	24	00002B03	13	12	比克\n不、不可能……\n我竟然会败！
1827	goh	25	00004E20	26	17	悟饭的力量消灭了魔人布欧。\n地球也借神龙之力恢复原状，\n世界重归和平。
1828	goh	25	00004E20	27	17	随后，岁月继续流逝。
1829	goh	25	00004E20	34	12	比迪丽\n悟饭，你听说了吗！？\n又要举办天下第一武道会了！\n我们一起参加吧！
1830	goh	25	00004E20	37	12	悟饭\n等、等一下！\n马上就要考试了，\n怎么能去参加武道会……
1831	goh	25	00004E20	40	12	比迪丽\n参加武道会说不定会受伤……\n你居然一点都不担心。\n悟饭，你好冷淡！
1832	goh	25	00004E20	43	12	悟饭\n不、不是，\n我没有那个意思……
1833	goh	25	00004E20	46	12	比迪丽\n那就说定了。\n悟饭……\n冠军和亚军都由我们包办！
1834	goh	25	00004E20	49	12	悟饭\n真是的……\n总是这么强势……
1835	goh	25	00004E20	56	12	\n第一回合！\n孙悟饭选手对贝吉塔选手！\n……比赛开始！
1836	goh	25	00004E20	58	12	贝吉塔\n你又偷懒没训练吧。\n就由我代替你父亲，\n在这里重新锻炼你！
1837	goh	25	00004E20	61	12	悟饭\n啊哈哈哈……\n就算认真打，我能赢吗……
1838	goh	25	00004E20	75	17	悟饭的战斗还将继续！
1839	goh	26	00004E21	13	12	特兰克斯\n非常感谢您。\n这样，我们的时代也得救了。
1840	goh	26	00004E21	14	12	特兰克斯\n悟饭哥哥……\n也请替我向那个时代的我\n问好。
1841	goh	26	00004E21	20	17	就这样，悟饭拯救未来，\n回到了原本的时代。
1842	goh	26	00004E21	26	12	悟饭\n去过未来，\n简直像做了一场梦……\n不过这个时代真和平啊。
1843	goh	26	00004E21	29	12	琪琪\n悟饭！
1844	goh	26	00004E21	32	12	悟饭\n妈、妈妈……！？
1845	goh	26	00004E21	35	12	琪琪\n说了多少次，补习结束后\n就要直接回家！\n你知道我有多担心吗！？
1846	goh	26	00004E21	38	12	悟饭\n是、是！\n（哇……\n妈妈比沙鲁还可怕！）
1847	goh	26	00004E21	58	12	\n新增角色\n“格罗博士”！\n可在角色选择中使用！
1848	goh	27	00004E22	14	12	比迪丽\n哈！嘿——！
1849	goh	27	00004E22	17	12	悟天\n龟龟气功波——！
1850	goh	27	00004E22	20	12	悟饭\n好厉害，比迪丽！\n自从来这里修行后，\n你的气强了很多！
1851	goh	27	00004E22	23	12	比克\n别惯着她，悟饭……\n你们两个都还差得远。\n你和父亲一样太温柔。
1852	goh	27	00004E22	26	12	悟饭\n知～道了……
1853	goh	27	00004E22	37	12	比迪丽\n看来比起悟饭，\n比克叔叔更像个\n好老师呢。
1854	goh	27	00004E22	40	12	悟天\n真的～\n要是一直跟哥哥学，\n我永远赢不了特兰克斯～
1855	goh	27	00004E22	43	12	悟饭\n你小子，说什么呢！
1856	goh	27	00004E22	47	12	比克\n……孙悟空，你就在另一个世界遗憾吧。\n悟饭会超越你，\n继续变得更强……！
1857	gok	0	00002710	11	17	为抢夺龙珠而来的贝吉塔\n与悟空一行交战，\n悟空的同伴接连负伤倒下。
1858	gok	0	00002710	12	17	悟空与比克，\n直面拥有可怕力量的贝吉塔。
1859	gok	0	00002710	18	12	悟空\n好强的气……\n有这种家伙在，\n地球会被毁得一团糟。
1860	gok	0	00002710	19	12	悟空\n两倍界王拳……\n不，只能提升到三倍了。
1861	gok	0	00002710	22	12	比克\n界王拳吗……\n竟然学会这种棘手的招式……\n不过，我也认真开发了新招。
1862	gok	0	00002710	23	12	比克\n这招积蓄气需要时间。\n你先和那家伙战斗，\n把他的注意力吸引过去。
1863	gok	0	00002710	26	12	贝吉塔\n你们在商量什么。\n凭你们这些下级战士，\n不可能战胜身为超级精英的我。
1864	gok	0	00002710	30	12	悟空\n明明是这种时候，\n我却开始兴奋起来了……！
1865	gok	0	00002710	47	12	\n获得特殊能力\n“界王拳”！
1866	gok	0	00002710	48	12	\n使用悟空（常态）时，\n气力达到100以上时，\n按L键！
1867	gok	0	00002710	58	12	\n获得团队必杀技\n“双重攻击”！
1868	gok	0	00002710	59	12	\n让悟空（常态）与比克组队，\n在气力达到200的状态下，\n触碰团队必杀技按钮！
1869	gok	1	00002AF8	13	12	贝吉塔\n怎么可能发生这种事！\n至少也要杀掉卡卡罗特的小鬼！\n接招！
1870	gok	1	00002AF8	16	12	比克\n不好！
1871	gok	1	00002AF8	32	14	比克\n咕啊啊啊啊！
1872	gok	1	00002AF8	54	12	比克\n真不像话……\n我也被你们的天真传染了……
1873	gok	1	00002AF8	57	12	悟饭\n比克叔叔——！
1874	gok	1	00002AF8	71	17	为了救回丧命的比克等人，\n战士们为寻找龙珠，\n前往那美克星。
1875	gok	2	00002711	11	17	悟空乘坐宇宙飞船，\n来到了那美克星。
1876	gok	2	00002711	12	17	先行抵达的悟饭与克林\n集齐了所有龙珠，\n让比克复活。
1877	gok	2	00002711	13	17	然而，比克败给弗利萨，\n赶来支援的悟空\n也渐渐落入下风。
1878	gok	2	00002711	19	12	悟空\n……危险！\n克林，快躲开——！！
1879	gok	2	00002711	26	12	克林\n呜哇啊啊啊！！！
1880	gok	2	00002711	36	12	悟空\n克林——！！！
1881	gok	2	00002711	39	12	弗利萨\n竟敢妨碍我获得长生不老。\n我要把你炸得粉碎……\n就像这个地球人一样！
1882	gok	2	00002711	42	12	悟空\n这个地球人？\n你是说克林吗——！\n不可饶恕……竟敢……！
1883	gok	2	00002711	52	12	悟空\n悟饭……立刻离开这里……！\n趁我还保有理智，\n坐宇宙飞船逃回地球！
1884	gok	2	00002711	53	12	悟空\n适可而止吧，你这个垃圾！\n我真的生气了——！！！\n弗利萨——！！！
1885	gok	3	00002AF9	13	12	弗利萨\n为什么你会有这种力量……\n你、你到底是什么人……！
1886	gok	3	00002AF9	16	12	悟空\n拥有平静的心，\n却因强烈的愤怒而觉醒的\n传说中的战士……
1887	gok	3	00002AF9	17	12	悟空\n超级赛亚人！\n孙悟空！！
1888	gok	3	00002AF9	32	17	悟空打倒了弗利萨，\n但那美克星也因两人的战斗\n即将毁灭。
1889	gok	3	00002AF9	33	17	悟空的命运会如何……！？
1890	gok	3	00002AF9	40	12	\n新增角色\n“弗利萨”！\n可在角色选择中使用！
1891	gok	4	00002712	13	17	悟空在那美克星打倒弗利萨，\n返回了地球。
1892	gok	4	00002712	14	17	这时，一个自称\n贝吉塔之子的神秘少年\n出现在悟空面前。
1893	gok	4	00002712	20	12	特兰克斯\n我叫特兰克斯。\n从二十年后的未来而来，\n是为了告知您一场危机。
1894	gok	4	00002712	21	12	特兰克斯\n不久之后，可怕的人造人\n会在地球上肆虐，\n未来将变成地狱般的世界。
1895	gok	4	00002712	24	12	悟空\n人造人……？\n未来的我怎么样了？\n输给那些家伙了吗？
1896	gok	4	00002712	29	12	特兰克斯\n您很快会因为心脏病\n去世。
1897	gok	4	00002712	32	12	特兰克斯\n但只要有这种药……！
1898	gok	4	00002712	43	12	格罗博士\n找到你了……孙悟空。\n你的所有战斗，我都研究过。
1899	gok	4	00002712	46	12	特兰克斯\n！？
1900	gok	4	00002712	49	12	悟空\n好，要上了！变成超级赛亚人！
1901	gok	4	00002712	60	12	悟空\n呜……怎、怎么回事……\n胸口突然……！
1902	gok	4	00002712	63	12	特兰克斯\n难道是心脏病！？
1903	gok	4	00002712	70	12	格罗博士\n看来你因疾病之类的原因变弱了……\n受死吧！
1904	gok	4	00002712	74	12	悟空\n啧……变不了超级赛亚人，\n就只能用界王拳战斗了……
1905	gok	4	00002712	75	12	悟空\n界王拳！！
1906	gok	4	00002712	76	12	悟空\n二十倍——！
1907	gok	4	00002712	89	12	\n获得究极技\n“二十倍界王拳”！
1908	gok	4	00002712	90	12	\n悟空（常态）体力变红时，\n将气力提升至150以上，\n面向侧方同时按下X键＋A键！
1909	gok	5	00002AFA	13	12	格罗博士\n咕啊啊啊！！！
1910	gok	5	00002AFA	20	12	特兰克斯\n我不认识这种人造人……\n这和我所知道的未来\n不一样……
1911	gok	6	00002713	11	17	多亏特兰克斯带来的药，\n悟空战胜了心脏病。
1912	gok	6	00002713	12	17	然而，格罗博士制造的\n生命体沙鲁，\n出现在悟空等人面前。
1913	gok	6	00002713	13	17	沙鲁与悟空，\n将在沙鲁游戏的擂台上交战……
1914	gok	6	00002713	21	12	沙鲁\n你来了，孙悟空。\n这里就是决定世界命运的\n沙鲁游戏擂台。
1915	gok	6	00002713	24	12	悟空\n要决定命运，这擂台也太寒酸了。\n不过，应该会是一场好战斗。\n悟饭！你也和我一起上！
1916	gok	6	00002713	27	12	悟饭\n我……我要和沙鲁战斗……？
1917	gok	6	00002713	31	12	沙鲁\n好吧。\n送你们父子一起下地狱……
1918	gok	7	00002AFB	10	17	败给悟空与悟饭的沙鲁，\n企图自爆，\n让地球一同毁灭。
1919	gok	7	00002AFB	16	12	悟空\n我只想得到\n这个拯救地球的办法……
1920	gok	7	00002AFB	17	12	悟空\n再见了，大家……\n我要用瞬间移动把沙鲁带走。
1921	gok	7	00002AFB	18	12	悟空\n悟饭……\n替我向妈妈说声对不起。\n大家要是也死了，到时再见吧。
1922	gok	7	00002AFB	21	12	沙鲁\n住……住手，孙悟空！\n可恶～～～！！！
1923	gok	7	00002AFB	42	14	悟饭\n爸爸——！！！
1924	gok	7	00002AFB	63	17	为了守护地球，悟空死去了……\n然而，这却是\n悟空新故事的开端。
1925	gok	7	00002AFB	70	12	\n获得特殊能力\n“瞬间移动”！
1926	gok	7	00002AFB	71	12	\n使用超级赛亚人悟空时，\n气力达到150以上时，\n按L键！
1927	gok	8	00002714	11	17	悟空死后，七年过去了。
1928	gok	8	00002714	12	17	沙鲁被打倒后，地球重归和平，\n久违的天下第一武道会\n即将召开。
1929	gok	8	00002714	17	12	\n悟空将复活一天，\n期待与长大后的悟饭、贝吉塔等人\n切磋较量。
1930	gok	8	00002714	19	12	\n然而，魔导师巴比迪\n突然出现……
1931	gok	8	00002714	20	12	\n企图复活魔人布欧的巴比迪，\n夺走了悟饭强大的气力。
1932	gok	8	00002714	21	12	\n为了阻止魔人布欧复活，\n悟空等人追赶巴比迪，但……
1933	gok	8	00002714	22	12	\n需要更多强大气力的巴比迪，\n控制了心中仍残留些许邪恶的贝吉塔，\n企图让他与悟空战斗。
1934	gok	8	00002714	49	12	巴比迪\n来吧！拥有邪恶之心的\n强～大战士！
1935	gok	8	00002714	71	12	贝吉塔\n…………
1936	gok	8	00002714	74	12	悟空\n贝吉塔！你怎么会……！
1937	gok	8	00002714	77	12	贝吉塔\n和我决一胜负，卡卡罗特……\n除非你想让尸体\n堆得更高。
1938	gok	8	00002714	81	12	悟空\n贝吉塔……\n我会用最强的力量与你交手。
1939	gok	8	00002714	84	12	贝吉塔\n我很期待……\n让我看看你在另一个世界\n修行的成果！
1940	gok	8	00002714	85	12	贝吉塔\n来吧！\n我要杀了你，卡卡罗特！！
1941	gok	8	00002714	96	12	悟饭\n我来牵制魔人布欧！
1942	gok	8	00002714	102	12	悟空\n贝吉塔……！
1943	gok	8	00002714	106	12	悟饭\n我来牵制魔人布欧！
1944	gok	9	00002AFC	13	12	悟空\n贝吉塔！你恢复神智了吗！？\n像你这么强的人，\n为什么会受他控制！
1945	gok	9	00002AFC	16	12	贝吉塔\n我只是……想和你战斗。\n和拿出真本事的你战斗。\n仅此而已……
1946	gok	9	00002AFC	27	12	悟饭\n糟了……\n爸爸和贝吉塔的能量\n让魔人布欧……！
1947	gok	9	00002AFC	43	14	魔人布欧\n呜……呜……
1948	gok	9	00002AFC	46	14	魔人布欧\n我生气了！！！
1949	gok	9	00002AFC	53	12	魔人布欧\n嘎啊啊啊啊——！\n唯独你们不可原谅……\n绝对不可原谅！！
1950	gok	10	00002715	15	12	魔人布欧\n我要让你们和地球一起消失！\n一切都消失吧——！
1951	gok	10	00002715	19	12	悟空\n不好！贝吉塔，抓住我！\n要瞬间移动了！
1952	gok	10	00002715	27	12	贝吉塔\n这里是……！？\n卡卡罗特，给我解释清楚！\n地球怎么样了！？
1953	gok	10	00002715	30	12	悟空\n地球……已经粉碎了。\n在那之前，我只来得及\n带大家瞬间移动到界王神界。
1954	gok	10	00002715	33	12	撒旦先生\n这……这里是哪儿？\n哈哈，原来是在做梦吧？
1955	gok	10	00002715	36	12	悟空\n哎呀……连这个怪人\n也一起带过来了……
1956	gok	10	00002715	40	12	界王神\n不好了！\n布欧也要来这里！
1957	gok	10	00002715	55	12	魔人布欧\n……嚯——！\n呜吼呜吼哦！
1958	gok	10	00002715	58	12	贝吉塔\n已经来了吗……\n喂，卡卡罗特。开始吧！\n赌上宇宙命运的最后一战！
1959	gok	10	00002715	61	12	悟空\n好！
1960	gok	10	00002715	65	12	撒旦先生\n好——！\n就由超级英雄撒旦大人\n打倒魔人布欧！
1961	gok	11	00002AFD	13	12	魔人布欧\n咕啊啊啊……！
1962	gok	12	00002716	11	17	悟空等人打倒人造人，\n拯救了地球。
1963	gok	12	00002716	12	17	然而，新的敌人\n正向地球与悟空逼近。
1964	gok	12	00002716	18	12	古拉\n愚蠢的弟弟弗利萨。\n竟然败给区区一只猴子……
1965	gok	12	00002716	19	12	古拉\n机甲战队！追上他们！\n杀死那个令我们一族\n蒙羞的赛亚人！
1966	gok	12	00002716	28	12	多雷\n你就是卡卡罗特吧。
1967	gok	12	00002716	31	12	内兹\n我们是古拉机甲战队。
1968	gok	12	00002716	34	12	沙维扎\n赛亚人和他的同伴全都得死！
1969	gok	12	00002716	37	12	克林\n呜哇啊啊啊！
1970	gok	12	00002716	59	12	悟空\n竟敢伤害克林！\n……你、你是弗利萨吗！？
1971	gok	12	00002716	62	12	古拉\n我名为古拉！\n你就是打倒我弟弟弗利萨的赛亚人吗。\n愤怒吧，让我见识超级赛亚人的力量！
1972	gok	12	00002716	65	12	悟空\n弗利萨的哥哥！？\n你会后悔的！
1973	gok	12	00002716	67	14	悟空\n哈啊啊啊啊！
1974	gok	13	00002AFE	9	12	古拉\n什么……！？\n咕哦哦哦！\n不只弗利萨……！
1975	gok	13	00002AFE	13	14	古拉\n太天真的人是……\n呜呀啊啊啊！！！
1976	gok	14	00002717	11	17	悟空等人\n受到那美克星人的邀请，\n来到新那美克星游玩。
1977	gok	14	00002717	17	12	悟空\n哦，看见了！\n那就是新那美克星吗！
1978	gok	14	00002717	18	12	悟空\n……嗯？\n星球上粘着个奇怪的东西！
1979	gok	14	00002717	21	12	比克\n那……那是什么！？\n机械构成的星球\n正在吸收新那美克星！
1980	gok	14	00002717	24	12	贝吉塔\n那颗机械星球……\n打算捕获这艘宇宙飞船！\n逃不掉了！
1981	gok	14	00002717	61	17	捕获悟空等人宇宙飞船的，\n正是机械星球——比克高星。
1982	gok	14	00002717	67	12	金属古拉\n又见面了，超级赛亚人……
1983	gok	14	00002717	70	12	悟空\n你是古拉！\n还活着吗！
1984	gok	14	00002717	73	12	金属古拉\n败给你以后，\n我漂流在宇宙中……\n靠比克高星的力量复活。
1985	gok	14	00002717	74	12	金属古拉\n这股超乎寻常的能量，\n就由比克高星收下！
1986	gok	15	00002AFF	13	12	悟空\n哈啊啊啊啊啊！\n这是我的全部能量！\n接招！
1987	gok	15	00002AFF	21	12	金属古拉\n住……住手！\n要过热了！\n无法控制！？
1988	gok	15	00002AFF	22	12	金属古拉\n超级赛亚人的生命能量，\n竟然如此惊人……！
1989	gok	15	00002AFF	38	12	\n新增角色\n“超级赛亚人悟空”！\n可在角色选择中使用！
1990	gok	16	00002718	13	17	人造人的恐怖已经消散。\n然而悟空等人并不知道，\n新的敌人已近在眼前。
1991	gok	16	00002718	19	12	帕拉伽斯\n我是帕拉伽斯。\n贝吉塔殿下，我来迎接您了。
1992	gok	16	00002718	22	12	贝吉塔\n你是什么人。\n……是贝吉塔行星的幸存者吗？
1993	gok	16	00002718	25	12	帕拉伽斯\n我们希望您成为\n新贝吉塔行星的国王。
1994	gok	16	00002718	26	12	帕拉伽斯\n然而，那颗星球上\n传说中的超级赛亚人正在肆虐，\n没有强大的力量便无法成为国王。
1995	gok	16	00002718	29	12	贝吉塔\n……有意思。\n带我去那颗星球！\n你们也一起过来！
1996	gok	16	00002718	34	12	特兰克斯\n爸爸，这一定是陷阱！
1997	gok	16	00002718	39	12	悟空\n传说中的超级赛亚人，\n听起来不是很有趣吗！
1998	gok	16	00002718	66	12	贝吉塔\n这里就是新贝吉塔行星吗。\n那么，那个传说中的超级赛亚人\n在哪里！
1999	gok	16	00002718	69	12	帕拉伽斯\n呵呵呵……布罗利！
2000	gok	16	00002718	72	12	布罗利\n呜哦哦哦哦！！\n杀……了你……！
2001	gok	16	00002718	76	12	贝吉塔\n帕拉伽斯的儿子……！\n你就是传说中的超级赛亚人吗！
2002	gok	16	00002718	79	12	布罗利\n卡卡罗特——！\n这里就是你的葬身之地！
2003	gok	16	00002718	82	12	悟空\n这家伙怎么回事！？\n认识我吗！？
2004	gok	17	00002B00	13	12	布罗利\n不……不可能——！
2005	gok	17	00002B00	17	14	布罗利\n卡……卡卡罗特——！
2006	gok	17	00002B00	37	12	\n新增角色\n“布罗利”！\n可在角色选择中使用！
2007	gok	18	00002719	12	17	死去的悟空，\n灵魂与界王一同身在另一个世界。
2008	gok	18	00002719	13	17	在界王的邀请下，悟空决定参加\n选出阴间最强武道家的\n“阴间第一武道会”。
2009	gok	18	00002719	19	12	巴达克\n…………
2010	gok	18	00002719	22	12	悟空\n那家伙就是决赛对手吗……\n看起来像赛亚人，而且是个高手。\n应该会很有意思。
2011	gok	18	00002719	27	12	界王\n你们两个，大事不好！\n武道会取消了！\n马上到阴间入口来！
2012	gok	18	00002719	28	12	界王\n沙鲁与弗利萨在地狱大闹，\n听说谁也阻止不了……！\n你们两个立刻过去！
2013	gok	18	00002719	39	12	巴达克\n你说弗利萨！？
2014	gok	18	00002719	47	12	\n这里是死者必经的\n阴间入口。
2015	gok	18	00002719	49	12	沙鲁\n想消灭我的灵魂……真愚蠢。\n有意见的就尽管过来！
2016	gok	18	00002719	52	12	弗利萨\n呵呵呵呵……\n竟想阻止我，\n你们也太不知恐惧为何物了。
2017	gok	18	00002719	55	12	悟空\n休想得逞！\n你们也该适可而止了！
2018	gok	18	00002719	58	12	弗利萨\n是、是你们……\n当时那两个赛亚人……！
2019	gok	18	00002719	61	12	巴达克\n…………
2020	gok	18	00002719	64	12	悟空\n巴达克……你也\n认识弗利萨吗？
2021	gok	18	00002719	67	12	巴达克\n闲话之后再说……\n先把弗利萨他们迅速打倒！
2022	gok	19	00002B01	11	12	弗利萨\n可恶……！\n你们两个竟然\n两次妨碍我！
2023	gok	19	00002B01	14	12	悟空\n怎么回事……\n你究竟是什么人！？
2024	gok	19	00002B01	17	12	巴达克\n…………
2025	gok	19	00002B01	37	12	\n新增角色\n“巴达克”！\n可在角色选择中使用！
2026	gok	20	0000271A	8	17	界王告诉悟空，\n巴达克正是他父亲这一\n惊人的事实。
2027	gok	20	0000271A	9	17	为了打倒弗利萨，\n巴达克参加阴间第一武道会，\n企图召集伙伴。
2028	gok	20	0000271A	15	12	巴达克\n怎么样，卡卡罗特。\n只要我们联手，\n轻易就能统治地狱。
2029	gok	20	0000271A	18	12	悟空\n不好意思，\n我对这种事没兴趣。\n别做太多坏事啊，老爸。
2030	gok	20	0000271A	31	12	界王\n已经和父亲聊够了吗？
2031	gok	20	0000271A	34	12	悟空\n嗯，比起那个，我更想继续修行。\n我一个人没能战胜沙鲁他们……\n必须变得更强。
2032	gok	20	0000271A	37	12	界王\n……是吗。\n想不想试试\n我最严酷的修行？
2033	gok	20	0000271A	40	12	悟空\n要要要！是什么样的？\n果然很难吗？
2034	gok	20	0000271A	43	12	界王\n没什么，很简单。\n只要和我安排的对手\n全力战斗即可。
2035	gok	20	0000271A	46	12	悟空\n那太好了……\n给我安排一个特别强的！
2036	gok	21	00002B02	12	12	界王\n怎么样，与自己战斗的感觉？
2037	gok	21	00002B02	15	12	悟空\n这家伙是个好对手。\n刚才的战斗让我抓到了\n突破超级赛亚人界限的契机……
2038	gok	21	00002B02	16	12	悟空\n还想继续打。\n不如一次给我\n安排三个吧！
2039	gok	21	00002B02	19	12	界王\n赛亚人的力量……\n真是深不见底。
2040	gok	21	00002B02	39	12	\n获得究极技\n“超级赛亚人3”！
2041	gok	21	00002B02	40	12	\n超级赛亚人悟空体力变红时，\n将气力提升至150以上，\n面向侧方同时按下X键＋A键！
2042	gok	22	0000271B	10	12	魔人布欧\n我要杀了你们……！
2043	gok	22	0000271B	13	12	悟空\n布欧这家伙……还活着！\n贝吉塔……既然恢复神智，\n就和我一起战斗！
2044	gok	22	0000271B	16	12	贝吉塔\n啧……那就打吧！\n结束以后再来进行我们的决斗！
2045	gok	22	0000271B	19	12	悟空\n贝吉塔！\n戴上这只坡塔拉耳环！\n合体后能成为非常强的战士。
2046	gok	22	0000271B	22	12	贝吉塔\n你说什么……和你合体？\n开什么玩笑！
2047	gok	22	0000271B	25	12	悟空\n不合体的话，大家都会死！
2048	gok	22	0000271B	29	12	贝吉塔\n……可恶！快拿来！
2049	gok	22	0000271B	32	12	悟空\n谢谢你，贝吉塔！
2050	gok	22	0000271B	49	12	\n获得团队必杀技\n“超级贝吉特剑”！
2051	gok	22	0000271B	50	12	\n让超级赛亚人悟空与超级赛亚人贝吉塔组队，\n在气力达到200的状态下，\n触碰团队必杀技按钮！
2052	gok	23	00002B03	11	12	魔人布欧\n呜呀呀呀呀哦——！
2053	gok	24	0000271C	9	17	魔人布欧被打倒，\n重归和平的地球上，\n天下第一武道会再次召开。
2054	gok	24	0000271C	15	12	悟空\n好，魔人布欧也打倒了，\n继续武道会吧！\n……下一个对手是谁？
2055	gok	24	0000271C	20	12	比克\n孙悟空……是我。\n虽然很久没和你战斗，\n可别把我当成从前的我……
2056	gok	24	0000271C	26	12	悟空\n看来是这样……从气就能感觉到。\n就算变成超级赛亚人，\n也不知道能不能赢。
2057	gok	24	0000271C	30	12	比克\n我要全力上了！
2058	gok	25	00002B04	11	12	悟空\n哈啊、哈啊……真有你的，比克。\n你的强大货真价实。不愧是你！
2059	gok	25	00002B04	14	12	比克\n哼……你也一样。\n不过，下一个对手可没这么轻松。\n毕竟，他是我的弟子……
2060	gok	26	0000271D	9	17	随后，悟空在淘汰赛中一路胜出，\n终于迎来决赛。
2061	gok	26	0000271D	15	12	悟空\n原来如此……决赛对手是你啊。\n这下我可能也赢不了了。
2062	gok	26	0000271D	18	12	悟饭\n决赛对手果然是爸爸。\n我要拿出真本事。\n……哈！
2063	gok	26	0000271D	29	12	悟空\n好强的气……\n比克说得果然没错。
2064	gok	26	0000271D	30	12	悟空\n好——，要上了！
2065	gok	27	00002B05	11	12	悟饭\n哈哈哈……\n果然还是赢不了爸爸。
2066	gok	27	00002B05	14	12	悟空\n才不是。\n你早就已经超越我了……
2067	gok	27	00002B05	15	12	悟空\n变强了啊，悟饭！
2068	gok	27	00002B05	18	12	悟饭\n爸爸……
2069	gok	28	00004E20	11	12	贝吉塔\n卡卡罗特！\n给那家伙最后一击！\n……用元气弹！
2070	gok	28	00004E20	14	12	悟空\n不、不行，贝吉塔！\n元气弹对那家伙不起作用……
2071	gok	28	00004E20	17	12	贝吉塔\n让地球人全部复活，\n再请他们把力量分给你！
2072	gok	28	00004E20	20	12	悟空\n原来如此……贝吉塔！\n我对你刮目相看了！
2073	gok	28	00004E20	23	12	贝吉塔\n听见了吧，界王神！丹迪！\n……好了，开始吧，卡卡罗特！
2074	gok	28	00004E20	26	12	悟空\n地球上的大家！\n拜托把你们的元气分给我！\n我需要大家的帮助！
2075	gok	28	00004E20	29	12	撒旦先生\n我也拜托你们了！\n还不快来帮忙——！
2076	gok	28	00004E20	55	12	悟空\n……来了！\n真有你的，撒旦！\n你说不定真是世界的救世主！
2077	gok	28	00004E20	56	12	悟空\n布欧……下次转世以后，\n我们一对一较量吧。
2078	gok	28	00004E20	59	12	悟空\n再见了！
2079	gok	28	00004E20	67	14	魔人布欧\n咕啊……啊啊……
2080	gok	28	00004E20	81	12	悟空\n呼……结、结束了。\n回去吧。\n我想痛快大吃一顿，再好好睡一觉！
2081	gok	28	00004E20	93	12	\n获得团队必杀技\n“超级元气弹”！
2082	gok	28	00004E20	94	12	\n让悟空（常态）与撒旦先生组队，\n在气力达到200的状态下，\n触碰团队必杀技按钮！
2083	gok	29	00004E21	15	12	界王\n悟空！大事不好！\n马上回到另一个世界！
2084	gok	29	00004E21	18	12	悟空\n什么——！？明明还有时间！\n我还想用奖金\n去吃点好东西呢！
2085	gok	29	00004E21	21	12	界王\n悟空……另一个世界\n出现了比以往更强、\n更邪恶的家伙！
2086	gok	29	00004E21	24	12	悟空\n有那么厉害吗！？\n太好了，我去我去！\n开始兴奋起来了！
2087	gok	29	00004E21	40	12	悟空\n对不起，悟饭！\n我要回另一个世界了！\n替我向妈妈她们问好！
2088	gok	29	00004E21	43	12	悟饭\n咦……爸、爸爸！？
2089	gok	29	00004E21	46	12	悟空\n悟饭，之后就交给你了！
2090	gok	29	00004E21	50	14	悟空\n我会在另一个世界过得很开心！
2091	gtk	0	00002710	11	17	为了打倒魔人布欧，\n悟天与特兰克斯在悟空的提议下，\n开始进行融合特训。
2092	gtk	0	00002710	12	17	悟空已经返回另一个世界，\n比克接手特训，\n继续指导悟天与特兰克斯。
2093	gtk	0	00002710	18	12	雅木茶\n喂，那两个小鬼\n终于要试试\n融合了。
2094	gtk	0	00002710	21	12	比克\n好……！\n你们两人的气已经完全一致！\n开始融合！
2095	gtk	0	00002710	24	12	悟天\n融——……！
2096	gtk	0	00002710	26	12	特兰克斯\n合！
2097	gtk	0	00002710	28	14	悟天＆特兰克斯\n嘿！
2098	gtk	0	00002710	55	12	比克\n呜……！！！！
2099	gtk	0	00002710	58	12	克林\n这、这是……好惊人的气浪……！
2100	gtk	0	00002710	61	12	比克\n很……很好！\n接下来终于要以超级赛亚人的状态\n成功融合了。
2101	gtk	0	00002710	64	12	悟天克斯\n嘿嘿嘿……\n是不是太小看我了？\n区区魔人布欧，这样就足够了！
2102	gtk	0	00002710	67	12	比克\n就算你再怎么厉害，\n只有这种程度，\n也绝对不可能获胜！！
2103	gtk	0	00002710	70	12	悟天克斯\n别小看我！\n好～吧，那就让你见识一下\n本大爷真正的实力……
2104	gtk	1	00002AF8	12	12	比克\n唔……\n竟然强到这种程度……！？
2105	gtk	1	00002AF8	15	12	悟天克斯\n呵呵呵……\n刚才那一下，你应该已经明白了吧？\n本大爷超厉害的实力……！
2106	gtk	1	00002AF8	16	12	悟天克斯\n我现在就把魔人布欧的尸体\n带回来！
2107	gtk	1	00002AF8	23	12	比克\n喂！\n站住！！\n特天克斯！！
2108	gtk	1	00002AF8	26	12	克林\n是悟天克斯吧……
2109	gtk	2	00002711	11	17	成功融合的悟天克斯\n得意忘形，飞往\n魔人布欧所在之处。
2110	gtk	2	00002711	17	12	悟天克斯\n喂喂喂，魔人布欧！！！\n是本大爷！！\n快露脸！！
2111	gtk	2	00002711	20	12	魔人布欧\n……嗯？\n你是谁？\n很强吗？
2112	gtk	2	00002711	23	12	悟天克斯\n竟敢问本大爷强不强？\n嘿嘿嘿……\n可别小看我！
2113	gtk	2	00002711	24	12	悟天克斯\n转眼之间，\n就把你揍个稀巴烂！
2114	gtk	3	00002AF9	22	12	悟天\n啊……
2115	gtk	3	00002AF9	25	12	特兰克斯\n奇、奇怪？\n变回原样了！？
2116	gtk	3	00002AF9	28	12	悟天\n啊……啊哈哈哈。\n怎、怎么办，特兰克斯……
2117	gtk	3	00002AF9	31	12	特兰克斯\n快……快逃，悟天！！
2118	gtk	3	00002AF9	35	12	魔人布欧\n……？\n算了。
2119	gtk	4	00002EE1	12	12	悟天克斯\n嘿嘿嘿嘿嘿！！\n最后一击！！
2120	gtk	4	00002EE1	13	12	悟天克斯\n我要把你打得粉身碎骨、\n七零八落、落花流水！
2121	gtk	5	00002712	12	17	没能打倒魔人布欧的\n悟天与特兰克斯，\n逃回了天神殿。
2122	gtk	5	00002712	18	12	比克\n擅自行动，\n你们这两个大笨蛋……
2123	gtk	5	00002712	21	12	特兰克斯\n嘿嘿嘿……
2124	gtk	5	00002712	24	12	悟天\n对不起。
2125	gtk	5	00002712	27	12	比克\n这下明白了吧！\n先让自己变强一些，\n融合后的效果才会更好！
2126	gtk	5	00002712	28	12	比克\n明白了吗，臭小鬼！！\n马上开始修行！！
2127	gtk	5	00002712	34	17	然而，在两人专心修行时，\n魔人布欧已经变成了\n纯粹的邪恶形态。
2128	gtk	5	00002712	35	17	魔人布欧循着悟天克斯的气，\n来到了天神殿。
2129	gtk	5	00002712	36	17	比克将魔人布欧带往\n精神与时间之屋，\n去找正在修行的悟天和特兰克斯。
2130	gtk	5	00002712	39	12	比克\n悟天、特兰克斯……听好了！\n你们要比计划更早\n与魔人布欧战斗。
2131	gtk	5	00002712	40	12	比克\n我会尽量拖延到最后一刻。\n在那之前结束修行……\n明白了吗！
2132	gtk	5	00002712	48	12	特兰克斯\n嘿嘿嘿。\n只要现在的修行顺利，\n绝对没问题。
2133	gtk	5	00002712	51	12	悟天\n对啊！\n马上继续吧！
2134	gtk	6	00002AFA	13	12	特兰克斯\n好！\n练到这个程度就足够了。
2135	gtk	6	00002AFA	16	12	悟天\n比克叔叔要是知道\n我们已经把修行练得这么完美，\n一定会吓一跳。
2136	gtk	6	00002AFA	19	12	特兰克斯\n接下来好好休息吧。
2137	gtk	6	00002AFA	22	12	悟天\n我……好困哦～
2138	gtk	6	00002AFA	39	12	\n获得特殊能力\n“超级赛亚人”！
2139	gtk	6	00002AFA	40	12	\n使用悟天克斯（常态）时，\n气力达到100以上时，\n按L键！
2140	gtk	7	00002713	11	17	比克带着布欧边走边拖延时间，\n一次又一次设法绕路。\n但也快到极限了。
2141	gtk	7	00002713	17	12	魔人布欧\n适可而止……\n磨磨蹭蹭走个没完……\n杀了你。
2142	gtk	7	00002713	20	12	比克\n知……知道了……
2143	gtk	7	00002713	28	12	比克\n呼……\n到了……
2144	gtk	7	00002713	31	12	魔人布欧\n……？\n奇怪的地方……
2145	gtk	7	00002713	39	12	特兰克斯\n等你好久了！
2146	gtk	7	00002713	42	12	悟天\n魔人布欧！！
2147	gtk	7	00002713	45	12	魔人布欧\n……又是你们？
2148	gtk	7	00002713	48	12	特兰克斯\n观众只有比克叔叔吗。\n没办法……按计划开始吧。
2149	gtk	7	00002713	51	12	悟天\n嗯！
2150	gtk	7	00002713	54	12	特兰克斯\n这下就结束了！！！
2151	gtk	7	00002713	57	12	悟天\n魔人布欧！！
2152	gtk	7	00002713	60	12	悟天\n融————……
2153	gtk	7	00002713	62	12	特兰克斯\n合！！
2154	gtk	7	00002713	64	14	悟天＆特兰克斯\n嘿！
2155	gtk	7	00002713	91	12	悟天克斯\n锵锵锵锵——\n悟天克斯登场——！！
2156	gtk	8	00002AFB	17	12	魔人布欧\n已经够了。\n你很弱。\n一点也不好玩，杀了你。
2157	gtk	8	00002AFB	20	12	悟天克斯\n你说什么～～～！\n口气倒是不小！！！
2158	gtk	8	00002AFB	21	12	悟天克斯\n本来想多给你看几招，\n不过太麻烦了，\n就用秘藏绝招结束吧！
2159	gtk	8	00002AFB	22	12	悟天克斯\n超级幽灵神风攻击——！\n十只幽灵一起出动——结束！
2160	gtk	8	00002AFB	90	12	魔人布欧\n笨——蛋。\n才不会中招呢——\n嘻嘻嘻嘻嘻。
2161	gtk	8	00002AFB	93	12	比克\n可恶……！\n没有别的大招了吗……
2162	gtk	9	00002EE3	13	12	悟天克斯\n切……我本来想在\n更帅气的场面下\n变身的～
2163	gtk	9	00002EE3	16	12	比克\n什……什么意思……！？\n你要做什么……！？
2164	gtk	9	00002EE3	40	12	悟天克斯\n锵锵——！！
2165	gtk	9	00002EE3	43	12	悟天克斯\n这下结束了！！\n把你彻彻底底消灭！！\n去死吧！！！！
2166	gtk	9	00002EE3	49	14	悟天克斯\n哈啊啊啊啊啊！
2167	gtk	9	00002EE3	69	12	\n获得究极技\n“究极超级赛亚人”！
2168	gtk	9	00002EE3	70	12	\n悟天克斯（常态）体力变红时，\n将气力提升至150以上，\n面向侧方同时按下X键＋A键！
2169	gtk	10	00002714	12	17	与魔人布欧的战斗中，\n悟天克斯看似处于劣势。\n但那只是他的演技。
2170	gtk	10	00002714	13	17	不知情的比克，\n破坏了连接人间与精神时光屋的\n唯一出口。
2171	gtk	10	00002714	19	12	比克\n你到此为止了，魔人布欧……\n我已经毁掉连接这个世界\n与原来世界的唯一出入口。
2172	gtk	10	00002714	20	12	比克\n无论你有多强，\n都不可能再从这里逃出去。
2173	gtk	10	00002714	23	12	悟天克斯\n为什么不说一声就做这种事……\n我明明还藏着一招\n超级厉害的绝招～～～～！！！
2174	gtk	10	00002714	26	12	比克\n你……你说什么！？\n你刚才不是说\n已经到极限了吗……！
2175	gtk	10	00002714	29	12	悟天克斯\n那只是小玩笑！！\n就是可爱的小谎话嘛！！\n真是的……真是的……！！
2176	gtk	10	00002714	32	12	比克\n你们是笨蛋吗——！！！\n这……这种时候，\n还说什么可爱的小谎话——！！！
2177	gtk	10	00002714	47	14	魔人布欧\n呜啊啊啊啊啊啊啊——！\n我不要这样——！！
2178	gtk	10	00002714	53	12	比克\n怎……怎么可能……！！\n竟用如此惊人的气，\n在次元上打……打出了洞！！
2179	gtk	10	00002714	56	12	悟天克斯\n切……没办法。\n用那一招吧！
2180	gtk	10	00002714	57	12	悟天克斯\n哈啊啊啊啊啊……！！！！！！
2181	gtk	10	00002714	66	12	悟天克斯\n耶——！！
2182	gtk	10	00002714	71	14	悟天克斯\n喝啊————！！
2183	gtk	10	00002714	76	12	\n变成超级赛亚人3的悟天克斯，\n以惊人的气在次元上打开洞口，\n与比克一起追赶魔人布欧。
2184	gtk	10	00002714	83	12	魔人布欧\n咦？\n你好像变了一点？
2185	gtk	10	00002714	86	12	比克\n你……你这家伙，\n把这里的人怎么样了……
2186	gtk	10	00002714	89	12	魔人布欧\n嘿嘿……变成巧克力了。
2187	gtk	10	00002714	93	12	悟天克斯\n本大爷彻——底生气了！！！！
2188	gtk	11	00002AFC	16	12	\n新增角色\n“悟天克斯（超3）”！\n可在角色选择中使用！
2189	gtk	12	00002715	13	12	魔人布欧\n呜……呜呜呜～！\n呜嘎、嘎呜哦～！
2190	gtk	12	00002715	16	12	悟天克斯\n嘿嘿～～～\n生气了，生气了。
2191	gtk	12	00002715	20	12	比克\n喂！\n快想办法……！！！
2192	gtk	12	00002715	23	12	悟天克斯\n这……这个……那个……\n激突究极排球！
2193	gtk	12	00002715	24	12	悟天克斯\n比克叔叔也来帮忙！！\n……要上喽～！！
2194	gtk	12	00002715	27	12	比克\n好……好的！！
2195	gtk	12	00002715	30	12	悟天克斯\n不对！\n我说“要上喽”的时候，
2196	gtk	12	00002715	33	12	\n答“好的”！
2197	gtk	12	00002715	36	12	悟天克斯\n必须这样说！
2198	gtk	12	00002715	46	12	\n获得团队必杀技\n“排球攻击”\n！
2199	gtk	12	00002715	47	12	\n让比克与悟天克斯（超3）组队，\n在气力达到200的状态下，\n触碰团队必杀技按钮！
2200	gtk	13	00002AFD	15	12	悟天克斯\n接招，最后一击！\n超级幽灵神风炸弹！
2201	gtk	13	00002AFD	52	12	悟天克斯\n呀呼——！
2202	gtk	13	00002AFD	53	12	悟天克斯\n哒哈哈哈哈——！\n简直就像陨石砸下来一样——！\n哎呀～～好可怕～～
2203	gtk	13	00002AFD	56	12	比克\n结束了吗……
2204	gtk	13	00002AFD	57	12	比克\n除了容易得意忘形这一点，\n你们做得不错……
2205	gtk	14	00002716	11	17	和平时一样，\n撒旦以世界救世主的身份\n前来打倒魔人布欧。
2206	gtk	14	00002716	12	17	然而不知不觉间，\n他却与魔人布欧成为好友，\n一起生活。
2207	gtk	14	00002716	39	12	撒旦先生\n到底在干什么……\n砰砰咚咚吵死了……
2208	gtk	14	00002716	42	12	撒旦先生\n咦！！\n布欧先生～～
2209	gtk	14	00002716	45	12	悟天克斯\n嗯？干什么……\n大叔，别挡路！
2210	gtk	14	00002716	48	12	撒旦先生\n等……等一下！！\n他并没有那么坏！\n只是被坏人命令才做那些事。
2211	gtk	14	00002716	51	12	悟天克斯\n话是这么说……\n嗯～
2212	gtk	14	00002716	54	12	撒旦先生\n拜托……不，是求求你们！\n我会负起责任，\n把他安置在我家……！
2213	gtk	14	00002716	57	12	悟天克斯\n既然你都说到这个份上，\n也不是不能放过他！
2214	gtk	14	00002716	77	17	悟天与特兰克斯以\n不得向其他人透露为条件，\n放过了魔人布欧。
2215	gtk	14	00002716	78	17	与布欧成为朋友后，悟天与特兰克斯\n几乎每天都去撒旦的宅邸\n玩耍，然而……
2216	gtk	14	00002716	86	12	撒旦先生\n哦！欢迎你们两个！\n布欧先生也等很久了。
2217	gtk	14	00002716	89	12	撒旦先生\n……咦！？
2218	gtk	14	00002716	92	12	贝吉塔\n我还奇怪你每天都去哪儿……\n这是怎么回事，特兰克斯！！\n魔人布欧为什么会在这里！
2219	gtk	14	00002716	95	12	特兰克斯\n咦？不……那个……\n该怎么说呢……\n啊哈、啊哈、啊哈哈哈哈……
2220	gtk	14	00002716	100	12	悟天\n叔、叔叔！\n魔人布欧已经改过自新了！\n他答应不再做坏事！
2221	gtk	14	00002716	103	12	贝吉塔\n开什么玩笑！！\n由本大爷亲手杀了他……！！
2222	gtk	14	00002716	106	12	特兰克斯\n住……住手，爸爸！\n你要是非得打倒布欧，\n就先和我们打！！
2223	gtk	14	00002716	110	12	贝吉塔\n想和我战斗吗？\n小鬼们……我不会手下留情！
2224	gtk	15	00002AFE	14	12	贝吉塔\n啧……\n臭小鬼们！！
2225	gtk	15	00002AFE	32	12	悟天克斯\n呜哇～～！
2226	gtk	15	00002AFE	35	12	撒旦先生\n呜哦哦哦哦——！！\n好、好痛痛痛痛痛！
2227	gtk	15	00002AFE	47	12	布欧先生\n悟天！\n特兰克斯！\n撒旦！！
2228	gtk	15	00002AFE	50	12	布欧先生\n竟敢……欺负大家！\n呜……咕咕咕咕咕。
2229	gtk	15	00002AFE	55	14	布欧先生\n嘎啊啊啊啊啊！！
2230	gtk	15	00002AFE	70	12	贝吉塔\n什……什么！\n魔人布欧竟然变成了两个！？
2231	gtk	16	00002717	13	12	布欧先生\n唔……呜……！\n必须……打倒那家伙……
2232	gtk	16	00002717	16	12	悟天克斯\n看来确实如此……\n那边瘦巴巴的布欧\n散发着强烈的邪恶之气！
2233	gtk	16	00002717	20	12	贝吉塔\n可恶……这到底怎么回事！\n所以我才叫你们\n赶快解决他……
2234	gtk	16	00002717	23	12	魔人布欧\n嘻嘻嘻嘻……\n我要杀了你们。
2235	gtk	17	00002AFF	13	12	撒旦先生\n成功了！\n打倒那个奇怪的家伙了。
2236	gtk	17	00002AFF	16	12	布欧先生\n…………
2237	gtk	18	00002718	11	17	在悟天克斯的活跃下，\n魔人布欧被消灭，世界恢复和平。
2238	gtk	18	00002718	12	17	悟天与特兰克斯\n拿拯救世界当理由，\n向比克索要奖励。
2239	gtk	18	00002718	18	12	特兰克斯\n可以吗！？真的吗！？\n太好啦————！！
2240	gtk	18	00002718	19	12	特兰克斯\n我一直想去一次\n宇宙旅行！\n嘿嘿嘿……去什么星球好呢？
2241	gtk	18	00002718	22	12	悟天\n去比克叔叔的星球吧！\n我们的爸爸\n也去过吧？
2242	gtk	18	00002718	37	17	就这样，比克与悟饭\n带上悟天和特兰克斯，\n出发前往新那美克星。
2243	gtk	18	00002718	38	17	然而，新那美克星上\n附着着神秘机械星球——\n比克高星。
2244	gtk	18	00002718	39	17	调查比克高星时，\n比克与悟饭遭到偷袭，\n被打倒了。
2245	gtk	18	00002718	45	12	悟饭\n这些家伙是……古、古拉的……
2246	gtk	18	00002718	48	12	特兰克斯\n比克叔叔和悟饭哥哥\n也太没用了。\n上吧，悟天！
2247	gtk	18	00002718	51	12	悟天\n嗯！
2248	gtk	19	00002B00	13	12	悟天克斯\n什么嘛！\n根本没什么了不起！
2249	gtk	20	00002719	13	12	古拉\n看来，机械人偶\n果然不是你们的对手。
2250	gtk	20	00002719	16	12	悟天克斯\n哦？和刚才那些家伙\n不太一样。\n哈哈，原来你就是老大！
2251	gtk	20	00002719	21	12	比克\n别小看他！\n那家伙是弗利萨的哥哥……
2252	gtk	20	00002719	24	12	悟天克斯\n弗利萨是谁啊？
2253	gtk	20	00002719	27	12	比克\n………
2254	gtk	20	00002719	30	12	悟天克斯\n算了。\n反正是坏人吧？\n三两下就把你解决。
2255	gtk	20	00002719	33	12	古拉\n呵呵呵……\n我还有一张王牌。\n出来吧！布罗利！！
2256	gtk	20	00002719	36	12	布罗利\n呜哦哦哦哦哦！！！
2257	gtk	20	00002719	39	12	悟饭\n那、那家伙是布罗利……！\n为什么……
2258	gtk	20	00002719	42	12	古拉\n看来这家伙原本\n就被控制装置操纵……\n不过装置并不完善。
2259	gtk	20	00002719	43	12	古拉\n我利用比克高星的科技，\n将那套控制装置\n彻底完善了！
2260	gtk	20	00002719	47	12	悟天克斯\n不管对手是谁都一样！\n尝尝本大爷最强的力量！
2261	gtk	21	00002B01	13	12	悟天克斯\n哒——哈哈哈！\n果然本大爷是最强的吧？
2262	gtk	21	00002B01	16	12	比克\n别得意忘形！！
2263	gtk	21	00002B01	30	12	悟天克斯\n好痛……
2264	gtk	22	00004E20	12	12	布尔玛\n你们拯救了世界，\n想要什么奖励\n都可以说。
2265	gtk	22	00004E20	15	12	特兰克斯\n妈妈，真的吗！？\n那、那我要一座\n只属于我的游乐园！！
2266	gtk	22	00004E20	19	12	悟天\n那我呢——……\n想要一个怎么吃都吃不完的\n超大蛋糕！！
2267	gtk	22	00004E20	22	12	克林\n喂喂，你们两个……\n这种愿望不用龙珠，\n根本不可能实现吧？
2268	gtk	22	00004E20	25	12	特兰克斯\n对哦……！！\n妈妈，把这个雷达借给我！
2269	gtk	22	00004E20	28	12	悟天\n特兰克斯！！
2270	gtk	22	00004E20	31	12	特兰克斯\n好！悟天！！\n出发喽——！
2271	gtk	22	00004E20	39	17	今后会有怎样的冒险\n等待着两人……
2272	gtk	22	00004E20	40	17	那就是下一个故事了……
2273	gtk	22	00004E20	47	12	\n获得究极技\n“超级幽灵炸弹”\n！
2274	gtk	22	00004E20	48	12	\n悟天克斯（超3）体力变红时，\n将气力提升至150以上，\n面向下方同时按下X键＋A键！
2275	gtk	23	00004E21	13	12	贝吉塔\n怎么回事……？\n打倒分裂出去的那一个后，\n魔人布欧身上的邪气消失了……！
2276	gtk	23	00004E21	16	12	特兰克斯\n怎么样，爸爸！\n这下你明白魔人布欧\n已经安全了吧？
2277	gtk	23	00004E21	21	12	悟天\n叔叔！
2278	gtk	23	00004E21	24	12	布欧先生\n……等等，\n悟天、特兰克斯。
2279	gtk	23	00004E21	25	12	布欧先生\n我教你们咒语。\n用它把我封印起来。
2280	gtk	23	00004E21	33	12	特兰克斯\n咦……？
2281	gtk	23	00004E21	38	12	悟天\n为什么！？
2282	gtk	23	00004E21	41	12	布欧先生\n只要我还在，\n就不知道会发生什么。\n也许还会变成刚才那样。
2283	gtk	23	00004E21	44	12	贝吉塔\n明白了吗，小鬼们……\n这对布欧来说也是最好的选择。
2284	gtk	23	00004E21	52	12	特兰克斯\n……
2285	gtk	23	00004E21	55	12	悟天\n特、特兰克斯……
2286	gtk	23	00004E21	58	12	特兰克斯\n悟、悟天……别哭！！
2287	gtk	23	00004E21	62	12	布欧先生\n再见。\n撒旦、特兰克斯、悟天……\n我不会忘记你们。
2288	gtk	23	00004E21	76	17	悟天与特兰克斯\n跨越这份悲伤，\n继续变得更强……
2289	gtk	23	00004E21	83	12	\n新增角色\n“魔人布欧（善）”！\n可在角色选择中使用！
2290	gtk	24	00004E22	10	17	在悟天克斯的活跃下，\n新那美克星获救了。
2291	gtk	24	00004E22	11	17	随后，\n在返航的宇宙飞船中……
2292	gtk	24	00004E22	17	12	悟饭\n真让人吃惊……\n悟天和特兰克斯\n竟然这么强……
2293	gtk	24	00004E22	20	12	特兰克斯\n嘿嘿～！\n我们是最强的！\n对吧，悟天！
2294	gtk	24	00004E22	25	12	悟天\n嘿嘿……对了！\n就这样把全宇宙的坏人\n都打倒吧！
2295	gtk	24	00004E22	28	12	特兰克斯\n哦！这主意不错！
2296	gtk	24	00004E22	32	12	悟饭\n什么！？
2297	gtk	24	00004E22	35	12	比克\n你、你们这两个家伙……
2298	gtk	24	00004E22	49	17	看来，这场宇宙旅行\n还会继续下去……
2299	gtk	24	00004E22	56	12	\n获得特殊能力\n“胜利V字手势”！
2300	gtk	24	00004E22	57	12	\n使用悟天克斯（超3）时，\n气力达到150以上时，\n按L键！
2301	pic	0	00002710	7	17	赛亚人突然袭击地球，\n带来了恐怖。悟空已经在\n与拉蒂兹的战斗中死去。
2302	pic	0	00002710	8	17	为了守护失去悟空的地球，\n比克一直在训练悟饭。
2303	pic	0	00002710	14	12	比克\n这六个月里，\n多少有点长进了……\n好，接下来正式操练你。
2304	pic	0	00002710	17	12	悟饭\n是！请多指教！
2305	pic	1	00002AF8	9	12	比克\n哼……这半年里，\n至少不再是个爱哭鬼了。
2306	pic	1	00002AF8	12	12	悟饭\n嘿嘿……爸爸说过。\n比克叔叔已经不像以前那样\n是个坏人了。
2307	pic	1	00002AF8	15	12	比克\n少说无聊的话，\n赶紧睡觉！\n明天特训两人合力的招式！
2308	pic	1	00002AF8	18	12	悟饭\n是、是！
2309	pic	1	00002AF8	35	12	\n获得团队必杀技\n“魔连击”！
2310	pic	1	00002AF8	36	12	\n让比克与悟饭（常态）组队，\n在气力达到200的状态下，\n触碰团队必杀技按钮！
2311	pic	2	00002711	9	17	比克在与贝吉塔的战斗中，\n为了保护悟饭而丧命。
2312	pic	2	00002711	10	17	为了让比克等人复活，\n悟饭与克林飞往那美克星，\n收集龙珠。
2313	pic	2	00002711	11	17	复活后的比克\n降落在故乡那美克星，\n开始寻找悟饭与克林。
2314	pic	2	00002711	17	12	比克\n这里就是那美克星……\n莫名有种怀念的感觉。\n……必须找到悟饭他们。
2315	pic	2	00002711	19	12	\n寻找悟饭等人时，\n比克与名为内鲁的战士同化，\n获得了超强力量。
2316	pic	2	00002711	27	12	比克\n让你们久等了。
2317	pic	2	00002711	30	12	悟饭\n比克叔叔！
2318	pic	2	00002711	42	12	弗利萨\n竟然还有那美克星人活着。\n……看来不是普通货色。
2319	pic	3	00002AF9	12	12	弗利萨\n抱歉……我小看你了。\n既然比想象中更有本事，\n就让你见识我的实力。
2320	pic	3	00002AF9	13	12	弗利萨\n真正的实力……
2321	pic	3	00002AF9	18	12	比克\n啧……对不起。\n你们好不容易让我复活，\n我却好像救不了你们。
2322	pic	3	00002AF9	25	12	悟空\n让你们久等了！
2323	pic	3	00002AF9	30	12	比克\n……孙悟空！
2324	pic	3	00002AF9	31	12	比克\n你们几个！我们留在这里只会碍事。\n快离开这里！
2325	pic	4	00002712	11	17	在悟空的活跃下，弗利萨被打倒。
2326	pic	4	00002712	12	17	然而，弗利萨化为机械之身，\n再次袭击地球。
2327	pic	4	00002712	13	17	一击打倒弗利萨的，\n是自称来自未来的\n神秘少年——特兰克斯。
2328	pic	4	00002712	14	17	特兰克斯告知众人，\n未来将会发生人造人危机。
2329	pic	4	00002712	15	17	三年后，\n正如特兰克斯预告的那样，\n人造人出现了。
2330	pic	4	00002712	16	17	身患心脏病的悟空未能战斗便倒下。\n化为超级赛亚人的贝吉塔也赶来，\n战局变得难以预料。
2331	pic	4	00002712	23	12	格罗博士\n只要吸收他们所有人的能量，\n补充到我身上，\n就能战胜贝吉塔！
2332	pic	4	00002712	26	12	格罗博士\n先从实力仅次于贝吉塔的\n比克开始……
2333	pic	4	00002712	33	12	比克\n呜咕！
2334	pic	4	00002712	36	12	格罗博士\n你的能量归我了！
2335	pic	4	00002712	53	12	比克\n（悟饭，快来……马上！\n人造人正在……）
2336	pic	5	00002AFA	11	12	格罗博士\n可恶……\n只能回去……！\n回研究所……
2337	pic	5	00002AFA	14	12	比克\n给我老实一点！
2338	pic	5	00002AFA	17	12	格罗博士\n你们没有胜算！\n17号和18号\n会来杀掉你们！
2339	pic	5	00002AFA	36	12	贝吉塔\n竟然逃了！\n可恶……我一定会找到他！
2340	pic	5	00002AFA	40	12	比克\n可恶！\n人造人很难对付。\n现在的我赢不了……
2341	pic	6	00002713	8	17	被逼入绝境的格罗博士，\n唤醒了人造人\n17号与18号。
2342	pic	6	00002713	9	17	17号与18号实力惊人，\n就连化为超级赛亚人的贝吉塔\n也败下阵来。
2343	pic	6	00002713	10	17	与天神融合的比克\n降临大地时，\n新的威胁已经出现……
2344	pic	6	00002713	16	12	比克\n终于出现了，怪物……\n你究竟是什么东西！？
2345	pic	6	00002713	19	12	沙鲁\n……比克大魔王吗。\n真遗憾，你很快就会\n变成我的食物。
2346	pic	6	00002713	22	12	比克\n真会说大话。\n就算动用武力，我也要你说出来！
2347	pic	6	00002713	23	12	比克\n（必须削弱他，\n但不能把他杀死……）
2348	pic	7	00002AFB	21	12	沙鲁\n我要吸取你这强大的\n生命精华！
2349	pic	7	00002AFB	24	12	比克\n唔……最后告诉我一件事……\n拥有孙悟空和弗利萨等人气息的你，\n究竟是什么人！？
2350	pic	7	00002AFB	26	12	\n沙鲁说明了自己的身份：\n他是格罗博士留下的\n新型生命体。
2351	pic	7	00002AFB	27	12	\n拥有历代高手细胞的沙鲁，\n为了成为完全体并获得更强力量，\n正在追踪17号与18号。
2352	pic	7	00002AFB	34	12	比克\n……原来如此。\n多亏你，谜团全都解开了。\n该让我拿出真本事了。
2353	pic	7	00002AFB	39	12	\n比克让受伤的手臂再生了。
2354	pic	7	00002AFB	44	12	沙鲁\n可恶……不过，\n17号与18号我一定会得到！
2355	pic	7	00002AFB	47	12	沙鲁\n……太阳拳！
2356	pic	7	00002AFB	66	12	比克\n逃了……可恶！我大意了！\n刚才就应该直接解决他！
2357	pic	7	00002AFB	75	12	\n获得特殊能力\n“再生能力”！
2358	pic	7	00002AFB	76	12	\n使用比克时，\n在气力达到100以上的状态下，\n按下L键！
2359	pic	8	00002714	10	17	比克让沙鲁逃走了。\n他与同伴们一起寻找沙鲁，\n却始终不知其下落。
2360	pic	8	00002714	11	17	回到龟仙屋的比克面前，\n出现了18号等人。\n他们是为与悟空战斗而来。
2361	pic	8	00002714	26	12	比克\n赶紧回去吧。\n孙悟空不在这里。
2362	pic	8	00002714	29	12	17号\n是吗……\n那么告诉我们他在哪里。\n不说，就用武力逼你开口。
2363	pic	8	00002714	37	12	比克\n来试试吧。\n可不会像上次那么轻松……
2364	pic	8	00002714	41	12	18号\n17号！\n让我来。\n你在旁边看着。
2365	pic	9	00002AFC	15	12	16号\n嗯……那是沙鲁！
2366	pic	9	00002AFC	18	12	17号\n什么！？\n咕哇啊啊啊！？
2367	pic	9	00002AFC	27	12	沙鲁\n呵呵呵……值得纪念的日子\n终于来到了。\n今天就是我成为完全体的日子！
2368	pic	9	00002AFC	30	12	比克\n为了获得如此力量，\n你牺牲了多少人的生命！
2369	pic	9	00002AFC	44	17	比克为了阻止沙鲁\n发起战斗，\n却惨遭败北……
2370	pic	10	00002EE4	12	12	比克\n17号他们逃掉了吗……\n不过这样一来，\n就阻止沙鲁成为完全体了。
2371	pic	10	00002EE4	15	12	沙鲁\n（你还真敢做……\n别以为这样就结束了。\n逃走的17号归我……
2372	pic	11	00002715	10	17	沙鲁最终还是成为完全体，\n却被悟饭与悟空打倒。\n数年过去了。
2373	pic	11	00002715	11	17	随着新的邪恶——\n魔导师巴比迪与魔人布欧出现，\n世界再次陷入混乱。
2374	pic	11	00002715	12	17	贝吉塔死去，\n悟空返回另一个世界，\n悟饭也下落不明……
2375	pic	11	00002715	13	17	能够守护地球的战士，\n只剩悟天与特兰克斯融合而成的\n悟天克斯。
2376	pic	11	00002715	19	12	特兰克斯\n让你久等了！
2377	pic	11	00002715	22	12	悟天\n魔人布欧！
2378	pic	11	00002715	25	12	特兰克斯\n上吧，悟天！
2379	pic	11	00002715	28	12	悟天\n嗯！
2380	pic	11	00002715	31	12	特兰克斯\n融——……
2381	pic	11	00002715	33	12	悟天\n合！
2382	pic	11	00002715	34	14	悟天＆特兰克斯\n嘿！
2383	pic	11	00002715	62	12	魔人布欧\n呵呵呵呵……\n杀了你们！
2384	pic	11	00002715	65	12	悟天克斯\n嘿嘿～\n有本事就来试试！
2385	pic	11	00002715	68	12	比克\n别得意忘形！\n虽然不觉得自己能帮上多少，\n我也一起战斗……！
2386	pic	12	00002AFD	12	12	魔人布欧\n咕呜呜呜！
2387	pic	12	00002AFD	15	12	悟天克斯\n嘿嘿嘿！\n最后一击！
2388	pic	12	00002AFD	29	12	比克\n什么！\n融合竟然！
2389	pic	12	00002AFD	32	12	悟天\n解……！
2390	pic	12	00002AFD	35	12	特兰克斯\n除了……！
2391	pic	13	00002716	7	17	与人造人战斗后，\n比克感到自己的力量不足。
2392	pic	13	00002716	8	17	为了再次与天神融合，\n比克来到天神殿。
2393	pic	13	00002716	23	12	天神\n没想到还有一天，\n会再次与你融合。
2394	pic	13	00002716	26	12	比克\n现在的地球不需要天神。\n需要的是获得超强力量的\n我。
2395	pic	13	00002716	29	12	天神\n可以。但在那之前，\n我要先试试你是否真的\n能够拯救地球。
2396	pic	13	00002716	30	12	天神\n来吧……和他\n战斗一场！
2397	pic	14	00002AFE	18	12	比克\n竟让我做这种无聊的事。\n难道你害怕融合了？
2398	pic	14	00002AFE	21	12	天神\n……我只是测试你的力量。\n现在的地球需要强者。\n把我的灵魂交给你。
2399	pic	14	00002AFE	54	12	比克\n我已经既不是天神，也不是比克。\n只是一个连真名都已忘记的\n那美克星人……
2400	pic	14	00002AFE	60	17	获得神与魔两股力量的比克，\n学会了能同时释放\n两种力量的招式。
2401	pic	14	00002AFE	67	12	\n获得究极技\n“神魔伏灭”！
2402	pic	14	00002AFE	68	12	\n比克体力变红时，\n将气力提升至150以上，\n面向上方同时按下X键＋A键！
2403	pic	15	00002717	10	17	比克打倒18号，\n阻止沙鲁进化为完全体，\n但沙鲁仍未放弃。
2404	pic	15	00002717	11	17	暗中吸收17号的沙鲁，\n正前往西都。
2405	pic	15	00002717	14	12	沙鲁\n呵呵呵呵……\n只要有龙珠，\n就能让18号复活……
2406	pic	15	00002717	21	12	\n地球虽然恢复和平，\n没能与沙鲁战斗的贝吉塔\n却无处施展力量。
2407	pic	15	00002717	22	12	\n就在此时，\n沙鲁出现在贝吉塔面前。
2408	pic	15	00002717	26	12	沙鲁\n贝吉塔……\n把宇宙飞船借给我。
2409	pic	15	00002717	29	12	贝吉塔\n你想干什么！？
2410	pic	15	00002717	32	12	沙鲁\n我要用那美克星的龙珠\n让18号复活。\n你也想与完全体的我战斗吧？
2411	pic	15	00002717	33	12	沙鲁\n比克与天神同化后，\n地球的龙珠\n已经无法使用了吧。
2412	pic	15	00002717	36	12	贝吉塔\n好吧……跟我来。
2413	pic	15	00002717	40	12	比克\n贝吉塔！\n等等！
2414	pic	15	00002717	50	12	\n一直寻找沙鲁的比克，\n感受到贝吉塔兴奋的气息，\n于是赶了过来。
2415	pic	15	00002717	61	12	贝吉塔\n比克……\n事到如今，这个垃圾要去宇宙\n又有什么关系。
2416	pic	15	00002717	62	12	贝吉塔\n如果他变强后回来，\n到时由本大爷打倒他。
2417	pic	15	00002717	65	12	比克\n你不明白沙鲁有多强吗！？\n……就算动用武力也要阻止你！
2418	pic	15	00002717	68	12	贝吉塔\n好啊。\n我早就看你不顺眼了。\n就在这里做个了断……！
2419	pic	16	00002AFF	11	12	比克\n唔……不愧是贝吉塔！\n不过……！
2420	pic	16	00002AFF	17	17	尽管处于劣势，\n比克仍向准备起飞的宇宙飞船\n发动攻击。
2421	pic	16	00002AFF	18	17	但终究没能赶上，\n宇宙飞船飞向高空，\n迅速远去。
2422	pic	17	00002718	11	17	比克为追赶沙鲁，\n与悟饭、丹迪一同\n前往新那美克星。
2423	pic	17	00002718	12	17	而贝吉塔也\n等不及沙鲁归来，\n动身前往那美克星。
2424	pic	17	00002718	13	17	然而此时，\n新的魔爪正伸向\n那美克星……
2425	pic	17	00002718	19	12	内兹\n啧……一个个都不肯\n说出龙珠的下落。
2426	pic	17	00002718	22	12	古拉\n不能杀死那美克星人。\n留他们活着，\n之后才能问出情报。
2427	pic	17	00002718	25	12	多雷\n是！
2428	pic	17	00002718	30	12	\n这时，搭载比克等人的\n宇宙飞船抵达了。
2429	pic	17	00002718	34	12	比克\n把你们肮脏的手拿开！
2430	pic	17	00002718	37	12	沙维扎\n什么人！
2431	pic	17	00002718	40	12	比克\n那美克星人……虽然是在地球长大的。
2432	pic	17	00002718	44	12	古拉\n胆敢妨碍我\n实现长生不老……\n绝不留你活口！
2433	pic	17	00002718	47	12	比克\n哼……放马过来。\n悟饭，上吧！
2434	pic	17	00002718	51	12	悟饭\n好！
2435	pic	18	00002B00	15	12	古拉\n啧……！\n这些家伙确实有两下子。
2436	pic	18	00002B00	18	12	比克\n悟饭！
2437	pic	18	00002B00	19	12	比克\n愤怒吧！！\n用愤怒释放真正的力量！！
2438	pic	18	00002B00	22	12	悟饭\n比克叔叔！
2439	pic	18	00002B00	23	12	悟饭\n唔……
2440	pic	18	00002B00	25	14	悟饭\n呜啊啊啊啊！
2441	pic	18	00002B00	35	12	悟饭\n魔闪光！
2442	pic	18	00002B00	38	12	比克\n杀炮！
2443	pic	18	00002B00	49	12	古拉\n哼！\n这种无聊的招式，\n难道你们以为我躲不开吗！！
2444	pic	18	00002B00	58	12	\n就在比克等人战斗时，\n一道神秘黑影逼近丹迪……
2445	pic	18	00002B00	60	12	沙鲁\n呵呵呵……到此为止。
2446	pic	18	00002B00	71	12	比克\n……沙鲁！\n可恶……竟然没察觉！
2447	pic	18	00002B00	72	12	比克\n悟饭！\n摧毁龙珠！
2448	pic	18	00002B00	83	12	沙鲁\n慢着……这家伙会死哦。
2449	pic	18	00002B00	94	12	悟饭\n丹迪！
2450	pic	18	00002B00	105	12	沙鲁\n如今地球的龙珠已经消失，\n要是破坏这里的龙珠，\n这家伙就无法复活……
2451	pic	18	00002B00	116	12	比克\n……知道了。\n放开丹迪。
2452	pic	18	00002B00	119	12	悟饭\n比克叔叔……
2453	pic	18	00002B00	122	12	比克\n贝吉塔也正赶来这颗星球。\n只能期待他了。
2454	pic	18	00002B00	136	17	沙鲁释放丹迪后，\n带着龙珠\n离开了。
2455	pic	18	00002B00	143	12	\n获得团队必杀技\n“魔闪光杀炮”！
2456	pic	18	00002B00	144	12	\n让比克与悟饭（超2）组队，\n在气力达到200的状态下，\n触碰团队必杀技按钮！
2457	pic	19	00002719	9	17	沙鲁与古拉\n在寻找龙珠期间\n暂时合作。
2458	pic	19	00002719	10	17	然而，两人都打算\n得到龙珠后\n杀掉对方。
2459	pic	19	00002719	11	17	另一方面，贝吉塔的宇宙飞船\n也抵达了那美克星。
2460	pic	19	00002719	27	12	贝吉塔\n古拉……？\n记得是弗利萨的哥哥。
2461	pic	19	00002719	30	12	比克\n必须先打倒那家伙。\n要是让他的手下寻找龙珠，\n会非常麻烦。
2462	pic	19	00002719	35	12	贝吉塔\n……哼，无聊的计划。\n我按自己的方式行动……
2463	pic	19	00002719	45	12	\n没能得到贝吉塔的协助，\n比克独自一人\n袭击古拉的宇宙飞船。
2464	pic	20	00002B01	8	17	在悟饭与丹迪的协助下，\n比克成功打倒\n古拉一伙。
2465	pic	20	00002B01	9	17	但趁这个机会，\n沙鲁已经集齐了\n第七颗龙珠。
2466	pic	20	00002B01	10	17	而且，他已经从\n那美克星人口中问出了\n召唤波仑伽的咒语。
2467	pic	20	00002B01	16	12	沙鲁\n出来吧！\n让18号复活，\n并把她带到这颗星球！
2468	pic	20	00002B01	22	17	就这样，沙鲁吸收18号，\n成为了完全体。
2469	pic	20	00002B01	23	17	感受到完全体庞大气息的贝吉塔，\n出现在沙鲁面前，\n向他发起挑战。
2470	pic	20	00002B01	30	12	\n新增角色\n“丹迪”！\n可在角色选择中使用！
2471	pic	21	0000271A	9	17	成为完全体的沙鲁\n实在太过强大。
2472	pic	21	0000271A	10	17	在贝吉塔做好赴死觉悟时，\n比克在千钧一发之际\n救下了他。
2473	pic	21	0000271A	16	12	贝吉塔\n谁让你救我了！\n放开！
2474	pic	21	0000271A	19	12	比克\n净说些任性的话……\n偶尔也听一次别人的！
2475	pic	21	0000271A	24	12	沙鲁\n呵呵呵……\n怎么，已经结束了吗？\n你们全部一起上也可以。
2476	pic	21	0000271A	27	12	比克\n那就如你所愿。\n我也不喜欢以多欺少，\n但对付怪物……别无选择。
2477	pic	21	0000271A	31	12	贝吉塔\n可恶……只有这一次！\n只和你们并肩战斗一次！\n这样就互不相欠了！明白吗！
2478	pic	21	0000271A	34	12	比克\n好，贝吉塔、悟饭！\n上！
2479	pic	22	00002B02	13	12	沙鲁\n什么……我竟然被压制！？
2480	pic	22	00002B02	16	12	比克\n好，就是现在！给他最后一击！\n同时发动攻击！
2481	pic	22	00002B02	19	12	贝吉塔\n别命令我！\n哈啊啊啊啊……！
2482	pic	22	00002B02	30	12	沙鲁\n怎、怎么可能！\n我竟然……！
2483	pic	22	00002B02	36	12	\n比克与贝吉塔释放的气\n将沙鲁彻底消灭。
2484	pic	22	00002B02	38	12	\n就这样，比克为那美克星\n夺回了和平。\n而且还得到了一位意外的协助者……
2485	pic	22	00002B02	40	12	贝吉塔\n少做多余的事……\n不用你来指挥，\n我也能打倒那家伙！
2486	pic	22	00002B02	43	12	比克\n你说什么！追根究底，\n做多余事情的人\n明明是你！
2487	pic	22	00002B02	55	12	丹迪\n悟饭……
2488	pic	22	00002B02	58	12	悟饭\n啊哈……\n他们两个一直都是这样，\n没事的！
2489	pic	22	00002B02	77	12	贝吉塔＆比克\n哼！
2490	pic	22	00002B02	94	12	\n获得团队必杀技\n“异端冲击”！
2491	pic	22	00002B02	95	12	\n让比克与贝吉塔（常态）组队，\n在气力达到200的状态下，\n触碰团队必杀技按钮！
2492	pic	23	00004E20	10	12	魔人布欧\n……呵呵呵呵！
2493	pic	23	00004E20	18	12	悟饭\n住手！
2494	pic	23	00004E20	32	17	悟饭赶来解救\n陷入危机的比克、悟天与特兰克斯。
2495	pic	23	00004E20	33	17	魔人布欧的威胁\n就此结束了吗！？\n战斗仍将无尽延续……
2496	trk	0	00002710	10	12	布尔玛\n喂喂，\n时间机器终于完成了。
2497	trk	0	00002710	11	12	布尔玛\n要不是研究所遭到破坏，\n本来应该能做出\n更完美的成品……
2498	trk	0	00002710	14	12	特兰克斯\n以我……现在的实力，\n应该能打倒人造人。
2499	trk	0	00002710	25	12	\n“现在插播一条\n有关人造人的最新消息。”
2500	trk	0	00002710	27	12	特兰克斯\n我去了！\n一定会打倒他们！
2501	trk	0	00002710	30	12	布尔玛\n等一下，特兰克斯！\n站住！
2502	trk	0	00002710	38	12	特兰克斯\n等着吧……人造人！
2503	trk	0	00002710	50	12	\n新增角色\n“超级赛亚人特兰克斯”！\n可在角色选择中使用！
2504	trk	1	00002AF8	10	12	特兰克斯\n妈妈说得没错。\n我和人造人的差距还是很大。\n老实说，能活着回来已经很幸运。
2505	trk	1	00002AF8	13	12	布尔玛\n你和妈妈一样，\n运气特别好。
2506	trk	1	00002AF8	21	12	特兰克斯\n伤好以后，\n我就立刻乘坐时间机器。
2507	trk	1	00002AF8	22	12	特兰克斯\n……孙悟空先生\n真的有那么强吗？
2508	trk	1	00002AF8	25	12	布尔玛\n他确实很强……\n而且不管事情有多么不可思议，\n总能想办法解决，是个很神奇的人。
2509	trk	1	00002AF8	28	12	特兰克斯\n我倒是更期待\n见到自己的父亲……
2510	trk	1	00002AF8	42	17	就这样，特兰克斯\n踏上了前往过去的旅程。
2511	trk	2	00002711	10	17	特兰克斯乘坐布尔玛制造的时间机器，\n穿越了时空。
2512	trk	2	00002711	11	17	为了先见到悟空，\n特兰克斯前往悟空\n从宇宙返回地球的地点。
2513	trk	2	00002711	18	12	特兰克斯\n就算打不倒人造人也没关系。\n最坏的情况，至少要找到弱点……
2514	trk	2	00002711	21	12	特兰克斯\n在那之前……先解决弗利萨。
2515	trk	2	00002711	29	12	机械弗利萨\n地球吗……\n还不错。
2516	trk	2	00002711	32	12	库尔德王\n要等那个超级赛亚人回来吗，\n弗利萨。
2517	trk	2	00002711	35	12	机械弗利萨\n当然……爸爸。
2518	trk	2	00002711	38	12	特兰克斯\n我是来杀你们的。\n哈啊！
2519	trk	2	00002711	44	12	特兰克斯\n超级赛亚人并非只有\n孙悟空先生一人……\n这里还有一个！
2520	trk	3	00002AF9	11	12	库尔德王\n干得不错……真精彩。\n竟然一瞬间就消灭了\n我的儿子弗利萨……
2521	trk	3	00002AF9	12	12	库尔德王\n怎么样……要不要代替弗利萨，\n成为我的儿子？
2522	trk	3	00002AF9	15	12	特兰克斯\n没兴趣。
2523	trk	3	00002AF9	26	17	库尔德王被特兰克斯一击\n彻底消灭。
2524	trk	3	00002AF9	27	17	目睹这一幕的贝吉塔等人，\n都掩饰不住震惊。
2525	trk	3	00002AF9	32	12	\n之后悟空抵达地球，\n特兰克斯告知众人，\n人造人的威胁即将在未来发生。
2526	trk	3	00002AF9	33	12	\n他也公开了自己\n是贝吉塔之子的事实。
2527	trk	3	00002AF9	35	12	特兰克斯\n三年后……\n我一定会来支援。
2528	trk	4	00002712	12	17	特兰克斯再次来到过去，\n历史却发生了细微变化。
2529	trk	4	00002712	13	17	从未见过的人造人，\n以及更加强大的17号与18号。
2530	trk	4	00002712	14	17	还有神秘生命体沙鲁……
2531	trk	4	00002712	15	17	沙鲁的出现令局势彻底改变。\n为了对抗不断增强力量的沙鲁，
2532	trk	4	00002712	16	17	特兰克斯与贝吉塔\n进入精神与时间之屋，\n获得了堪称终极的力量。
2533	trk	4	00002712	17	17	随后，贝吉塔与沙鲁正面对决。\n在贝吉塔压倒性的力量下，\n沙鲁已濒临死亡。
2534	trk	4	00002712	23	12	沙鲁\n可……可恶啊啊啊啊！\n只要……只要能\n成为完全体……！
2535	trk	4	00002712	26	12	贝吉塔\n……滚吧！\n打倒现在这副可怜模样的你，\n也没什么值得炫耀的。
2536	trk	4	00002712	29	12	特兰克斯\n……站住。\n爸爸放你走，\n我可不会放过你！
2537	trk	4	00002712	32	12	沙鲁\n嗯……那是18号！
2538	trk	4	00002712	35	12	特兰克斯\n喂——！\n沙鲁发现你了——！
2539	trk	4	00002712	45	12	\n发现18号的沙鲁，\n径直冲向她。
2540	trk	4	00002712	47	12	特兰克斯\n即使要打倒爸爸……\n我也一定要阻止他成为完全体！
2541	trk	4	00002712	50	12	贝吉塔\n……休想妨碍我！\n特兰克斯！
2542	trk	5	00002AFA	16	12	贝吉塔\n啧……特兰克斯这小子！
2543	trk	5	00002AFA	19	12	特兰克斯\n沙鲁……！\n休想得逞！
2544	trk	5	00002AFA	41	17	特兰克斯一击\n将沙鲁彻底消灭。
2545	trk	5	00002AFA	42	17	在特兰克斯的活跃下，\n沙鲁终于灭亡……
2546	trk	6	00002EE2	13	12	贝吉塔\n沙鲁正在变化……！\n所谓完全体\n终于要登场了吗！
2547	trk	6	00002EE2	43	12	沙鲁\n………
2548	trk	7	00002713	9	17	贝吉塔向完全体沙鲁发起挑战。\n然而，完全体的力量\n远远超出了他的想象。
2549	trk	7	00002713	10	17	成为完全体的沙鲁\n击败贝吉塔，将下一个目标\n锁定为特兰克斯。
2550	trk	7	00002713	16	12	克林\n特兰克斯……你已经\n跨越了贝吉塔没能跨越的那堵墙……\n对吧？
2551	trk	7	00002713	19	12	特兰克斯\n爸爸已经突破超级赛亚人的界限。\n但我甚至超越了\n那个境界……！
2552	trk	7	00002713	24	12	沙鲁\n呵呵呵呵……\n没错。我感兴趣的，\n正是你真正的力量。
2553	trk	7	00002713	27	12	克林\n特兰克斯，只有现在了！\n现在正是变成那个\n惊人超级赛亚人的时候！
2554	trk	7	00002713	30	12	特兰克斯\n我明……白……\n呜啊啊啊啊啊啊！
2555	trk	7	00002713	46	12	\n获得究极技\n“MAX爆裂炮”！
2556	trk	7	00002713	47	12	\n超级赛亚人特兰克斯体力变红时，\n将气力提升至150以上，\n面向侧方同时按下X键＋A键！
2557	trk	7	00002713	58	12	\n获得特殊能力\n“超级赛亚人1.5”！
2558	trk	7	00002713	59	12	\n使用超级赛亚人特兰克斯时，\n气力达到150以上时，\n按L键！
2559	trk	8	00002AFB	11	12	沙鲁\n哈——哈哈哈哈！\n真是天真……\n所谓的全力就只有这种程度吗。
2560	trk	8	00002AFB	14	12	克林\n你说什么……！？\n沙鲁刚才还没有动真格吗！
2561	trk	8	00002AFB	17	12	沙鲁\n只依靠力量的战斗方式，\n是赢不了我的……
2562	trk	8	00002AFB	31	17	沙鲁向特兰克斯提出几个问题后，\n决定举办沙鲁游戏。
2563	trk	8	00002AFB	32	17	悟空在沙鲁游戏中丧命，\n但觉醒真正力量的悟饭\n打倒了沙鲁……
2564	trk	9	00002714	10	17	沙鲁被打倒后，\n特兰克斯回到了自己的时代。
2565	trk	9	00002714	16	12	特兰克斯\n妈妈……我回来了！
2566	trk	9	00002714	19	12	布尔玛\n欢迎回来，特兰克斯！\n咦……你长高了好多！
2567	trk	9	00002714	30	12	\n特兰克斯向布尔玛\n讲述了事情的经过。
2568	trk	9	00002714	31	12	\n“现在插播一条\n有关人造人的消息。”
2569	trk	9	00002714	33	12	特兰克斯\n好，我出发了！\n也要让这个时代恢复和平！
2570	trk	9	00002714	50	12	特兰克斯\n你们到此为止。\n由我来解决。
2571	trk	10	00002AFC	11	12	17号\n为……为什么区区你\n能把18号……
2572	trk	10	00002AFC	14	12	特兰克斯\n刚才那一击是为了死去的同伴……\n接下来，是为悟饭哥哥报仇！
2573	trk	10	00002AFC	18	14	特兰克斯\n消失吧——！
2574	trk	10	00002AFC	31	12	特兰克斯\n……结束了。\n不，还没有。\n还剩下最关键的家伙……
2575	trk	10	00002AFC	40	12	\n获得特殊能力\n“愤怒”！
2576	trk	10	00002AFC	41	12	\n使用特兰克斯（常态）时，\n若对手中有人造人，\n按下L键！
2577	trk	11	00002715	11	12	特兰克斯\n我知道你就在那里\n……沙鲁！
2578	trk	11	00002715	12	12	特兰克斯\n你打算杀掉我、夺走时间机器，\n前往过去，\n吸收17号与18号吧！
2579	trk	11	00002715	15	12	沙鲁\n什么！？\n你为什么会知道……！！
2580	trk	11	00002715	18	12	特兰克斯\n西都的重建已经很有进展。\n换个地方吧……
2581	trk	11	00002715	19	12	特兰克斯\n哈！
2582	trk	11	00002715	30	12	特兰克斯\n绝不会让你前往过去！
2583	trk	12	00002AFD	11	12	特兰克斯\n彻底消失吧！\n沙鲁！
2584	trk	12	00002AFD	21	14	沙鲁\n可……可恶……\n哦哦哦……！！
2585	trk	13	00002716	9	17	前往过去的前一晚……\n特兰克斯回想起\n与悟饭一同修行的日子……
2586	trk	13	00002716	15	12	特兰克斯\n终于是明天了……\n要是我能拥有更强的力量……
2587	trk	13	00002716	16	12	特兰克斯\n悟饭哥哥现在……
2588	trk	13	00002716	25	12	特兰克斯\n哈啊！
2589	trk	13	00002716	26	12	特兰克斯\n呀！
2590	trk	13	00002716	29	12	悟饭\n好……不错！\n特兰克斯！
2591	trk	13	00002716	30	12	悟饭\n进步很大啊，\n特兰克斯。\n再过不久就要超过我了。
2592	trk	13	00002716	33	12	特兰克斯\n悟饭哥哥，\n再陪我练一次吧！
2593	trk	13	00002716	36	12	悟饭\n好，可以。\n在那之前，我教你一招厉害的。
2594	trk	13	00002716	53	12	\n获得究极技\n“爆裂剑”！
2595	trk	13	00002716	54	12	\n特兰克斯（常态）体力变红时，\n将气力提升至150以上，\n面向侧方同时按下X键＋A键！
2596	trk	14	00002AFE	12	12	悟饭\n……嗯！？
2597	trk	14	00002AFE	22	12	特兰克斯\n人造人又来了吗！
2598	trk	14	00002AFE	25	12	悟饭\n可恶……绝不放过他们！
2599	trk	14	00002AFE	28	12	特兰克斯\n悟饭哥哥……我也去！
2600	trk	14	00002AFE	31	12	悟饭\n不行！要是连你也死了，\n就再也没有战士能保护地球。\n最后的希望也会……！
2601	trk	14	00002AFE	45	17	随后……悟饭死去了。\n特兰克斯继续修行，\n不断变得更强。
2602	trk	15	00002717	10	17	特兰克斯打倒了沙鲁，\n但时间机器的能量\n还需要一段时间才能充满。
2603	trk	15	00002717	16	12	悟饭\n特兰克斯……关于未来的我，\n可以告诉我一些吗？
2604	trk	15	00002717	19	12	特兰克斯\n悟饭哥哥是一位优秀的战士，\n既强大又温柔。\n是您教会我如何战斗。
2605	trk	15	00002717	22	12	悟饭\n这样啊……\n感觉真奇妙。\n像在听另一个人的故事。
2606	trk	15	00002717	25	12	特兰克斯\n而且……\n我还和悟饭哥哥一起研究过剑术。
2607	trk	15	00002717	28	12	悟饭\n现在的我个子还不够高，\n……做不到吧。
2608	trk	15	00002717	31	12	特兰克斯\n啊哈哈哈。\n您很快就会长大的。
2609	trk	15	00002717	35	12	布尔玛\n喂，特兰克斯！\n你准备在这里待到什么时候？
2610	trk	15	00002717	38	12	特兰克斯\n大概再待一周……\n嗯！？……那是什么！？
2611	trk	15	00002717	52	12	\n特兰克斯抬头望去，\n一艘巨大的宇宙飞船悬在空中。
2612	trk	15	00002717	53	12	\n从宇宙飞船中走出的，\n是弗利萨的哥哥古拉。
2613	trk	15	00002717	55	12	古拉\n赛亚人……是你杀了我弟弟弗利萨\n和父亲库尔德王吗！？
2614	trk	15	00002717	58	12	特兰克斯\n是又怎么样！？
2615	trk	15	00002717	61	12	古拉\n可恶的赛亚人，\n一个不留地消灭……
2616	trk	15	00002717	78	12	\n获得团队必杀技\n“双剑斩”！
2617	trk	15	00002717	79	12	\n让特兰克斯（常态）与悟饭（青年）组队，\n在气力达到200的状态下，\n触碰团队必杀技按钮！
2618	trk	16	00002AFF	12	12	悟饭\n成功了！\n特兰克斯……
2619	trk	16	00002AFF	15	12	特兰克斯\n是……\n多亏了悟饭哥哥。
2620	trk	16	00002AFF	29	17	古拉被打倒了。\n但特兰克斯心中\n仍残留些许不安。
2621	trk	17	00002718	11	17	返回未来之前，\n特兰克斯被布尔玛带到街上。
2622	trk	17	00002718	17	12	布尔玛\n难得我们是母子，\n至少得一起\n逛逛街嘛。
2623	trk	17	00002718	20	12	特兰克斯\n是……是。
2624	trk	17	00002718	23	12	布尔玛\n机会难得，也给你买些衣服。\n反正你回到未来后，\n也没有什么像样的衣服吧？
2625	trk	17	00002718	26	12	特兰克斯\n……嗯，算是吧。
2626	trk	17	00002718	36	12	\n就在这时，\n特兰克斯的视线捕捉到了18号。
2627	trk	17	00002718	38	12	特兰克斯\n妈妈……退后。
2628	trk	17	00002718	39	12	特兰克斯\n18号……\n想在街上战斗吗？
2629	trk	17	00002718	42	12	18号\n没有……\n我已经对战斗没什么兴趣了。
2630	trk	17	00002718	43	12	18号\n你要是想打，\n我也可以奉陪。
2631	trk	17	00002718	46	12	特兰克斯\n现在人太多……\n如果你没有战意，\n我也不会出手。
2632	trk	17	00002718	49	12	18号\n我倒也想这样……\n不过，你似乎有客人来了。
2633	trk	17	00002718	60	12	\n抬头望去，\n空中出现了无数古拉。
2634	trk	17	00002718	62	12	特兰克斯\n那些是……！？
2635	trk	17	00002718	67	12	金属古拉\n我借助比克高星的科技\n重新复活，成为金属古拉！\n我要消灭赛亚人！
2636	trk	17	00002718	70	12	18号\n卖衣服的地方被毁了也挺让人不爽……\n我来帮你。
2637	trk	18	00002B00	11	17	在18号的协助以及\n赶来的悟空等人合力之下，\n所有金属古拉都被消灭。
2638	trk	18	00002B00	17	12	特兰克斯\n……看来你们确实不同。\n和我那个时代的人造人不一样。
2639	trk	18	00002B00	20	12	18号\n我只会在想战斗时战斗。\n一年到头和人打架，\n我可受不了。
2640	trk	18	00002B00	34	17	就这样，特兰克斯返回了未来。
2641	trk	18	00002B00	35	17	对一直生活在战斗中的\n特兰克斯来说，\n在过去度过的时光弥足珍贵。
2642	trk	18	00002B00	38	12	特兰克斯\n过去的人造人确实不同。\n但在未来，我绝不会手下留情！\n我要替悟饭哥哥报仇！
2643	trk	19	00002719	12	17	悟饭打倒沙鲁后数日，\n特兰克斯开始准备\n返回未来……
2644	trk	19	00002719	18	12	贝吉塔\n……等等。
2645	trk	19	00002719	21	12	特兰克斯\n爸爸……
2646	trk	19	00002719	24	12	贝吉塔\n听说你已经突破赛亚人的界限。\n让我试试你的力量。
2647	trk	19	00002719	27	12	特兰克斯\n……好！
2648	trk	19	00002719	37	12	\n对贝吉塔来说，\n这场战斗是比言语更有力的告别。
2649	trk	19	00002719	38	12	\n……然而！
2650	trk	19	00002719	40	12	帕拉伽斯\n你就是贝吉塔王子吗！
2651	trk	19	00002719	43	12	贝吉塔\n什么人！
2652	trk	19	00002719	46	12	帕拉伽斯\n我是帕拉伽斯……\n你的父亲曾企图\n将我和布罗利一起杀死！
2653	trk	19	00002719	49	12	布罗利\n这份仇恨……就在这里清算！
2654	trk	19	00002719	53	12	特兰克斯\n爸爸！！
2655	trk	20	00002B01	14	14	布罗利\n呜咕啊啊啊啊！
2656	trk	20	00002B01	25	12	布罗利\n杀了你……杀掉！
2657	trk	20	00002B01	28	12	帕拉伽斯\n哈——哈哈哈哈！\n布罗利是无敌的！\n尝尝我们父子的仇恨吧！
2658	trk	21	00004E20	10	12	特兰克斯\n这下全部结束了。\n谢谢你们……\n悟空先生……
2659	trk	21	00004E20	16	17	一直生活在残酷未来的特兰克斯\n……以及布尔玛等人。
2660	trk	21	00004E20	17	17	真正的和平终于降临。\n只要特兰克斯还在，\n这份和平就一定会被守护下去……
2661	trk	22	00004E21	10	12	贝吉塔\n可……恶，真是个难缠的家伙！\n特兰克斯！
2662	trk	22	00004E21	13	12	特兰克斯\n好，爸爸！
2663	trk	22	00004E21	35	17	特兰克斯与贝吉塔\n将两人的力量合而为一。
2664	trk	22	00004E21	36	17	那股强大的能量\n贯穿了布罗利与帕拉伽斯。
2665	trk	22	00004E21	42	12	贝吉塔\n这样一来，就算回到未来\n也不会有问题……\n别死了。
2666	trk	22	00004E21	45	12	特兰克斯\n好……！
2667	trk	22	00004E21	65	12	\n获得团队必杀技\n“伽力克爆裂”！
2668	trk	22	00004E21	66	12	\n让超级赛亚人特兰克斯与超级赛亚人贝吉塔组队，\n在气力达到200的状态下，\n触碰团队必杀技按钮！
2669	tut	0	00002710	16	12	比克\n……嗯。\n气确实相当惊人……
2670	tut	0	00002710	17	12	比克\n不过，你的动作又如何？\n听好了，移动的基本是……
2671	tut	0	00002710	20	12	悟天克斯\n那种事我早就知道了。\n这是常识！
2672	tut	0	00002710	23	12	比克\n少废话，给我听着！
2673	tut	0	00002710	24	12	比克\n移动的基本操作是十字键！
2674	tut	0	00002710	25	12	比克\n按一下便会向对应方向移动。\n连续按两下，\n就会向该方向冲刺。
2675	tut	0	00002710	28	12	悟天克斯\n都说我知道了啦……
2676	tut	0	00002710	31	12	比克\n既然如此，就赶快做！
2677	tut	0	00002710	43	13	分别完成1次普通移动和\n冲刺移动！
2678	tut	1	00002AF8	9	12	悟天克斯\n哼哼哼……
2679	tut	1	00002AF8	10	12	悟天克斯\n光看刚才的移动，\n你就已经明白我的实力了吧？
2680	tut	1	00002AF8	13	12	比克\n蠢货！
2681	tut	1	00002AF8	14	12	比克\n移动可不只有\n刚才那些！
2682	tut	1	00002AF8	17	12	悟天克斯\n那就把其他的也一起教了吧！
2683	tut	1	00002AF8	20	12	比克\n哼……\n等你有所长进后再教你。\n现在还有别的东西要学。
2684	tut	2	00002711	9	12	比克\n好了，接下来是攻击。
2685	tut	2	00002711	12	12	悟天克斯\n这次就交给我吧！
2686	tut	2	00002711	13	12	悟天克斯\nY键是轻攻击，\nX键是重攻击，对吧？
2687	tut	2	00002711	16	12	比克\n看来你多少还是懂一点。\n好，试着攻击我！
2688	tut	2	00002711	28	13	分别成功使出3次轻攻击和重攻击！
2689	tut	3	00002AF9	10	12	悟天克斯\n嘿嘿～\n轻轻松松！
2690	tut	3	00002AF9	13	12	比克\n唔……力量倒是不俗。\n不过，攻击可不只是\n胡乱连按按键。
2691	tut	3	00002AF9	14	12	比克\n在冲刺中发动攻击，\n便是冲刺攻击。
2692	tut	3	00002AF9	15	12	比克\n在后撤冲刺中发动攻击，\n便会使出佯攻。\n你明白了吧！
2693	tut	3	00002AF9	20	12	悟天克斯\n欸……？
2694	tut	3	00002AF9	23	12	悟天克斯\n…………
2695	tut	3	00002AF9	26	12	悟天克斯\n嘿嘿嘿……\n当、当然知道啦！！
2696	tut	4	00002712	10	12	比克\n接下来是防御！
2697	tut	4	00002712	13	12	悟天克斯\n欸——！？
2698	tut	4	00002712	16	12	比克\n怎么，你有意见吗？
2699	tut	4	00002712	19	12	悟天克斯\n可是，防御听起来\n就感觉很弱嘛。
2700	tut	4	00002712	22	12	比克\n蠢货！\n防御十分重要！\n一次防御就足以改变战局！
2701	tut	4	00002712	23	12	比克\n按住B键即可防御。\n试试看！
2702	tut	4	00002712	26	12	悟天克斯\n唔叽叽叽叽叽！！
2703	tut	4	00002712	29	12	比克\n不过，在防御状态下不断受到攻击，\n量表就会累积，\n最终发生防御崩溃。
2704	tut	4	00002712	32	12	悟天克斯\n防御崩溃时无法行动，\n会让对手有机可乘，\n所以要小心，对吧？
2705	tut	4	00002712	33	12	悟天克斯\n这种事可是常识！
2706	tut	4	00002712	36	12	比克\n……你们这两个臭小鬼！
2707	tut	4	00002712	48	13	成功防御3次攻击！
2708	tut	5	00002AFA	9	12	比克\n怎么样？\n现在明白防御有多重要了吧？
2709	tut	5	00002AFA	12	12	悟天克斯\n痛痛痛……\n太过分了，比克叔叔。\n一点都不手下留情……
2710	tut	5	00002AFA	15	12	比克\n哼。\n这就说明防御有多么重要！
2711	tut	6	00002713	11	12	雅木茶\n哟！\n怎么样，小鬼们？
2712	tut	6	00002713	14	12	比克\n不对！！ 再来一次！
2713	tut	6	00002713	21	12	天津饭\n看来前路多艰啊……
2714	tut	6	00002713	24	12	比克\n还要我说多少遍！！\n嗯？来得正好。
2715	tut	6	00002713	27	12	雅木茶\n怎么了？\n有什么需要帮忙的吗？
2716	tut	6	00002713	30	12	比克\n我要教他们支援的作用。\n你们来帮忙。
2717	tut	6	00002713	33	12	天津饭\n……好吧。
2718	tut	6	00002713	36	12	悟天克斯\n喂喂，什么是支援？
2719	tut	6	00002713	39	12	比克\n支援攻击是\n队伍中有支援角色时\n才能使用的行动。
2720	tut	6	00002713	40	12	比克\n在下方画面的触摸屏上，\n触碰支援角色，\n即可发动支援攻击。
2721	tut	6	00002713	41	12	比克\n每名角色的使用次数有限，\n注意这一点，试试看！
2722	tut	6	00002713	53	13	通过触摸屏\n发动支援攻击！
2723	tut	7	00002AFB	14	12	雅木茶\n喝呀！！
2724	tut	7	00002AFB	17	12	雅木茶\n看招！！
2725	tut	7	00002AFB	20	12	雅木茶\n狼牙风风拳！！
2726	tut	7	00002AFB	45	12	天津饭\n雅、雅木茶……\n喂、喂！
2727	tut	7	00002AFB	48	12	雅木茶\n少、少啰嗦！\n这可是我最大的表现机会！！
2728	tut	7	00002AFB	51	12	比克\n…………
2729	tut	8	00002714	15	12	悟天克斯\n喂，比克叔叔。\n就算是我也累了啦。
2730	tut	8	00002714	18	12	比克\n你以为现在有空休息吗！\n不知道魔人布欧\n什么时候就会出现！
2731	tut	8	00002714	23	12	琪琪\n比克！\n你摆什么威风啊！！
2732	tut	8	00002714	26	12	比克\n摆、摆威风……？
2733	tut	8	00002714	29	12	布尔玛\n就是啊！你以为自己是谁！
2734	tut	8	00002714	33	12	琪琪\n他们两个还只是孩子！
2735	tut	8	00002714	42	12	布尔玛\n多少让他们休息一下！
2736	tut	8	00002714	45	12	比克\n呃……唔……
2737	tut	8	00002714	48	12	克林\n好、好了……\n布尔玛、琪琪……
2738	tut	8	00002714	51	12	布尔玛\n怎么了，克林！\n你有意见吗？\n你也给我努力一点！
2739	tut	8	00002714	62	12	克林\n欸！？怎么扯到我了……\n算、算了。\n好，悟天克斯！
2740	tut	8	00002714	63	12	克林\n在触摸屏上触碰我！\n这样就能交替，\n你可以趁机休息！
2741	tut	8	00002714	66	12	比克\n嗯……没错。不过休息后，\n我可要加倍严格训练……
2742	tut	8	00002714	78	13	通过触摸屏完成交替！
2743	tut	9	00002AFC	12	12	比克\n交替会消耗气力。\n要在气力还有余量时使用。
2744	tut	9	00002AFC	13	12	比克\n……嗯？
2745	tut	9	00002AFC	15	12	悟天克斯\n呼～～～～……
2746	tut	9	00002AFC	17	12	比克\n别、别睡！\n你们这两个臭小鬼！！
2747	tut	10	00002715	10	12	比克\n好了，接下来\n教你如何运用气。
2748	tut	10	00002715	13	12	悟天克斯\n这种事轻轻松松！
2749	tut	10	00002715	26	12	比克\n神……神殿！！\n你、你们这两个大蠢货——！！
2750	tut	10	00002715	27	12	比克\n听好了！你们根本不做打算，\n就胡乱消耗气力！\n关键时刻筋疲力尽，我可不管！
2751	tut	10	00002715	28	12	比克\n气力会在各种场合使用。\n多积攒一些没有坏处！
2752	tut	10	00002715	31	12	悟天克斯\n知道啦，知道啦～\n按住R键，\n就能积蓄气力吧？
2753	tut	10	00002715	34	12	比克\n既然如此，就赶快做！
2754	tut	10	00002715	46	13	按住R键，\n将气力积蓄至200！
2755	tut	11	00002AFD	9	12	比克\n听好，我刚才也说过，\n气力会在\n各种场合使用。
2756	tut	11	00002AFD	10	12	比克\n轻攻击和重攻击命中时，\n也会逐渐积蓄气力。\n给我牢牢记住！！
2757	tut	11	00002AFD	11	12	比克\n听明白了吗！！
2758	tut	11	00002AFD	14	12	悟天克斯\n不就是弄坏了神殿嘛，\n也不用生那么大的气……
2759	tut	12	00002716	11	12	悟饭\n练得怎么样！\n悟天、特兰克斯！
2760	tut	12	00002716	14	12	悟天\n啊，哥哥！！
2761	tut	12	00002716	17	12	特兰克斯\n咦？\n悟饭哥哥，你怎么来了？
2762	tut	12	00002716	20	12	悟饭\n我听说你们正在\n接受比克叔叔的训练。
2763	tut	12	00002716	23	12	悟天\n哥哥！！\n你知道怎么飞得更快吗？
2764	tut	12	00002716	26	12	悟饭\n嗯？\n怎么，他还没教你们吗？
2765	tut	12	00002716	30	12	特兰克斯\n才不是呢。\n是他不肯教我们啦。
2766	tut	12	00002716	31	12	特兰克斯\n比克叔叔一定是\n嫉妒我们太强，\n才故意刁难我们！
2767	tut	12	00002716	34	12	悟饭\n比克叔叔这么做，\n应该有他的考虑……\n不过，算了。
2768	tut	12	00002716	35	12	悟饭\n你们已经会运用气，\n也会冲刺了吧？
2769	tut	12	00002716	40	12	悟天\n嗯！
2770	tut	12	00002716	43	12	悟饭\n那么，知道什么是\n追踪冲刺吗？
2771	tut	12	00002716	46	12	悟天\n不知道。
2772	tut	12	00002716	49	12	悟饭\n移动时按下R键，\n就能让身体缠绕气并高速移动。\n这就是追踪冲刺。
2773	tut	12	00002716	50	12	悟饭\n它会朝敌人的方向飞去，\n能在转眼间\n拉近与对手的距离。
2774	tut	12	00002716	62	13	成功使出追踪冲刺！
2775	tut	13	00002AFE	9	12	悟天克斯\n太好啦！\n不愧是我！
2776	tut	13	00002AFE	12	12	悟饭\n确实很厉害啊……
2777	tut	13	00002AFE	13	12	悟饭\n对了，追踪冲刺时\n也可以稍微用十字键\n调整方向……
2778	tut	13	00002AFE	16	12	悟天克斯\n嘿嘿，这种事\n我在途中\n就自己发现了。
2779	tut	13	00002AFE	19	12	悟饭\n…………
2780	tut	13	00002AFE	20	12	悟饭\n看来比克叔叔\n也挺辛苦的……
2781	tut	14	00002717	12	12	贝吉塔\n好，接下来教你们发射气弹。
2782	tut	14	00002717	15	12	悟天克斯\n好——
2783	tut	14	00002717	18	12	贝吉塔\n按A键发射弱气弹；\n按住R键再按A键，\n则会发射特殊气弹。知道吧？
2784	tut	14	00002717	21	12	悟天克斯\n当——然！
2785	tut	14	00002717	26	12	贝吉塔\n哼……\n那就用实战来证明吧。
2786	tut	14	00002717	29	12	贝吉塔\n接招！！
2787	tut	14	00002717	32	12	悟天克斯\n欸——！？
2788	tut	14	00002717	44	13	分别发射3次\n弱气弹和特殊气弹！
2789	tut	15	00002AFF	10	12	贝吉塔\n别得意忘形！\n你们这两个臭小鬼！！！
2790	tut	15	00002AFF	31	12	悟天克斯\n咿、咿呀呀～
2791	tut	15	00002AFF	34	12	贝吉塔\n哈……哈……\n呼……
2792	tut	15	00002AFF	35	12	贝吉塔\n得意忘形地胡乱发射气弹，\n气力转眼就会耗尽。\n等耗尽后再后悔就迟了！
2793	tut	15	00002AFF	38	12	悟天克斯\n好、好——……
2794	tut	16	00002718	11	12	克林\n好！\n这次由我来教你！
2795	tut	16	00002718	14	12	悟天克斯\n欸——让克林来教，\n真的没问题吗？
2796	tut	16	00002718	17	12	克林\n你、你说什么！\n说到防御，\n我可是公认的行家！
2797	tut	16	00002718	20	12	18号\n这又不是什么值得炫耀的事……
2798	tut	16	00002718	23	12	克林\n…………
2799	tut	16	00002718	24	12	克林\n总、总之，我来教你\n最强的防御手段——防护罩防御！
2800	tut	16	00002718	27	12	悟天克斯\n我知道啦。\n按住R键再按B键，\n就能张开防护罩吧？
2801	tut	16	00002718	30	12	克林\n欸……啊、对。
2802	tut	16	00002718	33	12	悟天克斯\n而且大多数攻击\n都能挡下来，对吧？
2803	tut	16	00002718	36	12	克林\n你、你已经知道了啊……\n但、但可不只有这些！\n它还有其他效果！
2804	tut	16	00002718	39	12	悟天克斯\n什么什么？\n快告诉我～
2805	tut	16	00002718	42	12	克林\n好！我用实战教你！\n试着用防护罩防御\n挡下我的攻击。
2806	tut	16	00002718	54	13	用防护罩防御挡下攻击！
2807	tut	17	00002B00	11	12	悟天克斯\n完全没搞懂！
2808	tut	17	00002B00	14	12	克林\n啧啧啧……听好了。\n发动防护罩防御时，\n也会消耗气力。
2809	tut	17	00002B00	15	12	克林\n而且发动期间，气力还会逐渐减少。
2810	tut	17	00002B00	16	12	克林\n不过，防护罩本身也有攻击力，\n还可以对对手\n造成伤害。
2811	tut	17	00002B00	19	12	悟天克斯\n……这个我也知道。
2812	tut	17	00002B00	22	12	克林\n啊，是、是吗……
2813	tut	18	00002719	12	12	悟空\n哟！
2814	tut	18	00002719	15	12	悟天\n咦？爸爸！\n你怎么会在这里？
2815	tut	18	00002719	18	12	悟空\n我有点担心\n你们这些小家伙，\n就偷偷飞过来看看。
2816	tut	18	00002719	22	12	特兰克斯\n嘿嘿～\n融合已经完全没问题了！
2817	tut	18	00002719	25	12	悟空\n真的吗？\n真厉害！做给我看看吧！
2818	tut	18	00002719	28	12	特兰克斯\n嘿嘿～来吧，悟天！！\n融——……
2819	tut	18	00002719	31	12	悟空\n咦？为什么不在超级赛亚人的状态下\n进行融合呢？
2820	tut	18	00002719	34	12	悟天克斯\n嘿嘿～
2821	tut	18	00002719	35	12	悟天克斯\n就算是现在这个状态，\n只要气力足够，按L键也能变身！
2822	tut	18	00002719	38	12	悟空\n哇哦！\n原来还可以这样啊～
2823	tut	18	00002719	50	13	按下L键，变身为超级赛亚人！
2824	tut	19	00002B01	9	12	悟空\n哦～真了不起！
2825	tut	19	00002B01	12	12	悟天克斯\n对吧～？\n接下来就全交给我吧！
2826	tut	19	00002B01	15	12	悟空\n好！就这么办！！
2827	tut	20	0000271A	11	12	贝吉塔\n……哼。\n听说比克在指导你们修行，\n我才过来看看……
2828	tut	20	0000271A	12	12	贝吉塔\n喂，你们！\n只练了打击攻击吗？
2829	tut	20	0000271A	17	12	特兰克斯\n啊！爸爸！！
2830	tut	20	0000271A	18	12	特兰克斯\n那、那个……\n爸爸也能教我们一些东西吗……
2831	tut	20	0000271A	21	12	特兰克斯\n不、不行吗……？
2832	tut	20	0000271A	24	12	贝吉塔\n也好。
2833	tut	20	0000271A	28	12	贝吉塔\n听好了，你们……\n攻击的基本可不只有打击。
2834	tut	20	0000271A	29	12	贝吉塔\n接近对手时，\n同时按下Y键和B键……
2835	tut	20	0000271A	30	12	贝吉塔\n即使对手正在防御，\n也能无视防御发动攻击。\n这就是投技。
2836	tut	20	0000271A	31	12	贝吉塔\n我来当你们的对手。\n试试看！
2837	tut	20	0000271A	34	12	特兰克斯\n喂，悟天！\n让爸爸看看我们的力量！
2838	tut	20	0000271A	46	13	成功使出投技！
2839	tut	21	00002B02	11	12	贝吉塔\n……唔！\n没想到你们已有这等实力……
2840	tut	21	00002B02	16	12	悟天克斯\n怎、怎么样……
2841	tut	21	00002B02	21	12	贝吉塔\n好，就保持这个势头，\n由我把攻击的精髓教给你们！
2842	tut	22	0000271B	10	12	贝吉塔\n利用对手的气弹，\n在战斗中同样十分重要。
2843	tut	22	0000271B	13	12	悟天克斯\n利用气弹？
2844	tut	22	0000271B	16	12	贝吉塔\n没错……接招！
2845	tut	22	0000271B	28	12	悟天克斯\n痛痛痛痛……
2846	tut	22	0000271B	29	12	悟天克斯\n怎、怎么突然就动手啦……
2847	tut	22	0000271B	32	12	贝吉塔\n啧……连气弹\n都不会弹回去吗？
2848	tut	22	0000271B	33	12	贝吉塔\n把握时机按下X键攻击敌人的气弹，\n就能将其弹回。\n试试看！
2849	tut	22	0000271B	45	13	将气弹弹回！
2850	tut	23	00002B03	9	12	悟天克斯\n呼……呼……
2851	tut	23	00002B03	12	12	贝吉塔\n怎么了！还没结束呢！
2852	tut	23	00002B03	15	12	悟天克斯\n等、等等！\n融、融合快要解除了……\n今天就到这里吧？
2853	tut	23	00002B03	18	12	贝吉塔\n什么？少说这种软弱的话！
2854	tut	23	00002B03	21	12	悟天克斯\n那、那么！\n就这样吧……！
2855	tut	24	0000271C	9	12	悟天克斯\n比克叔叔、比克叔叔！！
2856	tut	24	0000271C	12	12	比克\n怎么了……？
2857	tut	24	0000271C	15	12	悟天克斯\n我有好多\n超帅的必杀技！\n你能看看吗？
2858	tut	24	0000271C	18	12	比克\n哦……必杀技吗。
2859	tut	24	0000271C	19	12	比克\n在那之前，\n你已经掌握气的运用方法了吧？
2860	tut	24	0000271C	20	12	比克\n要发动必杀技，\n气力必须达到50%以上……
2861	tut	24	0000271C	23	12	悟天克斯\n然后同时按X键和A键，\n就能发动必杀技吧？\n交给我！
2862	tut	24	0000271C	26	12	比克\n别忘了，招式会根据\n你和敌人的位置而发生变化。\n试试看！
2863	tut	24	0000271C	29	12	悟天克斯\n好！
2864	tut	24	0000271C	41	13	发动3次必杀技！
2865	tut	25	00002B04	9	12	比克\n……不摆出那种姿势，\n也不大喊大叫，\n你就不能发动必杀技吗……？
2866	tut	25	00002B04	12	12	悟天克斯\n当然能啦……\n可是不那么做就不够帅！
2867	tut	25	00002B04	15	12	比克\n……
2868	tut	25	00002B04	16	12	比克\n……再告诉你一件事。\n体力降至30%以下时，\n在自己擅长的位置发动必杀技。
2869	tut	25	00002B04	17	12	比克\n届时便能使出前所未有的\n强力必杀技……\n也就是究极必杀技。
2870	tut	25	00002B04	18	12	比克\n不过，每场战斗中\n只能发动1次。
2871	tut	25	00002B04	21	12	悟天克斯\n哦～原来如此。\n不过就算不用那种招式，\n本大爷也是无敌的～！
2872	tut	26	0000271D	9	12	悟天克斯\n比克叔叔！
2873	tut	26	0000271D	12	12	比克\n怎么了，悟天克……
2874	tut	26	0000271D	15	12	悟天克斯\n喝啊！！
2875	tut	26	0000271D	26	12	比克\n你、你突然干什么！
2876	tut	26	0000271D	29	12	悟天克斯\n别躲开啦。\n我正在练习\n必杀技对轰。
2877	tut	26	0000271D	30	12	悟天克斯\n我发动必杀技后，\n比克叔叔也对准它\n发动必杀技吧！
2878	tut	26	0000271D	33	12	比克\n哼……\n必杀技对轰时要连按按键，\n你以为自己赢得过我吗！
2879	tut	26	0000271D	45	13	让必杀技相互碰撞，\n连续按键赢得对轰！
2880	tut	27	00002B05	9	12	悟天克斯\n哈……哈……
2881	tut	27	00002B05	12	12	比克\n啧……少得意忘形！
2882	tut	27	00002B05	15	12	悟天克斯\n对、对不起……
2883	tut	28	0000271E	11	12	比克\n好，最后一项训练！
2884	tut	28	0000271E	14	12	悟天克斯\n好——
2885	tut	28	0000271E	17	12	比克\n无论你们有多强，独自战斗时\n也可能陷入苦战。\n这时就要用团队必杀技！
2886	tut	28	0000271E	18	12	比克\n在两人都有足够体力时，\n将气力提升至200，\n再触碰团队必杀技按钮！
2887	tut	28	0000271E	19	12	比克\n顺利的话，\n两人就会同时发动团队必杀技！
2888	tut	28	0000271E	22	12	悟天克斯\n原来如此……\n学到好东西了～！
2889	tut	28	0000271E	25	12	比克\n好，和我组队试试看。\n克林，你来当对手。
2890	tut	28	0000271E	28	12	克林\n欸！？……又是我！！\n我、我不会死吧？
2891	tut	28	0000271E	31	12	悟天克斯\n好——我要大显身手了！！
2892	tut	28	0000271E	32	12	悟天克斯\n哈啊啊啊啊啊……！！！！！！
2893	tut	28	0000271E	53	12	悟天克斯\n耶——！！
2894	tut	28	0000271E	56	12	克林\n等、等一下！\n那可是超级赛亚人3吧……
2895	tut	28	0000271E	68	13	发动团队必杀技！
2896	tut	29	00002B06	10	12	比克\n好……合格！
2897	tut	29	00002B06	13	12	克林\n我、我还以为自己死定了～
2898	tut	29	00002B06	16	12	悟天克斯\n啊哈、啊哈哈哈哈……
2899	tut	29	00002B06	20	12	比克\n听好，这招只有在你处于\n超级赛亚人3状态，\n并与我组队时才能使用。
2900	tut	29	00002B06	21	12	比克\n不过，能够发动团队必杀技的\n组合还有很多。\n你们自己试试看。
2901	tut	29	00002B06	24	12	悟天克斯\n好——
2902	tut	30	00004E20	7	12	比克\n好……总之，\n基本动作你们已经全部学会了！
2903	tut	30	00004E20	10	12	悟天克斯\n哒——哈哈哈哈～！\n我强得连自己都害怕～！
2904	tut	30	00004E20	13	12	比克\n别、别得意忘形——！\n你们这两个臭小鬼！！！
2905	tut	30	00004E20	27	17	悟天和特兰克斯的修行\n还将继续下去……
2906	veg	0	00002710	8	17	为了寻找龙珠，\n贝吉塔来到了地球。
2907	veg	0	00002710	9	17	不过，贝吉塔\n还有另一个目的……\n那就是消灭悟空。
2908	veg	0	00002710	17	12	贝吉塔\n这里就是地球吗……\n只要得到所谓的龙珠，\n我就能获得永恒的生命。
2909	veg	0	00002710	20	12	悟空\n我不会让你得逞！
2910	veg	0	00002710	25	12	贝吉塔\n哼哼哼……你该感到荣幸。\n像你这种下级战士，\n竟能由超级精英陪你玩……
2911	veg	0	00002710	28	12	悟空\n就算是下级战士，只要拼命努力，\n说不定也能超越精英。
2912	veg	0	00002710	31	12	贝吉塔\n那我就让你见识一下，\n什么叫无法逾越的高墙！
2913	veg	1	00002AF8	11	12	贝吉塔\n哈、哈、哈……\n竟敢让我费这么大功夫……
2914	veg	1	00002AF8	14	12	悟空\n全……全身像散架了一样，\n动不了了……
2915	veg	1	00002AF8	17	12	贝吉塔\n现在就让你解脱……！
2916	veg	1	00002AF8	21	12	弥次郎兵卫\n呜……呜哇啊啊——！
2917	veg	1	00002AF8	30	12	贝吉塔\n你、你们这些家伙！\n身为赛亚人王子的我，\n竟然被区区地球人……！
2918	veg	1	00002AF8	31	12	贝吉塔\n给我牢牢记住……\n下次可不会再有奇迹救你们……！
2919	veg	1	00002AF8	37	17	乘宇宙船逃走的贝吉塔，\n为了寻找第二批龙珠，\n前往了那美克星。
2920	veg	2	00002711	8	17	抵达那美克星后，贝吉塔一边\n与弗利萨一伙交战，\n一边收集龙珠。
2921	veg	2	00002711	9	17	弗利萨因贝吉塔的行动而恼怒，\n将基纽特战队召到了那美克星。
2922	veg	2	00002711	10	17	阴差阳错与悟饭等人会合后，\n贝吉塔遭到了\n基纽特战队的袭击。
2923	veg	2	00002711	11	17	悟空及时赶到，\n却中了基纽的身体互换，\n身体被夺走了。
2924	veg	2	00002711	17	12	悟空\n那家伙是基纽！\n凭现在的你们不会输！\n把他打飞！
2925	veg	2	00002711	20	12	基纽\n这可是你原来的身体。\n战斗力超过18万！\n你们不可能获胜。
2926	veg	2	00002711	23	12	贝吉塔\n我已经超越极限，变得更强。\n距离那个境界越来越近了……\n超级赛亚人！
2927	veg	3	00002AF9	10	12	基纽\n我、我竟然会输！？\n这副身体应该能发挥\n超过18万的力量才对……！！！
2928	veg	3	00002AF9	13	12	贝吉塔\n结束了！
2929	veg	3	00002AF9	26	12	基纽\n呜嘎！
2930	veg	3	00002AF9	41	12	基纽\n嘎噗！
2931	veg	3	00002AF9	42	12	基纽\n可、可恶……\n这副身体已经伤得太重了。\n贝吉塔的身体归我了！
2932	veg	3	00002AF9	46	14	基纽\n互——换！
2933	veg	3	00002AF9	61	12	悟空\n好机会！！\n我能回到自己的身体了！
2934	veg	3	00002AF9	67	17	在贝吉塔的帮助下，\n悟空夺回了自己的身体。
2935	veg	3	00002AF9	68	17	然而，在等待负伤的悟空\n恢复期间，弗利萨的魔爪\n也在逐渐逼近。
2936	veg	3	00002AF9	75	12	\n新增角色\n“基纽”！\n可在角色选择中使用！
2937	veg	4	00002712	8	17	在悟空的奋战下，弗利萨被打倒。\n但他改造成机械身体后，\n又向地球发动了袭击。
2938	veg	4	00002712	9	17	一击打倒弗利萨的，\n是自称来自未来的\n神秘少年——特兰克斯。
2939	veg	4	00002712	10	17	特兰克斯告知众人，\n未来将会发生人造人危机。
2940	veg	4	00002712	11	17	三年后，\n正如特兰克斯预告的那样，\n人造人出现了。
2941	veg	4	00002712	17	12	17号\n看来和资料不太一样。
2942	veg	4	00002712	20	12	贝吉塔\n呵呵呵呵……\n我已经觉醒为超级赛亚人，\n就让你们见识一下我的恐怖！
2943	veg	4	00002712	24	12	18号\n我来。
2944	veg	4	00002712	27	12	贝吉塔\n先说清楚……\n就算你是女人，\n我也不会手下留情！
2945	veg	5	00002AFA	11	12	贝吉塔\n啧……\n这种机械人偶，\n根本看不出攻击是否奏效……
2946	veg	5	00002AFA	14	12	18号\n我也完全没有\n拿出真本事。\n明白吗？
2947	veg	5	00002AFA	17	12	贝吉塔\n那就别客气。\n你会后悔的。
2948	veg	5	00002AFA	20	12	18号\n那我就照做。
2949	veg	5	00002AFA	39	17	拿出真本事的18号\n将贝吉塔彻底击溃。
2950	veg	5	00002AFA	40	17	为了变得更强，\n贝吉塔日夜埋头修行。
2951	veg	5	00002AFA	47	12	\n新增角色\n“超级赛亚人贝吉塔”！\n可在角色选择中使用！
2952	veg	6	00002EE2	4	17	经过激战，贝吉塔击败18号，\n又打倒了17号。
2953	veg	6	00002EE2	5	17	在贝吉塔的努力下，\n地球重归和平……
2954	veg	6	00002EE2	12	12	\n新增角色\n“超级赛亚人贝吉塔”！\n可在角色选择中使用！
2955	veg	7	00002713	7	17	在人造人之战中出现的新敌人沙鲁，\n吸收17号后获得了\n无人能够抗衡的力量。
2956	veg	7	00002713	8	17	另一方面，贝吉塔在\n精神与时间之屋完成修行，\n力量获得了惊人的提升。
2957	veg	7	00002713	14	12	沙鲁\n你该不会是特地跑来开玩笑，\n说要打倒我的吧？
2958	veg	7	00002713	17	12	贝吉塔\n我不是来打倒你的……\n而是要把你轰得粉身碎骨，\n连痕迹都不剩……！
2959	veg	7	00002713	18	12	贝吉塔\n就用我的新必杀技结果你吧……\n还是说，你想要一个\n求饶的机会？
2960	veg	7	00002713	35	12	\n获得究极技\n“大爆炸爆裂”！
2961	veg	7	00002713	36	12	\n超级赛亚人贝吉塔的体力变为红色时，\n将气力提升至150以上，\n在敌人下方按X键＋A键！
2962	veg	8	00002AFB	13	12	沙鲁\n可……可恶啊啊啊啊！\n只要……只要能\n成为完全体……！
2963	veg	8	00002AFB	16	12	贝吉塔\n……滚吧！\n打倒现在这副可怜模样的你，\n也没什么值得炫耀的。
2964	veg	8	00002AFB	27	12	\n贝吉塔放走了沙鲁。\n逃走的沙鲁吸收18号，\n最终变成了完全体……
2965	veg	8	00002AFB	49	12	贝吉塔\n就算成为完全体，\n看起来也没什么了不起。
2966	veg	8	00002AFB	55	17	贝吉塔向完全体沙鲁发起挑战。\n然而，完全体的力量\n远远超出了他的想象。
2967	veg	8	00002AFB	61	12	贝吉塔\n接招啊啊啊啊！\n大爆炸……爆裂！
2968	veg	8	00002AFB	70	17	贝吉塔使出的全力一击\n仍然对沙鲁无效，最终败北。
2969	veg	9	00002EE3	10	12	沙鲁\n咕、咕哇啊啊啊啊啊！
2970	veg	9	00002EE3	13	12	贝吉塔\n啧……这就是沙鲁吗！\n究竟是这家伙太弱，\n还是我变得太强了……
2971	veg	9	00002EE3	14	12	贝吉塔\n不过，有一点可以确定。\n现在全宇宙最强的人，\n就是我！
2972	veg	9	00002EE3	15	12	贝吉塔\n呵呵呵呵……
2973	veg	9	00002EE3	16	12	贝吉塔\n哈——哈哈哈哈哈！
2974	veg	10	00002714	8	17	沙鲁被打倒后，地球重归和平，\n久违的天下第一武道会\n即将举行。
2975	veg	10	00002714	9	17	生活在地球的贝吉塔听说\n在与沙鲁一战中死去的悟空\n也会参赛，便决定参加。
2976	veg	10	00002714	10	17	然而，魔导师巴比迪出现在武道会，\n为了复活魔人布欧，\n夺走了悟饭强大的气力。
2977	veg	10	00002714	11	17	巴比迪还需要更强的气，\n于是企图操纵心中仍残留邪念的\n贝吉塔……
2978	veg	10	00002714	17	12	巴比迪\n来吧！拥有邪恶之心的\n强～大战士！
2979	veg	10	00002714	34	12	贝吉塔\n…………
2980	veg	10	00002714	37	12	悟空\n贝吉塔！你怎么会……！
2981	veg	10	00002714	40	12	贝吉塔\n和我决一胜负，卡卡罗特……\n除非你想让尸体\n堆得更高。
2982	veg	10	00002714	57	12	\n获得特殊能力\n“打倒卡卡罗特！”
2983	veg	10	00002714	58	12	\n使用魔人贝吉塔时，\n若对手队伍中有悟空，\n将气力提升至150以上并按下L键！
2984	veg	11	00002AFC	10	12	悟空\n贝吉塔！住手！\n有一股巨大的气出现了！\n魔人布欧……已经复活了！
2985	veg	11	00002AFC	13	12	贝吉塔\n啧……决斗暂且延期。\n你一直惦记魔人布欧，\n根本无法专心。
2986	veg	11	00002AFC	27	17	贝吉塔前去消灭魔人布欧。\n然而魔人布欧的力量过于强大，\n贝吉塔毫无还手之力。
2987	veg	11	00002AFC	33	12	贝吉塔\n最终爆炸！！
2988	veg	11	00002AFC	42	17	以生命为代价释放的一击\n依然没能消灭魔人布欧……\n贝吉塔就此停止了呼吸。
2989	veg	11	00002AFC	49	12	\n获得究极技\n“最终爆炸”\n！
2990	veg	11	00002AFC	50	12	\n魔人贝吉塔的体力变为红色时，\n将气力提升至150以上，\n在敌人上方按X键＋A键！
2991	veg	11	00002AFC	60	12	\n新增角色\n“巴比迪”！\n可在角色选择中使用！
2992	veg	12	00002715	9	17	此时的地球上，魔人布欧化身邪恶，\n与悟饭、悟天克斯等人\n展开了激战。
2993	veg	12	00002715	10	17	贝吉塔得以复活一天，\n与接受老界王神生命而复活的悟空\n一同迎战魔人布欧。
2994	veg	12	00002715	11	17	激战中，地球遭到毁灭。\n悟空使用瞬间移动，\n将战场转移到界王神界。
2995	veg	12	00002715	12	17	然而，即使两人联手也无法取胜。\n贝吉塔大声让悟空\n制造元气弹！
2996	veg	12	00002715	18	12	贝吉塔\n卡卡罗特！\n我会想办法\n尽量争取时间！
2997	veg	12	00002715	19	12	贝吉塔\n接下来由你去说服\n地球上那些蠢货！
2998	veg	12	00002715	22	12	悟空\n你才刚刚复活，\n气还没有完全恢复……\n连超级赛亚人都变不了吧！？
2999	veg	12	00002715	25	12	撒旦先生\n嘎哈哈哈……！\n交给我吧！\n还有我在！
3000	veg	12	00002715	36	12	魔人布欧\n保护撒旦……！\n……战斗！
3001	veg	13	00002AFD	11	12	魔人布欧\n……麻烦了。\n好像打不过……
3002	veg	13	00002AFD	14	12	贝吉塔\n好快、好重的攻击……！\n卡卡罗特一直在和\n这种家伙战斗吗……！
3003	veg	13	00002AFD	15	12	贝吉塔\n呜哦哦哦哦！\n伽力克烈焰！
3004	veg	13	00002AFD	32	12	贝吉塔\n啧……这招也没用！\n我一直为了乐趣……\n为了自尊而战。
3005	veg	13	00002AFD	33	12	贝吉塔\n但卡卡罗特不同。\n他为了不输，不断突破极限\n坚持战斗……
3006	veg	13	00002AFD	34	12	贝吉塔\n这就是我和他的差别吗……！
3007	veg	13	00002AFD	35	12	贝吉塔\n还没好吗，卡卡罗特！
3008	veg	14	00002716	8	17	贝吉塔打倒了人造人。\n布尔玛利用人造人的残骸，\n制造了停止装置。
3009	veg	14	00002716	9	17	特兰克斯带着装置\n返回了未来。\n为了让未来重归和平……
3010	veg	14	00002716	10	17	然而……
3011	veg	14	00002716	16	12	特兰克斯\n贝吉塔……
3012	veg	14	00002716	19	12	贝吉塔\n又是你……这次怎么了？\n又遇到麻烦，跑来哭着求我吗？
3013	veg	14	00002716	22	12	特兰克斯\n又遇到麻烦……？
3014	veg	14	00002716	23	12	特兰克斯\n你在说什么！\n我还是第一次见到你！\n我……是来打倒你的！
3015	veg	14	00002716	26	12	贝吉塔\n什么……这是什么意思？
3016	veg	15	00002AFE	10	12	特兰克斯\n哈……哈……\n不愧是传说中的破坏者……\n先暂时撤退！
3017	veg	15	00002AFE	16	12	贝吉塔\n喂，站住！\n你从刚才开始到底在说什么！\n给我解释清楚！
3018	veg	15	00002AFE	17	12	贝吉塔\n啧……到底\n是怎么回事……
3019	veg	15	00002AFE	23	12	悟空\n哟，贝吉塔。\n我感觉到一股很强的气才赶过来……\n刚才那不是特兰克斯吗？
3020	veg	15	00002AFE	26	12	贝吉塔\n谁知道……我也不清楚。\n他竟然说第一次见我，\n气质也完全不同……简直像另一个人。
3021	veg	16	00002717	11	17	听过贝吉塔的讲述后，\n心生疑问的悟空决定\n去见特兰克斯。
3022	veg	16	00002717	12	17	面对悟空，\n特兰克斯没有表现出敌意。
3023	veg	16	00002717	13	17	这名特兰克斯\n来自另一个未来。\n他所讲述的崭新未来……
3024	veg	16	00002717	14	17	在那里，贝吉塔打倒了人造人，\n就连悟空也败在贝吉塔手下，\n最终死去。
3025	veg	16	00002717	15	17	失去敌人的贝吉塔因内心空虚，\n开始破坏整个世界。\n如同人造人一样……
3026	veg	16	00002717	21	12	悟空\n这样啊……\n那未来的贝吉塔后来怎么样了？
3027	veg	16	00002717	24	12	特兰克斯\n他发现地球上已没有敌人后，\n据说便前往了宇宙。
3028	veg	16	00002717	25	12	特兰克斯\n妈妈说，\n是她为贝吉塔制造了宇宙飞船……
3029	veg	16	00002717	28	12	悟空\n可是……\n那家伙并没有那么坏。\n
3030	veg	16	00002717	29	12	悟空\n而且，要是那种未来真的会到来，\n只要我变得比贝吉塔更强\n不就行了吗？
3031	veg	16	00002717	32	12	特兰克斯\n无论如何，我……\n都要去打倒他。
3032	veg	16	00002717	48	12	贝吉塔\n所以……你想说的只有这些吗？\n因为还没做过的事被指责，\n真让人火大……！
3033	veg	16	00002717	56	12	特兰克斯\n为了未来……请你去死！
3034	veg	16	00002717	59	14	贝吉塔\n好啊。正好没有敌人之后，\n我也觉得无聊！
3035	veg	16	00002717	81	12	悟空\n你们两个，等一下！
3036	veg	16	00002717	84	12	贝吉塔\n卡卡罗特吗！\n既然你要碍事，\n就先由你来当我的对手！
3037	veg	17	00002AFF	13	12	贝吉塔\n卡卡罗特……果然厉害。
3038	veg	17	00002AFF	16	12	悟空\n你也一样，贝吉塔。\n来吧！
3039	veg	17	00002AFF	27	12	\n两人的决斗仍在继续，\n战斗产生的能量猛烈肆虐。
3040	veg	17	00002AFF	28	12	\n布尔玛正好驾驶飞机前来观战，\n眼看就要被\n那股能量卷入……
3041	veg	17	00002AFF	33	12	布尔玛\n呀啊！
3042	veg	17	00002AFF	36	12	贝吉塔\n啧！
3043	veg	17	00002AFF	56	12	\n贝吉塔用身体挡下能量，\n救了布尔玛。
3044	veg	17	00002AFF	58	12	特兰克斯\n贝吉塔竟然救了人……！？\n而且那个人……是妈妈！？
3045	veg	18	00002718	11	17	沙鲁被贝吉塔打倒后，\n数年时光过去。
3046	veg	18	00002718	12	17	世界彻底恢复和平，\n贝吉塔也已经\n习惯了安稳的生活。
3047	veg	18	00002718	18	12	布尔玛\n贝吉塔，我要去买东西，\n能把车开过来吗？\n还有，把特兰克斯也带上！
3048	veg	18	00002718	21	12	贝吉塔\n好。\n喂，特兰克斯……走了。
3049	veg	18	00002718	26	12	特兰克斯\n好，爸爸！
3050	veg	18	00002718	36	12	特兰克斯\n爸爸爸爸。\n我想要新出的游戏，\n给我买嘛！
3051	veg	18	00002718	39	12	布尔玛\n不行！你最近\n成绩下降了吧！
3052	veg	18	00002718	42	12	贝吉塔\n成绩差一点有什么关系，\n健康成长才是最重要的。
3053	veg	18	00002718	46	12	悟空\n哦，这不是贝吉塔吗。\n最近过得怎么样？
3054	veg	18	00002718	49	12	贝吉塔\n卡卡罗特吗……\n好久不见。
3055	veg	18	00002718	52	12	悟空\n咦？贝吉塔，\n你的身体是不是有点生疏了？
3056	veg	18	00002718	55	12	贝吉塔\n你说什么……？
3057	veg	18	00002718	59	12	悟饭\n这么一说，确实感觉\n没有以前那种压迫感了……
3058	veg	18	00002718	62	12	贝吉塔\n可恶！\n既然你们这么说，那就来决斗！\n我现在依然比你们更强！
3059	veg	18	00002718	65	12	悟饭\n那就由我来当您的对手吧。\n还用不着父亲出手……
3060	veg	18	00002718	73	12	贝吉塔\n别为这句话后悔！\n跟我来！
3061	veg	19	00002B00	12	12	贝吉塔\n哈……哈……怎么样！
3062	veg	19	00002B00	15	12	悟饭\n嗯——完全没效果。\n果然还是以前更强……
3063	veg	19	00002B00	23	12	贝吉塔\n你说什么！\n只要变成超级赛亚人，你们根本……！\n哈啊啊啊啊啊！
3064	veg	19	00002B00	29	12	贝吉塔\n什……什么！\n无法变成超级赛亚人……！
3065	veg	19	00002B00	33	12	悟空\n贝吉塔……\n凭现在的你，\n是赢不了我们的。
3066	veg	19	00002B00	36	12	贝吉塔\n可恶啊啊啊啊！
3067	veg	20	00002719	10	17	贝吉塔过度习惯和平生活，\n力量也随之衰退。
3068	veg	20	00002719	11	17	为了恢复曾经的力量，贝吉塔\n断绝与外界的一切联系，\n全心投入训练。
3069	veg	20	00002719	17	12	贝吉塔\n哈啊啊啊啊啊！
3070	veg	20	00002719	22	12	贝吉塔\n喝啊啊啊啊啊！
3071	veg	20	00002719	33	12	布尔玛\n完全变回以前的样子了。\n……不过，还是这样\n更像贝吉塔。
3072	veg	20	00002719	36	12	贝吉塔\n呜哦哦哦哦哦哦！
3073	veg	20	00002719	44	12	贝吉塔\n卡卡罗特！决一胜负！
3074	veg	20	00002719	47	12	悟空\n哦！才一阵子没见，\n你的气就变得这么强了啊，贝吉塔！
3075	veg	20	00002719	50	12	贝吉塔\n你以为我是谁！\n区区一段空白期，我早已完全弥补！\n来吧！
3076	veg	20	00002719	53	12	悟空\n好！\n我也好久没有\n这么兴奋了！
3077	veg	21	00002B01	12	12	贝吉塔\n怎么样，卡卡罗特！
3078	veg	21	00002B01	15	12	悟空\n还没完呢！
3079	veg	21	00002B01	18	12	贝吉塔\n没错！就是这种感觉！\n身为赛亚人，竟然忘记了\n战斗的喜悦，真是丢脸！
3080	veg	22	00004E20	10	12	悟空\n地球上的大家！\n拜托把你们的元气分给我！\n我需要大家的帮助！
3081	veg	22	00004E20	13	12	撒旦先生\n我也拜托你们了！\n你们还不快来帮忙——！
3082	veg	22	00004E20	30	12	悟空\n……来了！\n干得不错嘛，撒旦！\n你说不定真是救世主！
3083	veg	22	00004E20	39	17	悟空释放的元气弹\n消灭了魔人布欧。
3084	veg	22	00004E20	40	17	在这场战斗中，贝吉塔明白了\n强大的真正含义，\n他的力量也变得更加精纯。
3085	veg	22	00004E20	47	12	\n获得究极技\n“伽力克烈焰”！
3086	veg	22	00004E20	48	12	\n贝吉塔（常态）的体力变为红色时，\n将气力提升至150以上，\n靠近敌人按X键＋A键！
3087	veg	23	00004E21	8	12	悟空\n你……该不会\n不知道贝吉塔\n是你的父亲吧？
3088	veg	23	00004E21	11	12	特兰克斯\n什……什么！？\n那家伙是我爸爸！？
3089	veg	23	00004E21	22	12	\n未来的布尔玛担心\n特兰克斯会因此受到伤害，\n一直没有告诉他父亲的名字。
3090	veg	23	00004E21	24	12	特兰克斯\n我要返回未来了。\n现在的爸爸……值得信任。
3091	veg	23	00004E21	27	12	悟空\n嗯，一定没问题。\n我也会继续修行！
3092	veg	23	00004E21	38	12	贝吉塔\n不过，卡卡罗特……\n总有一天，我们要分出胜负。
3093	veg	23	00004E21	44	17	就这样，\n来自另一个未来的特兰克斯\n返回了自己的时代。
3094	veg	23	00004E21	45	17	未来将会如何发展……\n无人知晓。
3095	veg	24	00004E22	11	12	特兰克斯\n爸爸！\n上次答应我的游戏呢？
3096	veg	24	00004E22	14	12	贝吉塔\n别只顾着玩，给我锻炼身体！\n你体内流着\n高傲赛亚人的血！
3097	veg	24	00004E22	15	12	贝吉塔\n跟我来！\n由我亲自训练你！
3098	veg	24	00004E22	23	12	特兰克斯\n欸……欸——！？\n妈妈！救命！\n爸爸要杀了我～……
3099	veg	24	00004E22	36	12	\n获得特殊能力\n“劲敌意识”！
3100	veg	24	00004E22	37	12	\n使用贝吉塔时，\n若己方队伍中存在DP高于自己的角色，\n按下L键！
